#
# A fatal error has been detected by the Java Runtime Environment:
#
#  SIGSEGV (0xb) at pc=0x00000000430adf71, pid=32468, tid=32469
#
# JRE version: OpenJDK Runtime Environment Temurin-25+36 (25.0+36) (build 25+36-LTS)
# Java VM: OpenJDK 64-Bit Server VM Temurin-25+36 (25+36-LTS, mixed mode, sharing, tiered, compressed oops, compressed class ptrs, g1 gc, linux-amd64)
# Problematic frame:
# C  0x00000000430adf71
#
# Core dump will be written. Default location: Core dumps may be processed with "/usr/lib/systemd/systemd-coredump %P %u %g %s %t %c %h %d %F" (or dumping to /home/seal/Projects/NanoCraft/core.32468)
#
# If you would like to submit a bug report, please visit:
#   https://github.com/adoptium/adoptium-support/issues
# The crash happened outside the Java Virtual Machine in native code.
# See problematic frame for where to report the bug.
#

---------------  S U M M A R Y ------------

Command Line: -Dorg.lwjgl.glfw.libname=glfw build/libs/NanoCraft-snap.jar

Host: Intel(R) Core(TM) i9-9820X CPU @ 3.30GHz, 20 cores, 125G, Fedora release 44 (Forty Four)
Time: Wed Sep  2 08:08:37 2026 PDT elapsed time: 0.323619 seconds (0d 0h 0m 0s)

---------------  T H R E A D  ---------------

Current thread (0x00007fa60002b950):  JavaThread "main"             [_thread_in_native, id=32469, stack(0x00007fa607de9000,0x00007fa607ee9000) (1024K)]

Stack: [0x00007fa607de9000,0x00007fa607ee9000],  sp=0x00007fa607ee6ec8,  free space=1015k
Native frames: (J=compiled Java code, j=interpreted, Vv=VM code, C=native code)
C  0x00000000430adf71
Java frames: (J=compiled Java code, j=interpreted, Vv=VM code)
j  org.lwjgl.opengl.GL12C.nglTexSubImage3D(IIIIIIIIIIJ)V+0
j  org.lwjgl.opengl.GL12C.glTexSubImage3D(IIIIIIIIIILjava/nio/ByteBuffer;)V+21
j  org.lwjgl.opengl.GL12.glTexSubImage3D(IIIIIIIIIILjava/nio/ByteBuffer;)V+18
j  org.sutormin.nanocraft.Texture.createTexture()V+124
j  org.sutormin.nanocraft.Texture.<init>(Ljava/lang/String;)V+12
j  org.sutormin.nanocraft.NanoCraft.init()V+201
j  org.sutormin.nanocraft.NanoCraft.run()V+1
j  org.sutormin.nanocraft.Main.main()V+7
v  ~StubRoutines::call_stub 0x00007fa5ef85ffa6

siginfo: si_signo: 11 (SIGSEGV), si_code: 2 (SEGV_ACCERR), si_addr: 0x00007fa600a8c001

Registers:
RAX=0x00007fa55bf81c00, RBX=0x0000000000000000, RCX=0x0000000000000003, RDX=0x0000000000000000
RSP=0x00007fa607ee6ec8, RBP=0x000000000000034b, RSI=0x00007fa600a8bfff, RDI=0x00007fa5438152f4
R8 =0x0000000000000400, R9 =0x00007fa600a654c0, R10=0x00007fa600a8bde0, R11=0x00007fa543815020
R12=0x0000000043000000, R13=0x00007fa55a4f3eb0, R14=0x0000000000000000, R15=0x0000000000000017
RIP=0x00000000430adf71, EFLAGS=0x0000000000010206, CSGSFS=0x002b000000000033, ERR=0x0000000000000004
  TRAPNO=0x000000000000000e

XMM[0]=0x0000000000000000 0x0000000000000000
XMM[1]=0x000030840fed85e8 0x8b41fb8b49f28b49
XMM[2]=0xf7d9f74800000005 0x8f0f00000003b900
XMM[3]=0xf10348da0b16b70f 0x10e3c1025eb60fdd
XMM[4]=0xc35d5b5e5fe075fc 0x5f89cdff00ffffff
XMM[5]=0xe38104c78348f103 0x48da0b16b70f10e3
XMM[6]=0xc1025eb60fddf7d9 0xf748000000058f0f
XMM[7]=0x00000003b9000000 0x30840fed85e88b41
XMM[8]=0x0000000000000000 0x0000000000000000
XMM[9]=0x0000000000000001 0x0000000000000001
XMM[10]=0x0000000000000002 0x0000000000000002
XMM[11]=0xffffffffffffffff 0xffffffffffffffff
XMM[12]=0x0000000000000001 0x0000000000000001
XMM[13]=0x0000000000000000 0x00ff003000300030
XMM[14]=0x0000000000000000 0x3ff0000000000000
XMM[15]=0x0000000000000000 0x404bbdbdbdbdbdbe
  MXCSR=0x00001fa2


Register to memory mapping:

RAX=0x00007fa55bf81c00: <offset 0x0000000002181c00> in /lib64/libnvidia-eglcore.so.580.173.02 at 0x00007fa559e00000
RBX=0x0 is null
RCX=0x0000000000000003 is an unknown value
RDX=0x0 is null
RSP=0x00007fa607ee6ec8 is pointing into the stack for thread: 0x00007fa60002b950
RBP=0x000000000000034b is an unknown value
RSI=0x00007fa600a8bfff points into unknown readable memory: 00
RDI=0x00007fa5438152f4 points into unknown readable memory: 00 00 00 00
R8 =0x0000000000000400 is an unknown value
R9 =0x00007fa600a654c0 points into unknown readable memory: 0x0010080000000003 | 03 00 00 00 00 08 10 00
R10=0x00007fa600a8bde0 points into unknown readable memory: 0x0000000000000000 | 00 00 00 00 00 00 00 00
R11=0x00007fa543815020 points into unknown readable memory: 0x0000000000000000 | 00 00 00 00 00 00 00 00
R12=0x0000000043000000 points into unknown readable memory: 0x00007fa6005f3fc0 | c0 3f 5f 00 a6 7f 00 00
R13=0x00007fa55a4f3eb0: <offset 0x00000000006f3eb0> in /lib64/libnvidia-eglcore.so.580.173.02 at 0x00007fa559e00000
R14=0x0 is null
R15=0x0000000000000017 is an unknown value

Top of Stack: (sp=0x00007fa607ee6ec8)
0x00007fa607ee6ec8:   00007fa600a8bde0 00007fa543815020   ........ P.C....
0x00007fa607ee6ed8:   00007fa607ee7070 0000000000000400   pp..............
0x00007fa607ee6ee8:   00007fa55a4f47fd ffffffff00000003   .GOZ............
0x00007fa607ee6ef8:   0000000100000400 00007fa607ee7070   ........pp......
0x00007fa607ee6f08:   00007fa607ee7070 00007fa600a608f0   pp..............
0x00007fa607ee6f18:   0000000043000000 00007fa55a4f47a0   ...C.....GOZ....
0x00007fa607ee6f28:   00007fa600a60390 0000000000000000   ................
0x00007fa607ee6f38:   00007fa55a4fe9af 0000000400000001   ..OZ............
0x00007fa607ee6f48:   0000000000000400 0000000500004f4f   ........OO......
0x00007fa607ee6f58:   0000000000000000 0000000000000000   ................
0x00007fa607ee6f68:   0000000000000000 00007fa600a60390   ................
0x00007fa607ee6f78:   00007fa600a608f0 00007fa600a60390   ................
0x00007fa607ee6f88:   0000000043000000 00007fa607ee7070   ...C....pp......
0x00007fa607ee6f98:   0000000000000019 0000000000000000   ................
0x00007fa607ee6fa8:   00007fa55a6033ea 0000000000000000   .3`Z............
0x00007fa607ee6fb8:   0000040000000400 00007fa600000400   ................
0x00007fa607ee6fc8:   0000040000000001 0000000000000000   ................
0x00007fa607ee6fd8:   0000000000000000 00007fa55bf80e20   ........ ..[....
0x00007fa607ee6fe8:   00007fa55bf7a200 0000000100000000   ...[............
0x00007fa607ee6ff8:   000000a600000001 00007fa600244c08   .........L$.....
0x00007fa607ee7008:   0000000003058210 ffffffff00000004   ................
0x00007fa607ee7018:   ffffffffffffffff 0b007f0000000038   ........8.......
0x00007fa607ee7028:   00007fa60960a558 0000000000000000   X.`.............
0x00007fa607ee7038:   00007fa60002d4f8 00007fa5ef869437   ........7.......
0x00007fa607ee7048:   00007fa607ee7100 00007fa607ee71e0   .q.......q......
0x00007fa607ee7058:   00007fa607ee70c0 00007fa607ee7080   .p.......p......
0x00007fa607ee7068:   00007fa608543297 00007fa607ee0819   .2T.............
0x00007fa607ee7078:   00007fa600a7b5e0 00007fa600a8bde0   ................
0x00007fa607ee7088:   0000000000000000 00007fa5985da518   ..........].....
0x00007fa607ee7098:   0000000000000000 0000000300000c00   ................
0x00007fa607ee70a8:   0000000300000003 0000000000000001   ................
0x00007fa607ee70b8:   0000000000000000 00007fa60960a2f0   ..........`.....

Instructions: (pc=0x00000000430adf71)
  0x00000000430ade71:   00 00 00 00 00 00 00 00 00 00 00 00 00 00 00 00
  0x00000000430ade81:   00 00 00 00 00 00 00 00 00 00 00 00 00 00 00 00
  0x00000000430ade91:   00 00 00 00 00 00 00 00 00 00 00 00 00 00 00 00
  0x00000000430adea1:   00 00 00 00 00 00 00 00 00 00 00 00 00 00 00 00
  0x00000000430adeb1:   00 00 00 00 00 00 00 00 00 00 00 00 00 00 00 00
  0x00000000430adec1:   00 00 00 00 00 00 00 00 00 00 00 00 00 00 00 00
  0x00000000430aded1:   00 00 00 00 00 00 00 00 00 00 00 00 00 00 00 00
  0x00000000430adee1:   00 00 00 00 00 00 00 00 00 00 00 00 00 00 00 00
  0x00000000430adef1:   00 00 00 00 00 00 00 00 00 00 00 00 00 00 00 00
  0x00000000430adf01:   00 00 00 00 00 00 00 00 00 00 00 00 00 00 00 00
  0x00000000430adf11:   00 00 00 00 00 00 00 00 00 00 00 00 00 00 00 00
  0x00000000430adf21:   00 00 00 00 00 00 00 00 00 00 00 00 00 00 00 00
  0x00000000430adf31:   00 00 00 00 00 00 00 80 ff ff ff 00 1f 00 00 55
  0x00000000430adf41:   48 8b ec 53 56 57 4c 8b c2 4c 8b de 4c 8b d7 49
  0x00000000430adf51:   8b f2 49 8b fb 41 8b e8 85 ed 0f 84 30 00 00 00
  0x00000000430adf61:   b9 03 00 00 00 0f 8f 05 00 00 00 48 f7 d9 f7 dd
=>0x00000000430adf71:   0f b6 5e 02 c1 e3 10 0f b7 16 0b da 48 03 f1 48
  0x00000000430adf81:   83 c7 04 81 e3 ff ff ff 00 ff cd 89 5f fc 75 e0
  0x00000000430adf91:   5f 5e 5b 5d c3 00 00 00 00 00 00 00 00 00 00 00
  0x00000000430adfa1:   00 00 00 00 00 00 00 00 00 00 00 00 00 00 00 00
  0x00000000430adfb1:   00 00 00 00 00 00 00 c0 ff ff ff 80 00 00 00 48
  0x00000000430adfc1:   b8 c8 7c 09 43 00 00 00 00 48 8b 00 49 ba 10 c3
  0x00000000430adfd1:   04 43 00 00 00 00 48 83 ec 28 48 83 c4 28 c3 00
  0x00000000430adfe1:   00 00 00 00 00 00 00 00 00 00 00 00 00 00 00 00
  0x00000000430adff1:   00 00 00 00 00 00 00 00 00 00 00 40 00 00 00 ??
  0x00000000430ae001:   ?? ?? ?? ?? ?? ?? ?? ?? ?? ?? ?? ?? ?? ?? ?? ??
  0x00000000430ae011:   ?? ?? ?? ?? ?? ?? ?? ?? ?? ?? ?? ?? ?? ?? ?? ??
  0x00000000430ae021:   ?? ?? ?? ?? ?? ?? ?? ?? ?? ?? ?? ?? ?? ?? ?? ??
  0x00000000430ae031:   ?? ?? ?? ?? ?? ?? ?? ?? ?? ?? ?? ?? ?? ?? ?? ??
  0x00000000430ae041:   ?? ?? ?? ?? ?? ?? ?? ?? ?? ?? ?? ?? ?? ?? ?? ??
  0x00000000430ae051:   ?? ?? ?? ?? ?? ?? ?? ?? ?? ?? ?? ?? ?? ?? ?? ??
  0x00000000430ae061:   ?? ?? ?? ?? ?? ?? ?? ?? ?? ?? ?? ?? ?? ?? ?? ??


Stack slot to memory mapping:

stack at sp + 0 slots: 0x00007fa600a8bde0 points into unknown readable memory: 0x0000000000000000 | 00 00 00 00 00 00 00 00
stack at sp + 1 slots: 0x00007fa543815020 points into unknown readable memory: 0x0000000000000000 | 00 00 00 00 00 00 00 00
stack at sp + 2 slots: 0x00007fa607ee7070 is pointing into the stack for thread: 0x00007fa60002b950
stack at sp + 3 slots: 0x0000000000000400 is an unknown value
stack at sp + 4 slots: 0x00007fa55a4f47fd: <offset 0x00000000006f47fd> in /lib64/libnvidia-eglcore.so.580.173.02 at 0x00007fa559e00000
stack at sp + 5 slots: 0xffffffff00000003 is an unknown value
stack at sp + 6 slots: 0x0000000100000400 is an unallocated location in the heap
stack at sp + 7 slots: 0x00007fa607ee7070 is pointing into the stack for thread: 0x00007fa60002b950

Lock stack of current Java thread (top to bottom):


---------------  P R O C E S S  ---------------

Threads class SMR info:
_java_thread_list=0x00007fa55c01c3b0, length=13, elements={
0x00007fa60002b950, 0x00007fa60011a030, 0x00007fa60011b070, 0x00007fa60011c480,
0x00007fa60011dda0, 0x00007fa60011f620, 0x00007fa6001214a0, 0x00007fa600122e90,
0x00007fa60012f940, 0x00007fa6001320d0, 0x00007fa578034840, 0x00007fa578037bc0,
0x00007fa578232820
}

Java Threads: ( => current thread )
=>0x00007fa60002b950 JavaThread "main"                              [_thread_in_native, id=32469, stack(0x00007fa607de9000,0x00007fa607ee9000) (1024K)]
  0x00007fa60011a030 JavaThread "Reference Handler"          daemon [_thread_blocked, id=32481, stack(0x00007fa5c1d91000,0x00007fa5c1e92000) (1028K)]
  0x00007fa60011b070 JavaThread "Finalizer"                  daemon [_thread_blocked, id=32482, stack(0x00007fa5c1f93000,0x00007fa5c2094000) (1028K)]
  0x00007fa60011c480 JavaThread "Signal Dispatcher"          daemon [_thread_blocked, id=32483, stack(0x00007fa5c1c91000,0x00007fa5c1d91000) (1024K)]
  0x00007fa60011dda0 JavaThread "Service Thread"             daemon [_thread_blocked, id=32484, stack(0x00007fa5c1b91000,0x00007fa5c1c91000) (1024K)]
  0x00007fa60011f620 JavaThread "Monitor Deflation Thread"   daemon [_thread_blocked, id=32485, stack(0x00007fa5c1a91000,0x00007fa5c1b91000) (1024K)]
  0x00007fa6001214a0 JavaThread "C2 CompilerThread0"         daemon [_thread_blocked, id=32486, stack(0x00007fa5c1991000,0x00007fa5c1a91000) (1024K)]
  0x00007fa600122e90 JavaThread "C1 CompilerThread0"         daemon [_thread_blocked, id=32487, stack(0x00007fa5c1891000,0x00007fa5c1991000) (1024K)]
  0x00007fa60012f940 JavaThread "Notification Thread"        daemon [_thread_blocked, id=32488, stack(0x00007fa5c1791000,0x00007fa5c1891000) (1024K)]
  0x00007fa6001320d0 JavaThread "Common-Cleaner"             daemon [_thread_blocked, id=32489, stack(0x00007fa5c1691000,0x00007fa5c1791000) (1024K)]
  0x00007fa578034840 JavaThread "C1 CompilerThread1"         daemon [_thread_blocked, id=32490, stack(0x00007fa5c1591000,0x00007fa5c1691000) (1024K)]
  0x00007fa578037bc0 JavaThread "C1 CompilerThread2"         daemon [_thread_blocked, id=32491, stack(0x00007fa5c1491000,0x00007fa5c1591000) (1024K)]
  0x00007fa578232820 JavaThread "C1 CompilerThread3"         daemon [_thread_blocked, id=32493, stack(0x00007fa5c1291000,0x00007fa5c1391000) (1024K)]
Total: 13

Other Threads:
  0x00007fa6001104a0 VMThread "VM Thread"                           [id=32480, stack(0x00007fa5c1e93000,0x00007fa5c1f93000) (1024K)]
  0x00007fa6000ffc60 WatcherThread "VM Periodic Task Thread"        [id=32479, stack(0x00007fa5c2095000,0x00007fa5c2195000) (1024K)]
  0x00007fa60005bd40 WorkerThread "GC Thread#0"                     [id=32470, stack(0x00007fa6069ac000,0x00007fa606aac000) (1024K)]
  0x00007fa600073db0 ConcurrentGCThread "G1 Main Marker"            [id=32471, stack(0x00007fa6068ab000,0x00007fa6069ab000) (1024K)]
  0x00007fa600074fb0 WorkerThread "G1 Conc#0"                       [id=32472, stack(0x00007fa6067aa000,0x00007fa6068aa000) (1024K)]
  0x00007fa6000e81d0 ConcurrentGCThread "G1 Refine#0"               [id=32473, stack(0x00007fa5c2297000,0x00007fa5c2397000) (1024K)]
  0x00007fa6000e93c0 ConcurrentGCThread "G1 Service"                [id=32474, stack(0x00007fa5c2196000,0x00007fa5c2296000) (1024K)]
Total: 7

Threads with active compile tasks:
Total: 0

VM state: not at safepoint (normal execution)

VM Mutex/Monitor currently owned by a thread: None

Heap address: 0x0000000082000000, size: 30688 MB, Compressed Oops mode: Zero based, Oop shift amount: 3

CDS archive(s) mapped at: [0x0000000002000000-0x0000000002d8c000-0x0000000002d8c000), size 14204928, SharedBaseAddress: 0x0000000002000000, ArchiveRelocationMode: 1.
Compressed class space mapped at: 0x0000000003000000-0x0000000043000000, reserved size: 1073741824
UseCompressedClassPointers 1, UseCompactObjectHeaders 0
Narrow klass pointer bits 32, Max shift 3
Narrow klass base: 0x0000000002000000, Narrow klass shift: 0
Encoding Range: [0x0000000002000000 - 0x0000000102000000), (4294967296 bytes)
Klass Range:    [0x0000000002001000 - 0x0000000043000000), (1090514944 bytes)
Klass ID Range:  [4096 - 1090519033) (1090514937)
Protection zone: [0x0000000002000000 - 0x0000000002001000), (4096 bytes)

GC Precious Log:
 CardTable entry size: 512
 Card Set container configuration: InlinePtr #cards 3 size 8 Array Of Cards #cards 128 size 272 Howl #buckets 8 coarsen threshold 29491 Howl Bitmap #cards 4096 size 528 coarsen threshold 3686 Card regions per heap region 1 cards per card region 32768
 CPUs: 20 total, 20 available
 Memory: 125G
 Large Page Support: Disabled
 NUMA Support: Disabled
 Compressed Oops: Enabled (Zero based)
 Heap Region Size: 16M
 Heap Min Capacity: 16M
 Heap Initial Capacity: 2016M
 Heap Max Capacity: 30688M
 Pre-touch: Disabled
 Parallel Workers: 15
 Concurrent Workers: 4
 Concurrent Refinement Workers: 15
 Periodic GC: Disabled

Heap:
 garbage-first heap   total reserved 31424512K, committed 2080768K, used 1155K [0x0000000082000000, 0x0000000800000000)
  region size 16384K, 1 young (16384K), 0 survivors (0K)

Heap Regions: E=young(eden), S=young(survivor), O=old, HS=humongous(starts), HC=humongous(continues), CS=collection set, F=free, TAMS=top-at-mark-start, PB=parsable bottom
|   0|0x0000000082000000, 0x0000000082000000, 0x0000000083000000|  0%| F|  |TAMS 0x0000000082000000| PB 0x0000000082000000| Untracked |  0
|   1|0x0000000083000000, 0x0000000083000000, 0x0000000084000000|  0%| F|  |TAMS 0x0000000083000000| PB 0x0000000083000000| Untracked |  0
|   2|0x0000000084000000, 0x0000000084000000, 0x0000000085000000|  0%| F|  |TAMS 0x0000000084000000| PB 0x0000000084000000| Untracked |  0
|   3|0x0000000085000000, 0x0000000085000000, 0x0000000086000000|  0%| F|  |TAMS 0x0000000085000000| PB 0x0000000085000000| Untracked |  0
|   4|0x0000000086000000, 0x0000000086000000, 0x0000000087000000|  0%| F|  |TAMS 0x0000000086000000| PB 0x0000000086000000| Untracked |  0
|   5|0x0000000087000000, 0x0000000087000000, 0x0000000088000000|  0%| F|  |TAMS 0x0000000087000000| PB 0x0000000087000000| Untracked |  0
|   6|0x0000000088000000, 0x0000000088000000, 0x0000000089000000|  0%| F|  |TAMS 0x0000000088000000| PB 0x0000000088000000| Untracked |  0
|   7|0x0000000089000000, 0x0000000089000000, 0x000000008a000000|  0%| F|  |TAMS 0x0000000089000000| PB 0x0000000089000000| Untracked |  0
|   8|0x000000008a000000, 0x000000008a000000, 0x000000008b000000|  0%| F|  |TAMS 0x000000008a000000| PB 0x000000008a000000| Untracked |  0
|   9|0x000000008b000000, 0x000000008b000000, 0x000000008c000000|  0%| F|  |TAMS 0x000000008b000000| PB 0x000000008b000000| Untracked |  0
|  10|0x000000008c000000, 0x000000008c000000, 0x000000008d000000|  0%| F|  |TAMS 0x000000008c000000| PB 0x000000008c000000| Untracked |  0
|  11|0x000000008d000000, 0x000000008d000000, 0x000000008e000000|  0%| F|  |TAMS 0x000000008d000000| PB 0x000000008d000000| Untracked |  0
|  12|0x000000008e000000, 0x000000008e000000, 0x000000008f000000|  0%| F|  |TAMS 0x000000008e000000| PB 0x000000008e000000| Untracked |  0
|  13|0x000000008f000000, 0x000000008f000000, 0x0000000090000000|  0%| F|  |TAMS 0x000000008f000000| PB 0x000000008f000000| Untracked |  0
|  14|0x0000000090000000, 0x0000000090000000, 0x0000000091000000|  0%| F|  |TAMS 0x0000000090000000| PB 0x0000000090000000| Untracked |  0
|  15|0x0000000091000000, 0x0000000091000000, 0x0000000092000000|  0%| F|  |TAMS 0x0000000091000000| PB 0x0000000091000000| Untracked |  0
|  16|0x0000000092000000, 0x0000000092000000, 0x0000000093000000|  0%| F|  |TAMS 0x0000000092000000| PB 0x0000000092000000| Untracked |  0
|  17|0x0000000093000000, 0x0000000093000000, 0x0000000094000000|  0%| F|  |TAMS 0x0000000093000000| PB 0x0000000093000000| Untracked |  0
|  18|0x0000000094000000, 0x0000000094000000, 0x0000000095000000|  0%| F|  |TAMS 0x0000000094000000| PB 0x0000000094000000| Untracked |  0
|  19|0x0000000095000000, 0x0000000095000000, 0x0000000096000000|  0%| F|  |TAMS 0x0000000095000000| PB 0x0000000095000000| Untracked |  0
|  20|0x0000000096000000, 0x0000000096000000, 0x0000000097000000|  0%| F|  |TAMS 0x0000000096000000| PB 0x0000000096000000| Untracked |  0
|  21|0x0000000097000000, 0x0000000097000000, 0x0000000098000000|  0%| F|  |TAMS 0x0000000097000000| PB 0x0000000097000000| Untracked |  0
|  22|0x0000000098000000, 0x0000000098000000, 0x0000000099000000|  0%| F|  |TAMS 0x0000000098000000| PB 0x0000000098000000| Untracked |  0
|  23|0x0000000099000000, 0x0000000099000000, 0x000000009a000000|  0%| F|  |TAMS 0x0000000099000000| PB 0x0000000099000000| Untracked |  0
|  24|0x000000009a000000, 0x000000009a000000, 0x000000009b000000|  0%| F|  |TAMS 0x000000009a000000| PB 0x000000009a000000| Untracked |  0
|  25|0x000000009b000000, 0x000000009b000000, 0x000000009c000000|  0%| F|  |TAMS 0x000000009b000000| PB 0x000000009b000000| Untracked |  0
|  26|0x000000009c000000, 0x000000009c000000, 0x000000009d000000|  0%| F|  |TAMS 0x000000009c000000| PB 0x000000009c000000| Untracked |  0
|  27|0x000000009d000000, 0x000000009d000000, 0x000000009e000000|  0%| F|  |TAMS 0x000000009d000000| PB 0x000000009d000000| Untracked |  0
|  28|0x000000009e000000, 0x000000009e000000, 0x000000009f000000|  0%| F|  |TAMS 0x000000009e000000| PB 0x000000009e000000| Untracked |  0
|  29|0x000000009f000000, 0x000000009f000000, 0x00000000a0000000|  0%| F|  |TAMS 0x000000009f000000| PB 0x000000009f000000| Untracked |  0
|  30|0x00000000a0000000, 0x00000000a0000000, 0x00000000a1000000|  0%| F|  |TAMS 0x00000000a0000000| PB 0x00000000a0000000| Untracked |  0
|  31|0x00000000a1000000, 0x00000000a1000000, 0x00000000a2000000|  0%| F|  |TAMS 0x00000000a1000000| PB 0x00000000a1000000| Untracked |  0
|  32|0x00000000a2000000, 0x00000000a2000000, 0x00000000a3000000|  0%| F|  |TAMS 0x00000000a2000000| PB 0x00000000a2000000| Untracked |  0
|  33|0x00000000a3000000, 0x00000000a3000000, 0x00000000a4000000|  0%| F|  |TAMS 0x00000000a3000000| PB 0x00000000a3000000| Untracked |  0
|  34|0x00000000a4000000, 0x00000000a4000000, 0x00000000a5000000|  0%| F|  |TAMS 0x00000000a4000000| PB 0x00000000a4000000| Untracked |  0
|  35|0x00000000a5000000, 0x00000000a5000000, 0x00000000a6000000|  0%| F|  |TAMS 0x00000000a5000000| PB 0x00000000a5000000| Untracked |  0
|  36|0x00000000a6000000, 0x00000000a6000000, 0x00000000a7000000|  0%| F|  |TAMS 0x00000000a6000000| PB 0x00000000a6000000| Untracked |  0
|  37|0x00000000a7000000, 0x00000000a7000000, 0x00000000a8000000|  0%| F|  |TAMS 0x00000000a7000000| PB 0x00000000a7000000| Untracked |  0
|  38|0x00000000a8000000, 0x00000000a8000000, 0x00000000a9000000|  0%| F|  |TAMS 0x00000000a8000000| PB 0x00000000a8000000| Untracked |  0
|  39|0x00000000a9000000, 0x00000000a9000000, 0x00000000aa000000|  0%| F|  |TAMS 0x00000000a9000000| PB 0x00000000a9000000| Untracked |  0
|  40|0x00000000aa000000, 0x00000000aa000000, 0x00000000ab000000|  0%| F|  |TAMS 0x00000000aa000000| PB 0x00000000aa000000| Untracked |  0
|  41|0x00000000ab000000, 0x00000000ab000000, 0x00000000ac000000|  0%| F|  |TAMS 0x00000000ab000000| PB 0x00000000ab000000| Untracked |  0
|  42|0x00000000ac000000, 0x00000000ac000000, 0x00000000ad000000|  0%| F|  |TAMS 0x00000000ac000000| PB 0x00000000ac000000| Untracked |  0
|  43|0x00000000ad000000, 0x00000000ad000000, 0x00000000ae000000|  0%| F|  |TAMS 0x00000000ad000000| PB 0x00000000ad000000| Untracked |  0
|  44|0x00000000ae000000, 0x00000000ae000000, 0x00000000af000000|  0%| F|  |TAMS 0x00000000ae000000| PB 0x00000000ae000000| Untracked |  0
|  45|0x00000000af000000, 0x00000000af000000, 0x00000000b0000000|  0%| F|  |TAMS 0x00000000af000000| PB 0x00000000af000000| Untracked |  0
|  46|0x00000000b0000000, 0x00000000b0000000, 0x00000000b1000000|  0%| F|  |TAMS 0x00000000b0000000| PB 0x00000000b0000000| Untracked |  0
|  47|0x00000000b1000000, 0x00000000b1000000, 0x00000000b2000000|  0%| F|  |TAMS 0x00000000b1000000| PB 0x00000000b1000000| Untracked |  0
|  48|0x00000000b2000000, 0x00000000b2000000, 0x00000000b3000000|  0%| F|  |TAMS 0x00000000b2000000| PB 0x00000000b2000000| Untracked |  0
|  49|0x00000000b3000000, 0x00000000b3000000, 0x00000000b4000000|  0%| F|  |TAMS 0x00000000b3000000| PB 0x00000000b3000000| Untracked |  0
|  50|0x00000000b4000000, 0x00000000b4000000, 0x00000000b5000000|  0%| F|  |TAMS 0x00000000b4000000| PB 0x00000000b4000000| Untracked |  0
|  51|0x00000000b5000000, 0x00000000b5000000, 0x00000000b6000000|  0%| F|  |TAMS 0x00000000b5000000| PB 0x00000000b5000000| Untracked |  0
|  52|0x00000000b6000000, 0x00000000b6000000, 0x00000000b7000000|  0%| F|  |TAMS 0x00000000b6000000| PB 0x00000000b6000000| Untracked |  0
|  53|0x00000000b7000000, 0x00000000b7000000, 0x00000000b8000000|  0%| F|  |TAMS 0x00000000b7000000| PB 0x00000000b7000000| Untracked |  0
|  54|0x00000000b8000000, 0x00000000b8000000, 0x00000000b9000000|  0%| F|  |TAMS 0x00000000b8000000| PB 0x00000000b8000000| Untracked |  0
|  55|0x00000000b9000000, 0x00000000b9000000, 0x00000000ba000000|  0%| F|  |TAMS 0x00000000b9000000| PB 0x00000000b9000000| Untracked |  0
|  56|0x00000000ba000000, 0x00000000ba000000, 0x00000000bb000000|  0%| F|  |TAMS 0x00000000ba000000| PB 0x00000000ba000000| Untracked |  0
|  57|0x00000000bb000000, 0x00000000bb000000, 0x00000000bc000000|  0%| F|  |TAMS 0x00000000bb000000| PB 0x00000000bb000000| Untracked |  0
|  58|0x00000000bc000000, 0x00000000bc000000, 0x00000000bd000000|  0%| F|  |TAMS 0x00000000bc000000| PB 0x00000000bc000000| Untracked |  0
|  59|0x00000000bd000000, 0x00000000bd000000, 0x00000000be000000|  0%| F|  |TAMS 0x00000000bd000000| PB 0x00000000bd000000| Untracked |  0
|  60|0x00000000be000000, 0x00000000be000000, 0x00000000bf000000|  0%| F|  |TAMS 0x00000000be000000| PB 0x00000000be000000| Untracked |  0
|  61|0x00000000bf000000, 0x00000000bf000000, 0x00000000c0000000|  0%| F|  |TAMS 0x00000000bf000000| PB 0x00000000bf000000| Untracked |  0
|  62|0x00000000c0000000, 0x00000000c0000000, 0x00000000c1000000|  0%| F|  |TAMS 0x00000000c0000000| PB 0x00000000c0000000| Untracked |  0
|  63|0x00000000c1000000, 0x00000000c1000000, 0x00000000c2000000|  0%| F|  |TAMS 0x00000000c1000000| PB 0x00000000c1000000| Untracked |  0
|  64|0x00000000c2000000, 0x00000000c2000000, 0x00000000c3000000|  0%| F|  |TAMS 0x00000000c2000000| PB 0x00000000c2000000| Untracked |  0
|  65|0x00000000c3000000, 0x00000000c3000000, 0x00000000c4000000|  0%| F|  |TAMS 0x00000000c3000000| PB 0x00000000c3000000| Untracked |  0
|  66|0x00000000c4000000, 0x00000000c4000000, 0x00000000c5000000|  0%| F|  |TAMS 0x00000000c4000000| PB 0x00000000c4000000| Untracked |  0
|  67|0x00000000c5000000, 0x00000000c5000000, 0x00000000c6000000|  0%| F|  |TAMS 0x00000000c5000000| PB 0x00000000c5000000| Untracked |  0
|  68|0x00000000c6000000, 0x00000000c6000000, 0x00000000c7000000|  0%| F|  |TAMS 0x00000000c6000000| PB 0x00000000c6000000| Untracked |  0
|  69|0x00000000c7000000, 0x00000000c7000000, 0x00000000c8000000|  0%| F|  |TAMS 0x00000000c7000000| PB 0x00000000c7000000| Untracked |  0
|  70|0x00000000c8000000, 0x00000000c8000000, 0x00000000c9000000|  0%| F|  |TAMS 0x00000000c8000000| PB 0x00000000c8000000| Untracked |  0
|  71|0x00000000c9000000, 0x00000000c9000000, 0x00000000ca000000|  0%| F|  |TAMS 0x00000000c9000000| PB 0x00000000c9000000| Untracked |  0
|  72|0x00000000ca000000, 0x00000000ca000000, 0x00000000cb000000|  0%| F|  |TAMS 0x00000000ca000000| PB 0x00000000ca000000| Untracked |  0
|  73|0x00000000cb000000, 0x00000000cb000000, 0x00000000cc000000|  0%| F|  |TAMS 0x00000000cb000000| PB 0x00000000cb000000| Untracked |  0
|  74|0x00000000cc000000, 0x00000000cc000000, 0x00000000cd000000|  0%| F|  |TAMS 0x00000000cc000000| PB 0x00000000cc000000| Untracked |  0
|  75|0x00000000cd000000, 0x00000000cd000000, 0x00000000ce000000|  0%| F|  |TAMS 0x00000000cd000000| PB 0x00000000cd000000| Untracked |  0
|  76|0x00000000ce000000, 0x00000000ce000000, 0x00000000cf000000|  0%| F|  |TAMS 0x00000000ce000000| PB 0x00000000ce000000| Untracked |  0
|  77|0x00000000cf000000, 0x00000000cf000000, 0x00000000d0000000|  0%| F|  |TAMS 0x00000000cf000000| PB 0x00000000cf000000| Untracked |  0
|  78|0x00000000d0000000, 0x00000000d0000000, 0x00000000d1000000|  0%| F|  |TAMS 0x00000000d0000000| PB 0x00000000d0000000| Untracked |  0
|  79|0x00000000d1000000, 0x00000000d1000000, 0x00000000d2000000|  0%| F|  |TAMS 0x00000000d1000000| PB 0x00000000d1000000| Untracked |  0
|  80|0x00000000d2000000, 0x00000000d2000000, 0x00000000d3000000|  0%| F|  |TAMS 0x00000000d2000000| PB 0x00000000d2000000| Untracked |  0
|  81|0x00000000d3000000, 0x00000000d3000000, 0x00000000d4000000|  0%| F|  |TAMS 0x00000000d3000000| PB 0x00000000d3000000| Untracked |  0
|  82|0x00000000d4000000, 0x00000000d4000000, 0x00000000d5000000|  0%| F|  |TAMS 0x00000000d4000000| PB 0x00000000d4000000| Untracked |  0
|  83|0x00000000d5000000, 0x00000000d5000000, 0x00000000d6000000|  0%| F|  |TAMS 0x00000000d5000000| PB 0x00000000d5000000| Untracked |  0
|  84|0x00000000d6000000, 0x00000000d6000000, 0x00000000d7000000|  0%| F|  |TAMS 0x00000000d6000000| PB 0x00000000d6000000| Untracked |  0
|  85|0x00000000d7000000, 0x00000000d7000000, 0x00000000d8000000|  0%| F|  |TAMS 0x00000000d7000000| PB 0x00000000d7000000| Untracked |  0
|  86|0x00000000d8000000, 0x00000000d8000000, 0x00000000d9000000|  0%| F|  |TAMS 0x00000000d8000000| PB 0x00000000d8000000| Untracked |  0
|  87|0x00000000d9000000, 0x00000000d9000000, 0x00000000da000000|  0%| F|  |TAMS 0x00000000d9000000| PB 0x00000000d9000000| Untracked |  0
|  88|0x00000000da000000, 0x00000000da000000, 0x00000000db000000|  0%| F|  |TAMS 0x00000000da000000| PB 0x00000000da000000| Untracked |  0
|  89|0x00000000db000000, 0x00000000db000000, 0x00000000dc000000|  0%| F|  |TAMS 0x00000000db000000| PB 0x00000000db000000| Untracked |  0
|  90|0x00000000dc000000, 0x00000000dc000000, 0x00000000dd000000|  0%| F|  |TAMS 0x00000000dc000000| PB 0x00000000dc000000| Untracked |  0
|  91|0x00000000dd000000, 0x00000000dd000000, 0x00000000de000000|  0%| F|  |TAMS 0x00000000dd000000| PB 0x00000000dd000000| Untracked |  0
|  92|0x00000000de000000, 0x00000000de000000, 0x00000000df000000|  0%| F|  |TAMS 0x00000000de000000| PB 0x00000000de000000| Untracked |  0
|  93|0x00000000df000000, 0x00000000df000000, 0x00000000e0000000|  0%| F|  |TAMS 0x00000000df000000| PB 0x00000000df000000| Untracked |  0
|  94|0x00000000e0000000, 0x00000000e0000000, 0x00000000e1000000|  0%| F|  |TAMS 0x00000000e0000000| PB 0x00000000e0000000| Untracked |  0
|  95|0x00000000e1000000, 0x00000000e1000000, 0x00000000e2000000|  0%| F|  |TAMS 0x00000000e1000000| PB 0x00000000e1000000| Untracked |  0
|  96|0x00000000e2000000, 0x00000000e2000000, 0x00000000e3000000|  0%| F|  |TAMS 0x00000000e2000000| PB 0x00000000e2000000| Untracked |  0
|  97|0x00000000e3000000, 0x00000000e3000000, 0x00000000e4000000|  0%| F|  |TAMS 0x00000000e3000000| PB 0x00000000e3000000| Untracked |  0
|  98|0x00000000e4000000, 0x00000000e4000000, 0x00000000e5000000|  0%| F|  |TAMS 0x00000000e4000000| PB 0x00000000e4000000| Untracked |  0
|  99|0x00000000e5000000, 0x00000000e5000000, 0x00000000e6000000|  0%| F|  |TAMS 0x00000000e5000000| PB 0x00000000e5000000| Untracked |  0
| 100|0x00000000e6000000, 0x00000000e6000000, 0x00000000e7000000|  0%| F|  |TAMS 0x00000000e6000000| PB 0x00000000e6000000| Untracked |  0
| 101|0x00000000e7000000, 0x00000000e7000000, 0x00000000e8000000|  0%| F|  |TAMS 0x00000000e7000000| PB 0x00000000e7000000| Untracked |  0
| 102|0x00000000e8000000, 0x00000000e8000000, 0x00000000e9000000|  0%| F|  |TAMS 0x00000000e8000000| PB 0x00000000e8000000| Untracked |  0
| 103|0x00000000e9000000, 0x00000000e9000000, 0x00000000ea000000|  0%| F|  |TAMS 0x00000000e9000000| PB 0x00000000e9000000| Untracked |  0
| 104|0x00000000ea000000, 0x00000000ea000000, 0x00000000eb000000|  0%| F|  |TAMS 0x00000000ea000000| PB 0x00000000ea000000| Untracked |  0
| 105|0x00000000eb000000, 0x00000000eb000000, 0x00000000ec000000|  0%| F|  |TAMS 0x00000000eb000000| PB 0x00000000eb000000| Untracked |  0
| 106|0x00000000ec000000, 0x00000000ec000000, 0x00000000ed000000|  0%| F|  |TAMS 0x00000000ec000000| PB 0x00000000ec000000| Untracked |  0
| 107|0x00000000ed000000, 0x00000000ed000000, 0x00000000ee000000|  0%| F|  |TAMS 0x00000000ed000000| PB 0x00000000ed000000| Untracked |  0
| 108|0x00000000ee000000, 0x00000000ee000000, 0x00000000ef000000|  0%| F|  |TAMS 0x00000000ee000000| PB 0x00000000ee000000| Untracked |  0
| 109|0x00000000ef000000, 0x00000000ef000000, 0x00000000f0000000|  0%| F|  |TAMS 0x00000000ef000000| PB 0x00000000ef000000| Untracked |  0
| 110|0x00000000f0000000, 0x00000000f0000000, 0x00000000f1000000|  0%| F|  |TAMS 0x00000000f0000000| PB 0x00000000f0000000| Untracked |  0
| 111|0x00000000f1000000, 0x00000000f1000000, 0x00000000f2000000|  0%| F|  |TAMS 0x00000000f1000000| PB 0x00000000f1000000| Untracked |  0
| 112|0x00000000f2000000, 0x00000000f2000000, 0x00000000f3000000|  0%| F|  |TAMS 0x00000000f2000000| PB 0x00000000f2000000| Untracked |  0
| 113|0x00000000f3000000, 0x00000000f3000000, 0x00000000f4000000|  0%| F|  |TAMS 0x00000000f3000000| PB 0x00000000f3000000| Untracked |  0
| 114|0x00000000f4000000, 0x00000000f4000000, 0x00000000f5000000|  0%| F|  |TAMS 0x00000000f4000000| PB 0x00000000f4000000| Untracked |  0
| 115|0x00000000f5000000, 0x00000000f5000000, 0x00000000f6000000|  0%| F|  |TAMS 0x00000000f5000000| PB 0x00000000f5000000| Untracked |  0
| 116|0x00000000f6000000, 0x00000000f6000000, 0x00000000f7000000|  0%| F|  |TAMS 0x00000000f6000000| PB 0x00000000f6000000| Untracked |  0
| 117|0x00000000f7000000, 0x00000000f7000000, 0x00000000f8000000|  0%| F|  |TAMS 0x00000000f7000000| PB 0x00000000f7000000| Untracked |  0
| 118|0x00000000f8000000, 0x00000000f8000000, 0x00000000f9000000|  0%| F|  |TAMS 0x00000000f8000000| PB 0x00000000f8000000| Untracked |  0
| 119|0x00000000f9000000, 0x00000000f9000000, 0x00000000fa000000|  0%| F|  |TAMS 0x00000000f9000000| PB 0x00000000f9000000| Untracked |  0
| 120|0x00000000fa000000, 0x00000000fa000000, 0x00000000fb000000|  0%| F|  |TAMS 0x00000000fa000000| PB 0x00000000fa000000| Untracked |  0
| 121|0x00000000fb000000, 0x00000000fb000000, 0x00000000fc000000|  0%| F|  |TAMS 0x00000000fb000000| PB 0x00000000fb000000| Untracked |  0
| 122|0x00000000fc000000, 0x00000000fc000000, 0x00000000fd000000|  0%| F|  |TAMS 0x00000000fc000000| PB 0x00000000fc000000| Untracked |  0
| 123|0x00000000fd000000, 0x00000000fd000000, 0x00000000fe000000|  0%| F|  |TAMS 0x00000000fd000000| PB 0x00000000fd000000| Untracked |  0
| 124|0x00000000fe000000, 0x00000000fe000000, 0x00000000ff000000|  0%| F|  |TAMS 0x00000000fe000000| PB 0x00000000fe000000| Untracked |  0
| 125|0x00000000ff000000, 0x00000000fff5cae8, 0x0000000100000000| 96%| E|  |TAMS 0x00000000ff000000| PB 0x00000000ff000000| Complete |  0
|1917|0x00000007ff000000, 0x00000007ff120f88, 0x0000000800000000|  7%| O|  |TAMS 0x00000007ff000000| PB 0x00000007ff000000| Untracked |  0

Card table byte_map: [0x00007fa5e0c20000,0x00007fa5e4810000] _byte_map_base: 0x00007fa5e0810000

Marking Bits: (CMBitMap*) 0x00007fa60005ca90
 Bits: [0x00007fa5c2ca0000, 0x00007fa5e0c20000)

Polling page: 0x00007fa609a0e000

Metaspace:
Metaspace        used 3666K, committed 3840K, reserved 1114112K
 class space     used 182K, committed 256K, reserved 1048576K

Usage:
  Non-class:      3.40 MB used.
      Class:    182.66 KB used.
       Both:      3.58 MB used.

Virtual space:
  Non-class space:       64.00 MB reserved,       3.50 MB (  5%) committed,  1 nodes.
      Class space:        1.00 GB reserved,     256.00 KB ( <1%) committed,  1 nodes.
             Both:        1.06 GB reserved,       3.75 MB ( <1%) committed. 

Chunk freelists:
   Non-Class:  10.09 MB
       Class:  15.64 MB
        Both:  25.73 MB

MaxMetaspaceSize: unlimited
CompressedClassSpaceSize: 1.00 GB
Initial GC threshold: 21.00 MB
Current GC threshold: 21.00 MB
CDS: on
 - commit_granule_bytes: 65536.
 - commit_granule_words: 8192.
 - virtual_space_node_default_size: 8388608.
 - enlarge_chunks_in_place: 1.
UseCompressedClassPointers 1, UseCompactObjectHeaders 0
Narrow klass pointer bits 32, Max shift 3
Narrow klass base: 0x0000000002000000, Narrow klass shift: 0
Encoding Range: [0x0000000002000000 - 0x0000000102000000), (4294967296 bytes)
Klass Range:    [0x0000000002001000 - 0x0000000043000000), (1090514944 bytes)
Klass ID Range:  [4096 - 1090519033) (1090514937)
Protection zone: [0x0000000002000000 - 0x0000000002001000), (4096 bytes)


Internal statistics:

num_allocs_failed_limit: 0.
num_arena_births: 72.
num_arena_deaths: 0.
num_vsnodes_births: 2.
num_vsnodes_deaths: 0.
num_space_committed: 59.
num_space_uncommitted: 0.
num_chunks_returned_to_freelist: 0.
num_chunks_taken_from_freelist: 174.
num_chunk_merges: 0.
num_chunk_splits: 112.
num_chunks_enlarged: 67.
num_inconsistent_stats: 0.

CodeHeap 'non-profiled nmethods': size=119172Kb used=194Kb max_used=194Kb free=118977Kb
 bounds [0x00007fa5eff9f000, 0x00007fa5f020f000, 0x00007fa5f7400000]
CodeHeap 'profiled nmethods': size=119164Kb used=1067Kb max_used=1067Kb free=118096Kb
 bounds [0x00007fa5e8400000, 0x00007fa5e8670000, 0x00007fa5ef85f000]
CodeHeap 'non-nmethods': size=7424Kb used=3817Kb max_used=3817Kb free=3606Kb
 bounds [0x00007fa5ef85f000, 0x00007fa5efc1f000, 0x00007fa5eff9f000]
CodeCache: size=245760Kb, used=5078Kb, max_used=5078Kb, free=240679Kb
 total_blobs=1953, nmethods=845, adapters=1010, full_count=0
Compilation: enabled, stopped_count=0, restarted_count=0

Compilation events (20 events):
Event: 0.311 Thread 0x00007fa578037bc0 nmethod 837 0x00007fa5effcea08 code [0x00007fa5effceb00, 0x00007fa5effcebc0]
Event: 0.312 Thread 0x00007fa6001214a0 nmethod 834 0x00007fa5effced08 code [0x00007fa5effcee00, 0x00007fa5effcf030]
Event: 0.312 Thread 0x00007fa6001214a0  835       4       org.lwjgl.system.MemoryStack::pop (22 bytes)
Event: 0.313 Thread 0x00007fa6001214a0 nmethod 835 0x00007fa5effcf088 code [0x00007fa5effcf180, 0x00007fa5effcf260]
Event: 0.313 Thread 0x00007fa6001214a0  838       4       java.lang.StringLatin1::indexOfChar (33 bytes)
Event: 0.314 Thread 0x00007fa600122e90  839       3       jdk.internal.ref.CleanerImpl::getCleanerImpl (13 bytes)
Event: 0.314 Thread 0x00007fa578232820  840       3       java.lang.ref.Cleaner$1::apply (9 bytes)
Event: 0.314 Thread 0x00007fa578034840  841       3       java.lang.ref.Cleaner$1::apply (5 bytes)
Event: 0.314 Thread 0x00007fa578034840 nmethod 841 0x00007fa5e8509808 code [0x00007fa5e8509900, 0x00007fa5e8509a10]
Event: 0.314 Thread 0x00007fa600122e90 nmethod 839 0x00007fa5e8509b08 code [0x00007fa5e8509c00, 0x00007fa5e8509e88]
Event: 0.314 Thread 0x00007fa578232820 nmethod 840 0x00007fa5e8509f08 code [0x00007fa5e850a000, 0x00007fa5e850a248]
Event: 0.315 Thread 0x00007fa6001214a0 nmethod 838 0x00007fa5effcf388 code [0x00007fa5effcf480, 0x00007fa5effcf628]
Event: 0.316 Thread 0x00007fa578034840  842       3       java.lang.Module::isNamed (13 bytes)
Event: 0.316 Thread 0x00007fa578034840 nmethod 842 0x00007fa5e850a288 code [0x00007fa5e850a380, 0x00007fa5e850a4d8]
Event: 0.317 Thread 0x00007fa578034840  843       1       java.net.URL::getPath (5 bytes)
Event: 0.317 Thread 0x00007fa578034840 nmethod 843 0x00007fa5effcf688 code [0x00007fa5effcf780, 0x00007fa5effcf840]
Event: 0.321 Thread 0x00007fa578232820  844       3       java.util.regex.Pattern$Slice::match (79 bytes)
Event: 0.321 Thread 0x00007fa578034840  845       3       java.util.regex.Pattern$Node::match (27 bytes)
Event: 0.321 Thread 0x00007fa578034840 nmethod 845 0x00007fa5e850a588 code [0x00007fa5e850a680, 0x00007fa5e850a7e0]
Event: 0.321 Thread 0x00007fa578232820 nmethod 844 0x00007fa5e850a888 code [0x00007fa5e850a980, 0x00007fa5e850ade0]

GC Heap Usage History (0 events):
No events

Metaspace Usage History (0 events):
No events

Dll operation events (10 events):
Event: 0.001 Loaded shared library /home/seal/.sdkman/candidates/java/25-tem/lib/libjava.so
Event: 0.016 Loaded shared library /home/seal/.sdkman/candidates/java/25-tem/lib/libsimdsort.so
Event: 0.018 Loaded shared library /home/seal/.sdkman/candidates/java/25-tem/lib/libnio.so
Event: 0.028 Loaded shared library /home/seal/.sdkman/candidates/java/25-tem/lib/libzip.so
Event: 0.034 Loaded shared library /home/seal/.sdkman/candidates/java/25-tem/lib/libverify.so
Event: 0.060 Loaded shared library /home/seal/.sdkman/candidates/java/25-tem/lib/libjimage.so
Event: 0.068 Loaded shared library /home/seal/.sdkman/candidates/java/25-tem/lib/libnet.so
Event: 0.072 Loaded shared library /tmp/lwjgl_seal/3.4.0-snapshot/x64/liblwjgl.so
Event: 0.290 Loaded shared library /tmp/lwjgl_seal/3.4.0-snapshot/x64/liblwjgl_opengl.so
Event: 0.320 Loaded shared library /tmp/lwjgl_seal/3.4.0-snapshot/x64/liblwjgl_stb.so

Deoptimization events (20 events):
Event: 0.135 Thread 0x00007fa60002b950 DEOPT PACKING pc=0x00007fa5e84c2845 sp=0x00007fa607ee66e0
Event: 0.135 Thread 0x00007fa60002b950 DEOPT UNPACKING pc=0x00007fa5ef8affef sp=0x00007fa607ee5b98 mode 0
Event: 0.135 Thread 0x00007fa60002b950 DEOPT PACKING pc=0x00007fa5e84c2845 sp=0x00007fa607ee66e0
Event: 0.135 Thread 0x00007fa60002b950 DEOPT UNPACKING pc=0x00007fa5ef8affef sp=0x00007fa607ee5b98 mode 0
Event: 0.136 Thread 0x00007fa60002b950 DEOPT PACKING pc=0x00007fa5e84c2845 sp=0x00007fa607ee66e0
Event: 0.136 Thread 0x00007fa60002b950 DEOPT UNPACKING pc=0x00007fa5ef8affef sp=0x00007fa607ee5b98 mode 0
Event: 0.136 Thread 0x00007fa60002b950 DEOPT PACKING pc=0x00007fa5e84c2845 sp=0x00007fa607ee66e0
Event: 0.136 Thread 0x00007fa60002b950 DEOPT UNPACKING pc=0x00007fa5ef8affef sp=0x00007fa607ee5b98 mode 0
Event: 0.137 Thread 0x00007fa60002b950 DEOPT PACKING pc=0x00007fa5e84c2845 sp=0x00007fa607ee66e0
Event: 0.137 Thread 0x00007fa60002b950 DEOPT UNPACKING pc=0x00007fa5ef8affef sp=0x00007fa607ee5b98 mode 0
Event: 0.137 Thread 0x00007fa60002b950 DEOPT PACKING pc=0x00007fa5e84c2845 sp=0x00007fa607ee6700
Event: 0.137 Thread 0x00007fa60002b950 DEOPT UNPACKING pc=0x00007fa5ef8affef sp=0x00007fa607ee5bb8 mode 0
Event: 0.137 Thread 0x00007fa60002b950 DEOPT PACKING pc=0x00007fa5e84c2845 sp=0x00007fa607ee6700
Event: 0.137 Thread 0x00007fa60002b950 DEOPT UNPACKING pc=0x00007fa5ef8affef sp=0x00007fa607ee5bb8 mode 0
Event: 0.138 Thread 0x00007fa60002b950 DEOPT PACKING pc=0x00007fa5e84c2845 sp=0x00007fa607ee6700
Event: 0.138 Thread 0x00007fa60002b950 DEOPT UNPACKING pc=0x00007fa5ef8affef sp=0x00007fa607ee5bb8 mode 0
Event: 0.138 Thread 0x00007fa60002b950 DEOPT PACKING pc=0x00007fa5e84c2845 sp=0x00007fa607ee6700
Event: 0.138 Thread 0x00007fa60002b950 DEOPT UNPACKING pc=0x00007fa5ef8affef sp=0x00007fa607ee5bb8 mode 0
Event: 0.138 Thread 0x00007fa60002b950 DEOPT PACKING pc=0x00007fa5e84c2845 sp=0x00007fa607ee6700
Event: 0.138 Thread 0x00007fa60002b950 DEOPT UNPACKING pc=0x00007fa5ef8affef sp=0x00007fa607ee5bb8 mode 0

Classes loaded (20 events):
Event: 0.129 Loading class java/lang/NoSuchFieldError
Event: 0.129 Loading class java/lang/NoSuchFieldError done
Event: 0.139 Loading class jdk/internal/reflect/MethodHandleIntegerFieldAccessorImpl
Event: 0.139 Loading class jdk/internal/reflect/MethodHandleIntegerFieldAccessorImpl done
Event: 0.292 Loading class java/lang/ProcessEnvironment
Event: 0.292 Loading class java/lang/ProcessEnvironment done
Event: 0.292 Loading class java/lang/ProcessEnvironment$Variable
Event: 0.292 Loading class java/lang/ProcessEnvironment$ExternalData
Event: 0.292 Loading class java/lang/ProcessEnvironment$ExternalData done
Event: 0.292 Loading class java/lang/ProcessEnvironment$Variable done
Event: 0.292 Loading class java/lang/ProcessImpl
Event: 0.292 Loading class java/lang/Process
Event: 0.292 Loading class java/lang/Process done
Event: 0.292 Loading class java/lang/ProcessImpl done
Event: 0.293 Loading class java/lang/ProcessImpl$LaunchMechanism
Event: 0.293 Loading class java/lang/ProcessImpl$LaunchMechanism done
Event: 0.293 Loading class java/lang/ProcessEnvironment$Value
Event: 0.293 Loading class java/lang/ProcessEnvironment$Value done
Event: 0.293 Loading class java/lang/ProcessEnvironment$StringEnvironment
Event: 0.293 Loading class java/lang/ProcessEnvironment$StringEnvironment done

Classes unloaded (0 events):
No events

Classes redefined (0 events):
No events

Internal exceptions (19 events):
Event: 0.047 Thread 0x00007fa60002b950 Exception <a 'java/lang/NoSuchMethodError'{0x00000000ff162ac8}: 'void java.lang.invoke.DirectMethodHandle$Holder.invokeStatic(java.lang.Object, java.lang.Object)'> (0x00000000ff162ac8) 
thrown [src/hotspot/share/interpreter/linkResolver.cpp, line 803]
Event: 0.049 Thread 0x00007fa60002b950 Exception <a 'java/lang/NoSuchMethodError'{0x00000000ff187e38}: 'void java.lang.System.load(java.lang.String, java.lang.Class)'> (0x00000000ff187e38) 
thrown [src/hotspot/share/interpreter/linkResolver.cpp, line 803]
Event: 0.049 Thread 0x00007fa60002b950 Exception <a 'java/lang/NoSuchMethodError'{0x00000000ff188c90}: 'void java.lang.invoke.DirectMethodHandle$Holder.invokeSpecial(java.lang.Object, java.lang.Object, java.lang.Object)'> (0x00000000ff188c90) 
thrown [src/hotspot/share/interpreter/linkResolver.cpp, line 803]
Event: 0.052 Thread 0x00007fa60002b950 Exception <a 'java/lang/NoSuchMethodError'{0x00000000ff1aea80}: 'java.lang.Object java.lang.invoke.DirectMethodHandle$Holder.invokeStatic(java.lang.Object, java.lang.Object, int)'> (0x00000000ff1aea80) 
thrown [src/hotspot/share/interpreter/linkResolver.cpp, line 803]
Event: 0.053 Thread 0x00007fa60002b950 Exception <a 'java/lang/NoSuchMethodError'{0x00000000ff1c7da8}: 'void java.lang.invoke.DelegatingMethodHandle$Holder.delegate(java.lang.Object, java.lang.Object, int, java.lang.Object)'> (0x00000000ff1c7da8) 
thrown [src/hotspot/share/interpreter/linkResolver.cpp, line 803]
Event: 0.058 Thread 0x00007fa60002b950 Exception <a 'java/lang/NoSuchMethodError'{0x00000000ff3f7228}: 'void java.lang.System.loadLibrary(java.lang.String, java.lang.Class)'> (0x00000000ff3f7228) 
thrown [src/hotspot/share/interpreter/linkResolver.cpp, line 803]
Event: 0.065 Thread 0x00007fa60002b950 Exception <a 'java/lang/NoSuchMethodError'{0x00000000ff41cf30}: 'java.lang.Object java.lang.invoke.DirectMethodHandle$Holder.invokeStaticInit(java.lang.Object)'> (0x00000000ff41cf30) 
thrown [src/hotspot/share/interpreter/linkResolver.cpp, line 803]
Event: 0.108 Thread 0x00007fa60002b950 Exception <a 'java/lang/NoSuchMethodError'{0x00000000ff5167d0}: 'int java.lang.invoke.DirectMethodHandle$Holder.invokeStaticInit(java.lang.Object, java.lang.Object, int, long)'> (0x00000000ff5167d0) 
thrown [src/hotspot/share/interpreter/linkResolver.cpp, line 803]
Event: 0.108 Thread 0x00007fa60002b950 Exception <a 'java/lang/NoSuchMethodError'{0x00000000ff5258d8}: 'java.lang.Object java.lang.invoke.DirectMethodHandle$Holder.newInvokeSpecial(java.lang.Object, java.lang.Object, int)'> (0x00000000ff5258d8) 
thrown [src/hotspot/share/interpreter/linkResolver.cpp, line 803]
Event: 0.115 Thread 0x00007fa60002b950 Exception <a 'java/lang/NoSuchMethodError'{0x00000000ff56fbd8}: 'int java.lang.invoke.DirectMethodHandle$Holder.invokeStaticInit(java.lang.Object, java.lang.Object, long, long)'> (0x00000000ff56fbd8) 
thrown [src/hotspot/share/interpreter/linkResolver.cpp, line 803]
Event: 0.115 Thread 0x00007fa60002b950 Exception <a 'java/lang/NoSuchMethodError'{0x00000000ff57efe8}: 'java.lang.Object java.lang.invoke.DirectMethodHandle$Holder.newInvokeSpecial(java.lang.Object, java.lang.Object, long)'> (0x00000000ff57efe8) 
thrown [src/hotspot/share/interpreter/linkResolver.cpp, line 803]
Event: 0.116 Thread 0x00007fa60002b950 Exception <a 'java/lang/NoSuchMethodError'{0x00000000ff587aa8}: 'java.lang.Object java.lang.invoke.Invokers$Holder.linkToTargetMethod(java.lang.Object, long, java.lang.Object)'> (0x00000000ff587aa8) 
thrown [src/hotspot/share/interpreter/linkResolver.cpp, line 803]
Event: 0.117 Thread 0x00007fa60002b950 Exception <a 'java/lang/NoSuchMethodError'{0x00000000ff598120}: 'int java.lang.invoke.DirectMethodHandle$Holder.invokeStaticInit(java.lang.Object, java.lang.Object, java.lang.Object, long)'> (0x00000000ff598120) 
thrown [src/hotspot/share/interpreter/linkResolver.cpp, line 803]
Event: 0.130 Thread 0x00007fa60002b950 Implicit null exception at 0x00007fa5effc1bb1 to 0x00007fa5effc25c8
Event: 0.139 Thread 0x00007fa60002b950 Exception <a 'java/lang/NoSuchMethodError'{0x00000000ffa1a9f8}: 'int java.lang.invoke.Invokers$Holder.invokeExact_MT(java.lang.Object, java.lang.Object)'> (0x00000000ffa1a9f8) 
thrown [src/hotspot/share/interpreter/linkResolver.cpp, line 803]
Event: 0.287 Thread 0x00007fa60002b950 Exception <a 'java/lang/NoSuchMethodError'{0x00000000ffa89e78}: 'void java.lang.System.load(java.lang.String, java.lang.Class)'> (0x00000000ffa89e78) 
thrown [src/hotspot/share/interpreter/linkResolver.cpp, line 803]
Event: 0.288 Thread 0x00007fa60002b950 Exception <a 'java/lang/NoSuchMethodError'{0x00000000ffa91c58}: 'void java.lang.System.loadLibrary(java.lang.String, java.lang.Class)'> (0x00000000ffa91c58) 
thrown [src/hotspot/share/interpreter/linkResolver.cpp, line 803]
Event: 0.316 Thread 0x00007fa60002b950 Exception <a 'java/lang/NoSuchMethodError'{0x00000000ffe14a30}: 'void java.lang.System.load(java.lang.String, java.lang.Class)'> (0x00000000ffe14a30) 
thrown [src/hotspot/share/interpreter/linkResolver.cpp, line 803]
Event: 0.316 Thread 0x00007fa60002b950 Exception <a 'java/lang/NoSuchMethodError'{0x00000000ffe1c810}: 'void java.lang.System.loadLibrary(java.lang.String, java.lang.Class)'> (0x00000000ffe1c810) 
thrown [src/hotspot/share/interpreter/linkResolver.cpp, line 803]

VM Operations (0 events):
No events

Memory protections (15 events):
Event: 0.001 Protecting memory [0x00007fa607de9000,0x00007fa607ded000] with protection modes 0
Event: 0.008 Protecting memory [0x0000000002000000,0x0000000002001000] with protection modes 0
Event: 0.014 Protecting memory [0x00007fa5c1d91000,0x00007fa5c1d95000] with protection modes 0
Event: 0.014 Protecting memory [0x00007fa5c1f93000,0x00007fa5c1f97000] with protection modes 0
Event: 0.014 Protecting memory [0x00007fa5c1c91000,0x00007fa5c1c95000] with protection modes 0
Event: 0.015 Protecting memory [0x00007fa5c1b91000,0x00007fa5c1b95000] with protection modes 0
Event: 0.015 Protecting memory [0x00007fa5c1a91000,0x00007fa5c1a95000] with protection modes 0
Event: 0.015 Protecting memory [0x00007fa5c1991000,0x00007fa5c1995000] with protection modes 0
Event: 0.015 Protecting memory [0x00007fa5c1891000,0x00007fa5c1895000] with protection modes 0
Event: 0.017 Protecting memory [0x00007fa5c1791000,0x00007fa5c1795000] with protection modes 0
Event: 0.017 Protecting memory [0x00007fa5c1691000,0x00007fa5c1695000] with protection modes 0
Event: 0.020 Protecting memory [0x00007fa5c1591000,0x00007fa5c1595000] with protection modes 0
Event: 0.025 Protecting memory [0x00007fa5c1491000,0x00007fa5c1495000] with protection modes 0
Event: 0.028 Protecting memory [0x00007fa5c1391000,0x00007fa5c1395000] with protection modes 0
Event: 0.128 Protecting memory [0x00007fa5c1291000,0x00007fa5c1295000] with protection modes 0

Nmethod flushes (0 events):
No events

Events (15 events):
Event: 0.009 Thread 0x00007fa60002b950 Thread added: 0x00007fa60002b950
Event: 0.014 Thread 0x00007fa60002b950 Thread added: 0x00007fa60011a030
Event: 0.014 Thread 0x00007fa60002b950 Thread added: 0x00007fa60011b070
Event: 0.014 Thread 0x00007fa60002b950 Thread added: 0x00007fa60011c480
Event: 0.015 Thread 0x00007fa60002b950 Thread added: 0x00007fa60011dda0
Event: 0.015 Thread 0x00007fa60002b950 Thread added: 0x00007fa60011f620
Event: 0.015 Thread 0x00007fa60002b950 Thread added: 0x00007fa6001214a0
Event: 0.015 Thread 0x00007fa60002b950 Thread added: 0x00007fa600122e90
Event: 0.017 Thread 0x00007fa60002b950 Thread added: 0x00007fa60012f940
Event: 0.017 Thread 0x00007fa60002b950 Thread added: 0x00007fa6001320d0
Event: 0.020 Thread 0x00007fa600122e90 Thread added: 0x00007fa578034840
Event: 0.025 Thread 0x00007fa600122e90 Thread added: 0x00007fa578037bc0
Event: 0.028 Thread 0x00007fa6001214a0 Thread added: 0x00007fa574080060
Event: 0.128 Thread 0x00007fa600122e90 Thread added: 0x00007fa578232820
Event: 0.284 Thread 0x00007fa574080060 Thread exited: 0x00007fa574080060


Dynamic libraries:
02000000-02001000 ---p 00000000 00:00 0 
02001000-02d8c000 rw-p 00001000 00:23 3690992                            /home/seal/.sdkman/candidates/java/25-tem/lib/server/classes.jsa
02d8c000-03000000 ---p 00000000 00:00 0 
03000000-03020000 rw-p 00000000 00:00 0 
03020000-03040000 ---p 00000000 00:00 0 
03040000-03060000 rw-p 00000000 00:00 0 
03060000-43000000 ---p 00000000 00:00 0 
43000000-430ac000 rw-p 00000000 00:00 0 
430ac000-430ae000 r-xs 00000000 00:01 22399                              /memfd:/.glXXXXXX (deleted)
82000000-100000000 rw-p 00000000 00:00 0 
100000000-7ff000000 ---p 00000000 00:00 0 
7ff000000-7ff121000 rw-p 00dbf000 00:23 3690992                          /home/seal/.sdkman/candidates/java/25-tem/lib/server/classes.jsa
7ff121000-800000000 rw-p 00000000 00:00 0 
5597aa271000-5597aa272000 r--p 00000000 00:23 3690951                    /home/seal/.sdkman/candidates/java/25-tem/bin/java
5597aa272000-5597aa273000 r-xp 00001000 00:23 3690951                    /home/seal/.sdkman/candidates/java/25-tem/bin/java
5597aa273000-5597aa274000 r--p 00002000 00:23 3690951                    /home/seal/.sdkman/candidates/java/25-tem/bin/java
5597aa274000-5597aa275000 r--p 00002000 00:23 3690951                    /home/seal/.sdkman/candidates/java/25-tem/bin/java
5597aa275000-5597aa276000 rw-p 00003000 00:23 3690951                    /home/seal/.sdkman/candidates/java/25-tem/bin/java
5597c774f000-5597c7798000 rw-p 00000000 00:00 0                          [heap]
7fa5437ff000-7fa5440b0000 rw-p 00000000 00:00 0 
7fa5440b0000-7fa548000000 ---p 00000000 00:00 0 
7fa5482bc000-7fa548357000 r--p 00000000 00:23 24121550                   /usr/share/fonts/google-noto/NotoSans-Bold.ttf
7fa548357000-7fa548b58000 rw-p 00000000 00:00 0 
7fa548d65000-7fa548de8000 r-xp 00000000 00:2a 7372                       /tmp/lwjgl_seal/3.4.0-snapshot/x64/liblwjgl_stb.so
7fa548de8000-7fa548dfd000 r--p 00083000 00:2a 7372                       /tmp/lwjgl_seal/3.4.0-snapshot/x64/liblwjgl_stb.so
7fa548dfd000-7fa548dfe000 r--p 00097000 00:2a 7372                       /tmp/lwjgl_seal/3.4.0-snapshot/x64/liblwjgl_stb.so
7fa548dfe000-7fa548dff000 rw-p 00098000 00:2a 7372                       /tmp/lwjgl_seal/3.4.0-snapshot/x64/liblwjgl_stb.so
7fa548dff000-7fa549600000 rw-p 00000000 00:00 0 
7fa549600000-7fa54d9a1000 r--p 00000000 00:23 40950418                   /usr/lib64/libLLVM.so.22.1
7fa54d9a1000-7fa551e7d000 r-xp 043a0000 00:23 40950418                   /usr/lib64/libLLVM.so.22.1
7fa551e7d000-7fa55209e000 r--p 0887b000 00:23 40950418                   /usr/lib64/libLLVM.so.22.1
7fa55209e000-7fa5520a8000 rw-p 08a9b000 00:23 40950418                   /usr/lib64/libLLVM.so.22.1
7fa5520a8000-7fa552154000 rw-p 00000000 00:00 0 
7fa552165000-7fa552200000 r--p 00000000 00:23 24121550                   /usr/share/fonts/google-noto/NotoSans-Bold.ttf
7fa552200000-7fa55413c000 r-xp 00000000 00:23 42344638                   /usr/lib64/libgallium-26.1.8.so
7fa55413c000-7fa5553d8000 r--p 01f3c000 00:23 42344638                   /usr/lib64/libgallium-26.1.8.so
7fa5553d8000-7fa55554c000 r--p 031d7000 00:23 42344638                   /usr/lib64/libgallium-26.1.8.so
7fa55554c000-7fa555582000 rw-p 0334b000 00:23 42344638                   /usr/lib64/libgallium-26.1.8.so
7fa555582000-7fa55574e000 rw-p 00000000 00:00 0 
7fa555789000-7fa55579e000 r-xp 00000000 00:2a 7371                       /tmp/lwjgl_seal/3.4.0-snapshot/x64/liblwjgl_opengl.so
7fa55579e000-7fa5557e1000 r--p 00015000 00:2a 7371                       /tmp/lwjgl_seal/3.4.0-snapshot/x64/liblwjgl_opengl.so
7fa5557e1000-7fa5557e2000 r--p 00057000 00:2a 7371                       /tmp/lwjgl_seal/3.4.0-snapshot/x64/liblwjgl_opengl.so
7fa5557e2000-7fa5557e3000 rw-p 00058000 00:2a 7371                       /tmp/lwjgl_seal/3.4.0-snapshot/x64/liblwjgl_opengl.so
7fa5557e3000-7fa555800000 r--s 00000000 00:23 24415993                   /usr/lib/fontconfig/cache/123d59b33ddb0e7c76bb24004bd5cfac-le64.cache-9
7fa555800000-7fa555aab000 r--p 00000000 00:23 40425745                   /usr/lib64/libnvidia-gpucomp.so.580.173.02
7fa555aab000-7fa558b99000 r-xp 002ab000 00:23 40425745                   /usr/lib64/libnvidia-gpucomp.so.580.173.02
7fa558b99000-7fa559a09000 r--p 03399000 00:23 40425745                   /usr/lib64/libnvidia-gpucomp.so.580.173.02
7fa559a09000-7fa559a0a000 ---p 04209000 00:23 40425745                   /usr/lib64/libnvidia-gpucomp.so.580.173.02
7fa559a0a000-7fa559be1000 r--p 04209000 00:23 40425745                   /usr/lib64/libnvidia-gpucomp.so.580.173.02
7fa559be1000-7fa559cec000 rw-p 043e0000 00:23 40425745                   /usr/lib64/libnvidia-gpucomp.so.580.173.02
7fa559cec000-7fa559d8c000 rw-p 00000000 00:00 0 
7fa559d8c000-7fa559d91000 r--s 00000000 00:23 24178040                   /usr/lib/fontconfig/cache/cc8b894d3abbdf0310c48629c0737d80-le64.cache-9
7fa559d91000-7fa559d99000 r--s 00000000 00:23 24415991                   /usr/lib/fontconfig/cache/4130dcac56abb43164f0d97f0032d05a-le64.cache-9
7fa559d99000-7fa559d9e000 r--s 00000000 00:23 24178034                   /usr/lib/fontconfig/cache/131ab5cc1583381c4f7ce0194912c56d-le64.cache-9
7fa559d9e000-7fa559e00000 r--s 00000000 00:23 24178010                   /usr/lib/fontconfig/cache/d63f98f14a274bd69a5425fc33aaac6b-le64.cache-9
7fa559e00000-7fa55a042000 r--p 00000000 00:23 40425739                   /usr/lib64/libnvidia-eglcore.so.580.173.02
7fa55a042000-7fa55ad06000 r-xp 00242000 00:23 40425739                   /usr/lib64/libnvidia-eglcore.so.580.173.02
7fa55ad06000-7fa55bda8000 r--p 00f06000 00:23 40425739                   /usr/lib64/libnvidia-eglcore.so.580.173.02
7fa55bda8000-7fa55bda9000 ---p 01fa8000 00:23 40425739                   /usr/lib64/libnvidia-eglcore.so.580.173.02
7fa55bda9000-7fa55bf21000 r--p 01fa8000 00:23 40425739                   /usr/lib64/libnvidia-eglcore.so.580.173.02
7fa55bf21000-7fa55bf75000 rw-p 02120000 00:23 40425739                   /usr/lib64/libnvidia-eglcore.so.580.173.02
7fa55bf75000-7fa55bf8b000 rw-p 00000000 00:00 0 
7fa55bf8d000-7fa55bf90000 r--s 00000000 00:23 41506238                   /usr/lib/fontconfig/cache/5f83c5e20bd7d0a7cb83b2e020f779d2-le64.cache-9
7fa55bf90000-7fa55bf91000 r--s 00000000 00:23 24178032                   /usr/lib/fontconfig/cache/b2307de753f1224d9542f27e8b3975ae-le64.cache-9
7fa55bf91000-7fa55bf93000 r--s 00000000 00:23 24178030                   /usr/lib/fontconfig/cache/01d40cee498be4726842ba21cbce24ab-le64.cache-9
7fa55bf93000-7fa55bf94000 r--s 00000000 00:23 24178028                   /usr/lib/fontconfig/cache/39377a11d38956c26ecfe23db50b3cd3-le64.cache-9
7fa55bf94000-7fa55bf96000 r--s 00000000 00:23 24178026                   /usr/lib/fontconfig/cache/9d9e7a658cb1f50f02561d1ed3ca8bca-le64.cache-9
7fa55bf96000-7fa55bf97000 r--s 00000000 00:23 42506052                   /usr/lib/fontconfig/cache/6fcb01a03a016cc71057b587cdea6709-le64.cache-9
7fa55bf97000-7fa55bfaa000 r--s 00000000 00:23 24178008                   /usr/lib/fontconfig/cache/42536ef14367b24656ac994a93d66238-le64.cache-9
7fa55bfaa000-7fa55c000000 r--s 00000000 00:23 24415985                   /usr/lib/fontconfig/cache/7ee6df7a8311986241317a58487e0145-le64.cache-9
7fa55c000000-7fa55c17c000 rw-p 00000000 00:00 0 
7fa55c17c000-7fa560000000 ---p 00000000 00:00 0 
7fa560000000-7fa560021000 rw-p 00000000 00:00 0 
7fa560021000-7fa564000000 ---p 00000000 00:00 0 
7fa564000000-7fa56438c000 rw-p 00000000 00:00 0 
7fa56438c000-7fa568000000 ---p 00000000 00:00 0 
7fa568000000-7fa568150000 rw-p 00000000 00:00 0 
7fa568150000-7fa56c000000 ---p 00000000 00:00 0 
7fa56c000000-7fa56c021000 rw-p 00000000 00:00 0 
7fa56c021000-7fa570000000 ---p 00000000 00:00 0 
7fa570000000-7fa570021000 rw-p 00000000 00:00 0 
7fa570021000-7fa574000000 ---p 00000000 00:00 0 
7fa574000000-7fa574235000 rw-p 00000000 00:00 0 
7fa574235000-7fa578000000 ---p 00000000 00:00 0 
7fa578000000-7fa578246000 rw-p 00000000 00:00 0 
7fa578246000-7fa57c000000 ---p 00000000 00:00 0 
7fa57c000000-7fa57c021000 rw-p 00000000 00:00 0 
7fa57c021000-7fa580000000 ---p 00000000 00:00 0 
7fa580000000-7fa580021000 rw-p 00000000 00:00 0 
7fa580021000-7fa584000000 ---p 00000000 00:00 0 
7fa584000000-7fa584021000 rw-p 00000000 00:00 0 
7fa584021000-7fa588000000 ---p 00000000 00:00 0 
7fa588000000-7fa588005000 r--s 00000000 00:23 24415989                   /usr/lib/fontconfig/cache/29c8f5b6bf15d25ebb2e963855ab41be-le64.cache-9
7fa588005000-7fa588006000 r--s 00000000 00:23 24178020                   /usr/lib/fontconfig/cache/2a90ec7ec7fc01d3a9f58fddf8db0237-le64.cache-9
7fa588006000-7fa588009000 r--s 00000000 00:23 24178018                   /usr/lib/fontconfig/cache/71fe2b50576cdbc5f931776365d4a6ea-le64.cache-9
7fa588009000-7fa58800b000 r--s 00000000 00:23 24178016                   /usr/lib/fontconfig/cache/e5da922122f90e18ce9aab86d5c2b324-le64.cache-9
7fa58800b000-7fa58800d000 r--s 00000000 00:23 24178014                   /usr/lib/fontconfig/cache/9162ae45def2e036f06e4d1913f17ba7-le64.cache-9
7fa58800d000-7fa58800e000 r--s 00000000 00:23 24178012                   /usr/lib/fontconfig/cache/22f06f3be2d16d058da85b73ae1dc5b1-le64.cache-9
7fa58800e000-7fa588019000 r--s 00000000 00:23 24178006                   /usr/lib/fontconfig/cache/efcfae1a52990961975415036867654f-le64.cache-9
7fa588019000-7fa58802c000 r--s 00000000 00:23 24178004                   /usr/lib/fontconfig/cache/c4be257954870c0bf6972134c1de66d5-le64.cache-9
7fa58802c000-7fa58802d000 r--s 00000000 00:23 24415987                   /usr/lib/fontconfig/cache/a1059391c956b3cbc42a78cac70f430a-le64.cache-9
7fa58802d000-7fa58802e000 r--s 00000000 00:23 24178000                   /usr/lib/fontconfig/cache/aa02322cc1375fea2382deabf4339973-le64.cache-9
7fa58802e000-7fa588037000 r--s 00000000 00:23 24177996                   /usr/lib/fontconfig/cache/6ee3103884cce7b2fe6f32eba9089175-le64.cache-9
7fa588037000-7fa588039000 r--s 00000000 00:23 24177994                   /usr/lib/fontconfig/cache/383aa4c3ea81d46e4a1459cd427fba23-le64.cache-9
7fa588039000-7fa58803b000 r--s 00000000 00:23 24177992                   /usr/lib/fontconfig/cache/cc4435afd06e20625c417ffcddec4f51-le64.cache-9
7fa58803b000-7fa588042000 r--s 00000000 00:23 39071341                   /usr/lib/fontconfig/cache/614d1caaa4d7914789410f6367de37ca-le64.cache-9
7fa588042000-7fa588048000 r--s 00000000 00:23 38944733                   /usr/lib/fontconfig/cache/221930ae9526a9cb8049af2916f03412-le64.cache-9
7fa588048000-7fa588051000 r--s 00000000 00:23 24415981                   /usr/lib/fontconfig/cache/6cdba951d5a16891afaaf2fee13e80e7-le64.cache-9
7fa588051000-7fa588054000 r--s 00000000 00:23 24415979                   /usr/lib/fontconfig/cache/feeafda3627faad7596d025cfacea73f-le64.cache-9
7fa588054000-7fa588057000 r--s 00000000 00:23 24177984                   /usr/lib/fontconfig/cache/18f520a508f13854f77176faf7889ae9-le64.cache-9
7fa58806f000-7fa5880ef000 rw-s 00000000 00:07 1383                       /dev/nvidiactl
7fa5880ef000-7fa5881ef000 rw-s 00000000 00:07 1383                       /dev/nvidiactl
7fa5881ef000-7fa58826f000 rw-s 00000000 00:07 1383                       /dev/nvidiactl
7fa58826f000-7fa588400000 rw-p 00000000 00:00 0 
7fa588400000-7fa588571000 r-xp 00000000 00:23 42115659                   /usr/lib64/libstdc++.so.6.0.36
7fa588571000-7fa58869c000 r--p 00171000 00:23 42115659                   /usr/lib64/libstdc++.so.6.0.36
7fa58869c000-7fa5886ad000 r--p 0029c000 00:23 42115659                   /usr/lib64/libstdc++.so.6.0.36
7fa5886ad000-7fa5886ae000 rw-p 002ad000 00:23 42115659                   /usr/lib64/libstdc++.so.6.0.36
7fa5886ae000-7fa5886b2000 rw-p 00000000 00:00 0 
7fa5886b2000-7fa5886b3000 r--s 00000000 00:23 24415983                   /usr/lib/fontconfig/cache/0f80fa86029ae75a63f21d682b864529-le64.cache-9
7fa5886b3000-7fa5886b6000 r--s 00000000 00:23 24177982                   /usr/lib/fontconfig/cache/3196f05a030874ca00722cbf1e991434-le64.cache-9
7fa5886b6000-7fa5886b9000 r--s 00000000 00:23 24415977                   /usr/lib/fontconfig/cache/a11fef9c6b59ddb48eba670bb9bf2c6a-le64.cache-9
7fa5886b9000-7fa5886be000 r--s 00000000 00:23 24180446                   /usr/lib/fontconfig/cache/beeeeb3dfe132a8a0633a017c99ce0c0-le64.cache-9
7fa5886be000-7fa5886c2000 rw-s 00000000 00:07 1383                       /dev/nvidiactl
7fa5886c2000-7fa588702000 rw-s 00000000 00:07 1383                       /dev/nvidiactl
7fa588702000-7fa588722000 rw-s 00000000 00:07 1383                       /dev/nvidiactl
7fa588722000-7fa588762000 rw-s 00000000 00:07 1383                       /dev/nvidiactl
7fa588762000-7fa588782000 rw-s 00000000 00:07 1383                       /dev/nvidiactl
7fa588782000-7fa5887c2000 rw-s 00000000 00:07 1383                       /dev/nvidiactl
7fa5887c2000-7fa5887e2000 rw-s 00000000 00:07 1383                       /dev/nvidiactl
7fa5887e2000-7fa5887e6000 r--p 00000000 00:23 40425735                   /usr/lib64/libnvidia-allocator.so.580.173.02
7fa5887e6000-7fa5887ff000 r-xp 00004000 00:23 40425735                   /usr/lib64/libnvidia-allocator.so.580.173.02
7fa5887ff000-7fa58880a000 r--p 0001d000 00:23 40425735                   /usr/lib64/libnvidia-allocator.so.580.173.02
7fa58880a000-7fa58880b000 r--p 00027000 00:23 40425735                   /usr/lib64/libnvidia-allocator.so.580.173.02
7fa58880b000-7fa58880c000 rw-p 00028000 00:23 40425735                   /usr/lib64/libnvidia-allocator.so.580.173.02
7fa58880c000-7fa58880e000 rw-p 00000000 00:00 0 
7fa58880e000-7fa588823000 r-xp 00000000 00:23 24127271                   /usr/lib64/libtinfo.so.6.6
7fa588823000-7fa588836000 r--p 00015000 00:23 24127271                   /usr/lib64/libtinfo.so.6.6
7fa588836000-7fa58883a000 r--p 00028000 00:23 24127271                   /usr/lib64/libtinfo.so.6.6
7fa58883a000-7fa58883b000 rw-p 0002c000 00:23 24127271                   /usr/lib64/libtinfo.so.6.6
7fa58883b000-7fa588841000 r-xp 00000000 00:23 24174617                   /usr/lib64/libpciaccess.so.0.11.1
7fa588841000-7fa588844000 r--p 00006000 00:23 24174617                   /usr/lib64/libpciaccess.so.0.11.1
7fa588844000-7fa588845000 r--p 00009000 00:23 24174617                   /usr/lib64/libpciaccess.so.0.11.1
7fa588845000-7fa588846000 rw-p 00000000 00:00 0 
7fa588846000-7fa588869000 r-xp 00000000 00:23 36518859                   /usr/lib64/libedit.so.0.0.78
7fa588869000-7fa58887c000 r--p 00023000 00:23 36518859                   /usr/lib64/libedit.so.0.0.78
7fa58887c000-7fa58887f000 r--p 00035000 00:23 36518859                   /usr/lib64/libedit.so.0.0.78
7fa58887f000-7fa588880000 rw-p 00038000 00:23 36518859                   /usr/lib64/libedit.so.0.0.78
7fa588880000-7fa588883000 rw-p 00000000 00:00 0 
7fa588883000-7fa58889b000 r-xp 00000000 00:23 39381864                   /usr/lib64/libdrm_intel.so.1.134.0
7fa58889b000-7fa5888a7000 r--p 00018000 00:23 39381864                   /usr/lib64/libdrm_intel.so.1.134.0
7fa5888a7000-7fa5888a8000 r--p 00023000 00:23 39381864                   /usr/lib64/libdrm_intel.so.1.134.0
7fa5888a8000-7fa5888a9000 rw-p 00024000 00:23 39381864                   /usr/lib64/libdrm_intel.so.1.134.0
7fa5888a9000-7fa5888b0000 r-xp 00000000 00:23 39381862                   /usr/lib64/libdrm_amdgpu.so.1.134.0
7fa5888b0000-7fa5888b5000 r--p 00007000 00:23 39381862                   /usr/lib64/libdrm_amdgpu.so.1.134.0
7fa5888b5000-7fa5888b6000 r--p 0000b000 00:23 39381862                   /usr/lib64/libdrm_amdgpu.so.1.134.0
7fa5888b6000-7fa5888b7000 rw-p 00000000 00:00 0 
7fa5888b7000-7fa5888cb000 r-xp 00000000 00:23 42344554                   /usr/lib64/libelf-0.196.so
7fa5888cb000-7fa5888d2000 r--p 00014000 00:23 42344554                   /usr/lib64/libelf-0.196.so
7fa5888d2000-7fa5888d3000 r--p 0001b000 00:23 42344554                   /usr/lib64/libelf-0.196.so
7fa5888d3000-7fa5888d4000 rw-p 00000000 00:00 0 
7fa5888d4000-7fa5888d5000 r-xp 00000000 00:23 24174672                   /usr/lib64/libxshmfence.so.1.0.0
7fa5888d5000-7fa5888d6000 r--p 00001000 00:23 24174672                   /usr/lib64/libxshmfence.so.1.0.0
7fa5888d6000-7fa5888d7000 r--p 00001000 00:23 24174672                   /usr/lib64/libxshmfence.so.1.0.0
7fa5888d7000-7fa5888d8000 rw-p 00002000 00:23 24174672                   /usr/lib64/libxshmfence.so.1.0.0
7fa5888d8000-7fa5888db000 r-xp 00000000 00:23 24131022                   /usr/lib64/libxcb-sync.so.1.0.0
7fa5888db000-7fa5888de000 r--p 00003000 00:23 24131022                   /usr/lib64/libxcb-sync.so.1.0.0
7fa5888de000-7fa5888df000 r--p 00006000 00:23 24131022                   /usr/lib64/libxcb-sync.so.1.0.0
7fa5888df000-7fa5888e0000 rw-p 00007000 00:23 24131022                   /usr/lib64/libxcb-sync.so.1.0.0
7fa5888e0000-7fa5888e8000 r-xp 00000000 00:23 24174677                   /usr/lib64/libsensors.so.4.5.0
7fa5888e8000-7fa5888ed000 r--p 00008000 00:23 24174677                   /usr/lib64/libsensors.so.4.5.0
7fa5888ed000-7fa5888ee000 r--p 0000d000 00:23 24174677                   /usr/lib64/libsensors.so.4.5.0
7fa5888ee000-7fa5888ef000 rw-p 0000e000 00:23 24174677                   /usr/lib64/libsensors.so.4.5.0
7fa5888ef000-7fa5889f7000 r-xp 00000000 00:23 24175775                   /usr/lib64/libSPIRV-Tools.so
7fa5889f7000-7fa588a8a000 r--p 00108000 00:23 24175775                   /usr/lib64/libSPIRV-Tools.so
7fa588a8a000-7fa588a8d000 r--p 0019b000 00:23 24175775                   /usr/lib64/libSPIRV-Tools.so
7fa588a8d000-7fa588a8e000 rw-p 0019e000 00:23 24175775                   /usr/lib64/libSPIRV-Tools.so
7fa588a8e000-7fa588b57000 r-xp 00000000 00:23 24127971                   /usr/lib64/libzstd.so.1.5.7
7fa588b57000-7fa588b75000 r--p 000c9000 00:23 24127971                   /usr/lib64/libzstd.so.1.5.7
7fa588b75000-7fa588b77000 r--p 000e6000 00:23 24127971                   /usr/lib64/libzstd.so.1.5.7
7fa588b77000-7fa588b78000 rw-p 00000000 00:00 0 
7fa588b78000-7fa588b7b000 r-xp 00000000 00:23 24131026                   /usr/lib64/libxcb-xfixes.so.0.0.0
7fa588b7b000-7fa588b7f000 r--p 00003000 00:23 24131026                   /usr/lib64/libxcb-xfixes.so.0.0.0
7fa588b7f000-7fa588b80000 r--p 00007000 00:23 24131026                   /usr/lib64/libxcb-xfixes.so.0.0.0
7fa588b80000-7fa588b81000 rw-p 00008000 00:23 24131026                   /usr/lib64/libxcb-xfixes.so.0.0.0
7fa588b81000-7fa588b87000 r-xp 00000000 00:23 24131008                   /usr/lib64/libxcb-randr.so.0.1.0
7fa588b87000-7fa588b91000 r--p 00006000 00:23 24131008                   /usr/lib64/libxcb-randr.so.0.1.0
7fa588b91000-7fa588b92000 r--p 00010000 00:23 24131008                   /usr/lib64/libxcb-randr.so.0.1.0
7fa588b92000-7fa588b93000 rw-p 00011000 00:23 24131008                   /usr/lib64/libxcb-randr.so.0.1.0
7fa588b93000-7fa588bcf000 r-xp 00000000 00:23 42351339                   /usr/lib64/libEGL_mesa.so.0.0.0
7fa588bcf000-7fa588be7000 r--p 0003c000 00:23 42351339                   /usr/lib64/libEGL_mesa.so.0.0.0
7fa588be7000-7fa588bf4000 r--p 00053000 00:23 42351339                   /usr/lib64/libEGL_mesa.so.0.0.0
7fa588bf4000-7fa588bf5000 rw-p 00060000 00:23 42351339                   /usr/lib64/libEGL_mesa.so.0.0.0
7fa588bf5000-7fa588bf6000 rw-p 00000000 00:00 0 
7fa588bf6000-7fa588bf7000 r-xp 00000000 00:23 24130341                   /usr/lib64/libX11-xcb.so.1.0.0
7fa588bf7000-7fa588bf8000 r--p 00001000 00:23 24130341                   /usr/lib64/libX11-xcb.so.1.0.0
7fa588bf8000-7fa588bf9000 r--p 00001000 00:23 24130341                   /usr/lib64/libX11-xcb.so.1.0.0
7fa588bf9000-7fa588bfa000 rw-p 00000000 00:00 0 
7fa588bfa000-7fa588c06000 r-xp 00000000 00:23 24948682                   /usr/lib64/libnvidia-egl-xlib.so.1.0.5
7fa588c06000-7fa588c0c000 r--p 0000c000 00:23 24948682                   /usr/lib64/libnvidia-egl-xlib.so.1.0.5
7fa588c0c000-7fa588c0d000 r--p 00012000 00:23 24948682                   /usr/lib64/libnvidia-egl-xlib.so.1.0.5
7fa588c0d000-7fa588c0e000 rw-p 00013000 00:23 24948682                   /usr/lib64/libnvidia-egl-xlib.so.1.0.5
7fa588c0e000-7fa588c10000 r-xp 00000000 00:23 24131002                   /usr/lib64/libxcb-dri3.so.0.1.0
7fa588c10000-7fa588c12000 r--p 00002000 00:23 24131002                   /usr/lib64/libxcb-dri3.so.0.1.0
7fa588c12000-7fa588c13000 r--p 00004000 00:23 24131002                   /usr/lib64/libxcb-dri3.so.0.1.0
7fa588c13000-7fa588c14000 rw-p 00005000 00:23 24131002                   /usr/lib64/libxcb-dri3.so.0.1.0
7fa588c14000-7fa588c15000 r-xp 00000000 00:23 24131006                   /usr/lib64/libxcb-present.so.0.0.0
7fa588c15000-7fa588c17000 r--p 00001000 00:23 24131006                   /usr/lib64/libxcb-present.so.0.0.0
7fa588c17000-7fa588c18000 r--p 00002000 00:23 24131006                   /usr/lib64/libxcb-present.so.0.0.0
7fa588c18000-7fa588c19000 rw-p 00003000 00:23 24131006                   /usr/lib64/libxcb-present.so.0.0.0
7fa588c19000-7fa588c25000 r-xp 00000000 00:23 24948680                   /usr/lib64/libnvidia-egl-xcb.so.1.0.5
7fa588c25000-7fa588c2b000 r--p 0000c000 00:23 24948680                   /usr/lib64/libnvidia-egl-xcb.so.1.0.5
7fa588c2b000-7fa588c2c000 r--p 00012000 00:23 24948680                   /usr/lib64/libnvidia-egl-xcb.so.1.0.5
7fa588c2c000-7fa588c2d000 rw-p 00013000 00:23 24948680                   /usr/lib64/libnvidia-egl-xcb.so.1.0.5
7fa588c2d000-7fa588c30000 r-xp 00000000 00:23 24948703                   /usr/lib64/libnvidia-egl-gbm.so.1.1.3
7fa588c30000-7fa588c32000 r--p 00003000 00:23 24948703                   /usr/lib64/libnvidia-egl-gbm.so.1.1.3
7fa588c32000-7fa588c33000 r--p 00005000 00:23 24948703                   /usr/lib64/libnvidia-egl-gbm.so.1.1.3
7fa588c33000-7fa588c34000 rw-p 00000000 00:00 0 
7fa588c34000-7fa588c3e000 r-xp 00000000 00:23 40410867                   /usr/lib64/libwayland-server.so.0.25.0
7fa588c3e000-7fa588c46000 r--p 0000a000 00:23 40410867                   /usr/lib64/libwayland-server.so.0.25.0
7fa588c46000-7fa588c48000 r--p 00012000 00:23 40410867                   /usr/lib64/libwayland-server.so.0.25.0
7fa588c48000-7fa588c49000 rw-p 00014000 00:23 40410867                   /usr/lib64/libwayland-server.so.0.25.0
7fa588c49000-7fa588c54000 r-xp 00000000 00:23 24948692                   /usr/lib64/libnvidia-egl-wayland.so.1.1.21
7fa588c54000-7fa588c5a000 r--p 0000b000 00:23 24948692                   /usr/lib64/libnvidia-egl-wayland.so.1.1.21
7fa588c5a000-7fa588c5c000 r--p 00010000 00:23 24948692                   /usr/lib64/libnvidia-egl-wayland.so.1.1.21
7fa588c5c000-7fa588c5d000 rw-p 00012000 00:23 24948692                   /usr/lib64/libnvidia-egl-wayland.so.1.1.21
7fa588c5d000-7fa588c6d000 r--p 00000000 00:23 40425743                   /usr/lib64/libnvidia-glsi.so.580.173.02
7fa588c6d000-7fa588ccd000 r-xp 00010000 00:23 40425743                   /usr/lib64/libnvidia-glsi.so.580.173.02
7fa588ccd000-7fa588cea000 r--p 00070000 00:23 40425743                   /usr/lib64/libnvidia-glsi.so.580.173.02
7fa588cea000-7fa588cf0000 r--p 0008c000 00:23 40425743                   /usr/lib64/libnvidia-glsi.so.580.173.02
7fa588cf0000-7fa588cf1000 rw-p 00092000 00:23 40425743                   /usr/lib64/libnvidia-glsi.so.580.173.02
7fa588cf1000-7fa588cf9000 rw-p 00000000 00:00 0 
7fa588cf9000-7fa588d2d000 r--p 00000000 00:23 40425727                   /usr/lib64/libEGL_nvidia.so.580.173.02
7fa588d2d000-7fa588dc4000 r-xp 00034000 00:23 40425727                   /usr/lib64/libEGL_nvidia.so.580.173.02
7fa588dc4000-7fa588e18000 r--p 000cb000 00:23 40425727                   /usr/lib64/libEGL_nvidia.so.580.173.02
7fa588e18000-7fa588e19000 ---p 0011f000 00:23 40425727                   /usr/lib64/libEGL_nvidia.so.580.173.02
7fa588e19000-7fa588e21000 r--p 0011f000 00:23 40425727                   /usr/lib64/libEGL_nvidia.so.580.173.02
7fa588e21000-7fa588e37000 rw-p 00127000 00:23 40425727                   /usr/lib64/libEGL_nvidia.so.580.173.02
7fa588e37000-7fa588e3c000 rw-p 00000000 00:00 0 
7fa588e3c000-7fa588e7b000 r-xp 00000000 00:23 24174608                   /usr/lib64/libGLdispatch.so.0.0.0
7fa588e7b000-7fa588e8f000 r--p 0003f000 00:23 24174608                   /usr/lib64/libGLdispatch.so.0.0.0
7fa588e8f000-7fa588eab000 r--p 00053000 00:23 24174608                   /usr/lib64/libGLdispatch.so.0.0.0
7fa588eab000-7fa588eac000 rw-p 0006f000 00:23 24174608                   /usr/lib64/libGLdispatch.so.0.0.0
7fa588eac000-7fa588eb4000 rw-p 00000000 00:00 0 
7fa588eb4000-7fa588fa4000 rw-s 00000000 00:01 10451                      /memfd:wayland-cursor (deleted)
7fa588fa4000-7fa589074000 rw-s 00000000 00:01 10450                      /memfd:wayland-cursor (deleted)
7fa589074000-7fa5891b8000 r-xp 00000000 00:23 41781050                   /usr/lib64/libsqlite3.so.3.51.2
7fa5891b8000-7fa5891f7000 r--p 00144000 00:23 41781050                   /usr/lib64/libsqlite3.so.3.51.2
7fa5891f7000-7fa5891fb000 r--p 00182000 00:23 41781050                   /usr/lib64/libsqlite3.so.3.51.2
7fa5891fb000-7fa5891ff000 rw-p 00186000 00:23 41781050                   /usr/lib64/libsqlite3.so.3.51.2
7fa5891ff000-7fa589200000 rw-p 00000000 00:00 0 
7fa589200000-7fa589550000 r-xp 00000000 00:23 40496391                   /usr/lib64/libglycin-2.so.0
7fa589550000-7fa58960b000 r--p 00350000 00:23 40496391                   /usr/lib64/libglycin-2.so.0
7fa58960b000-7fa589624000 r--p 0040a000 00:23 40496391                   /usr/lib64/libglycin-2.so.0
7fa589624000-7fa589627000 rw-p 00423000 00:23 40496391                   /usr/lib64/libglycin-2.so.0
7fa589627000-7fa58962a000 rw-s 00000000 00:07 1383                       /dev/nvidiactl
7fa58962a000-7fa58964b000 r-xp 00000000 00:23 42482897                   /usr/lib64/libexpat.so.1.12.3
7fa58964b000-7fa589655000 r--p 00021000 00:23 42482897                   /usr/lib64/libexpat.so.1.12.3
7fa589655000-7fa589657000 r--p 0002b000 00:23 42482897                   /usr/lib64/libexpat.so.1.12.3
7fa589657000-7fa589658000 rw-p 00000000 00:00 0 
7fa589658000-7fa589664000 r-xp 00000000 00:23 39381860                   /usr/lib64/libdrm.so.2.134.0
7fa589664000-7fa58966c000 r--p 0000c000 00:23 39381860                   /usr/lib64/libdrm.so.2.134.0
7fa58966c000-7fa58966d000 r--p 00014000 00:23 39381860                   /usr/lib64/libdrm.so.2.134.0
7fa58966d000-7fa58966e000 rw-p 00000000 00:00 0 
7fa58966e000-7fa589670000 rw-s 00000000 00:01 22399                      /memfd:/.glXXXXXX (deleted)
7fa589670000-7fa589671000 rw-s 00000000 00:07 1383                       /dev/nvidiactl
7fa589671000-7fa589684000 rw-s 00000000 00:07 1383                       /dev/nvidiactl
7fa589684000-7fa589685000 rw-s 00000000 00:07 1387                       /dev/nvidia1
7fa589685000-7fa589687000 rw-s 00000000 00:07 1383                       /dev/nvidiactl
7fa589687000-7fa58968b000 rw-s 00000000 00:07 1383                       /dev/nvidiactl
7fa58968b000-7fa58968c000 rw-s 00000000 00:07 1387                       /dev/nvidia1
7fa58968c000-7fa58969b000 r-xp 00000000 00:23 40882361                   /usr/lib64/libseccomp.so.2.6.1
7fa58969b000-7fa5896b6000 r--p 0000f000 00:23 40882361                   /usr/lib64/libseccomp.so.2.6.1
7fa5896b6000-7fa5896b7000 r--p 00029000 00:23 40882361                   /usr/lib64/libseccomp.so.2.6.1
7fa5896b7000-7fa5896b8000 rw-p 0002a000 00:23 40882361                   /usr/lib64/libseccomp.so.2.6.1
7fa5896b8000-7fa589700000 r-xp 00000000 00:23 24128047                   /usr/lib64/liblcms2.so.2.0.16
7fa589700000-7fa58971c000 r--p 00048000 00:23 24128047                   /usr/lib64/liblcms2.so.2.0.16
7fa58971c000-7fa58971f000 r--p 00063000 00:23 24128047                   /usr/lib64/liblcms2.so.2.0.16
7fa58971f000-7fa589722000 rw-p 00066000 00:23 24128047                   /usr/lib64/liblcms2.so.2.0.16
7fa589722000-7fa589723000 rw-p 00000000 00:00 0 
7fa589723000-7fa5897a9000 r-xp 00000000 00:23 24179359                   /usr/lib64/libtinysparql-3.0.so.0.1101.0
7fa5897a9000-7fa5897f0000 r--p 00086000 00:23 24179359                   /usr/lib64/libtinysparql-3.0.so.0.1101.0
7fa5897f0000-7fa5897ff000 r--p 000cc000 00:23 24179359                   /usr/lib64/libtinysparql-3.0.so.0.1101.0
7fa5897ff000-7fa589800000 rw-p 000db000 00:23 24179359                   /usr/lib64/libtinysparql-3.0.so.0.1101.0
7fa589800000-7fa589bd8000 r-xp 00000000 00:23 40997171                   /usr/lib64/libgtk-3.so.0.2420.32
7fa589bd8000-7fa589f27000 r--p 003d8000 00:23 40997171                   /usr/lib64/libgtk-3.so.0.2420.32
7fa589f27000-7fa589f3a000 r--p 00726000 00:23 40997171                   /usr/lib64/libgtk-3.so.0.2420.32
7fa589f3a000-7fa589f3c000 rw-p 00739000 00:23 40997171                   /usr/lib64/libgtk-3.so.0.2420.32
7fa589f3c000-7fa589f41000 rw-p 00000000 00:00 0 
7fa589f41000-7fa589f43000 r-xp 00000000 00:23 42344643                   /usr/lib64/libgbm.so.1.0.0
7fa589f43000-7fa589f45000 r--p 00002000 00:23 42344643                   /usr/lib64/libgbm.so.1.0.0
7fa589f45000-7fa589f46000 r--p 00003000 00:23 42344643                   /usr/lib64/libgbm.so.1.0.0
7fa589f46000-7fa589f47000 rw-p 00004000 00:23 42344643                   /usr/lib64/libgbm.so.1.0.0
7fa589f47000-7fa589f60000 r-xp 00000000 00:23 24172081                   /usr/lib64/libjson-glib-1.0.so.0.1000.8
7fa589f60000-7fa589f71000 r--p 00019000 00:23 24172081                   /usr/lib64/libjson-glib-1.0.so.0.1000.8
7fa589f71000-7fa589f72000 r--p 0002a000 00:23 24172081                   /usr/lib64/libjson-glib-1.0.so.0.1000.8
7fa589f72000-7fa589f73000 rw-p 00000000 00:00 0 
7fa589f73000-7fa589f91000 r-xp 00000000 00:23 41390016                   /usr/lib64/libatspi.so.0.0.1
7fa589f91000-7fa589fac000 r--p 0001e000 00:23 41390016                   /usr/lib64/libatspi.so.0.0.1
7fa589fac000-7fa589fb0000 r--p 00039000 00:23 41390016                   /usr/lib64/libatspi.so.0.0.1
7fa589fb0000-7fa589fb1000 rw-p 0003d000 00:23 41390016                   /usr/lib64/libatspi.so.0.0.1
7fa589fb1000-7fa589fb2000 r-xp 00000000 00:23 24131094                   /usr/lib64/libXinerama.so.1.0.0
7fa589fb2000-7fa589fb3000 r--p 00001000 00:23 24131094                   /usr/lib64/libXinerama.so.1.0.0
7fa589fb3000-7fa589fb4000 r--p 00001000 00:23 24131094                   /usr/lib64/libXinerama.so.1.0.0
7fa589fb4000-7fa589fb5000 rw-p 00002000 00:23 24131094                   /usr/lib64/libXinerama.so.1.0.0
7fa589fb5000-7fa589fbd000 r-xp 00000000 00:23 24131081                   /usr/lib64/libXrandr.so.2.2.0
7fa589fbd000-7fa589fc0000 r--p 00008000 00:23 24131081                   /usr/lib64/libXrandr.so.2.2.0
7fa589fc0000-7fa589fc1000 r--p 0000b000 00:23 24131081                   /usr/lib64/libXrandr.so.2.2.0
7fa589fc1000-7fa589fc2000 rw-p 0000c000 00:23 24131081                   /usr/lib64/libXrandr.so.2.2.0
7fa589fc2000-7fa589fde000 r-xp 00000000 00:23 41414386                   /usr/lib64/libatk-bridge-2.0.so.0.0.0
7fa589fde000-7fa589ffc000 r--p 0001c000 00:23 41414386                   /usr/lib64/libatk-bridge-2.0.so.0.0.0
7fa589ffc000-7fa589ffe000 r--p 00039000 00:23 41414386                   /usr/lib64/libatk-bridge-2.0.so.0.0.0
7fa589ffe000-7fa58a000000 rw-p 0003b000 00:23 41414386                   /usr/lib64/libatk-bridge-2.0.so.0.0.0
7fa58a000000-7fa597e92000 r--p 00000000 00:23 41466879                   /usr/lib/locale/locale-archive
7fa597e92000-7fa597e93000 rw-s 00000000 00:07 1387                       /dev/nvidia1
7fa597e93000-7fa597e9a000 r-xp 00000000 00:23 24131086                   /usr/lib64/libXcursor.so.1.0.2
7fa597e9a000-7fa597e9e000 r--p 00007000 00:23 24131086                   /usr/lib64/libXcursor.so.1.0.2
7fa597e9e000-7fa597e9f000 r--p 0000b000 00:23 24131086                   /usr/lib64/libXcursor.so.1.0.2
7fa597e9f000-7fa597ea0000 rw-p 00000000 00:00 0 
7fa597ea0000-7fa597eac000 r-xp 00000000 00:23 24184266                   /usr/lib64/libcloudproviders.so.0.4.0
7fa597eac000-7fa597eb7000 r--p 0000c000 00:23 24184266                   /usr/lib64/libcloudproviders.so.0.4.0
7fa597eb7000-7fa597eb8000 r--p 00017000 00:23 24184266                   /usr/lib64/libcloudproviders.so.0.4.0
7fa597eb8000-7fa597eb9000 rw-p 00018000 00:23 24184266                   /usr/lib64/libcloudproviders.so.0.4.0
7fa597eb9000-7fa597ec6000 r-xp 00000000 00:23 38922608                   /usr/lib64/libXi.so.6.1.0
7fa597ec6000-7fa597eca000 r--p 0000d000 00:23 38922608                   /usr/lib64/libXi.so.6.1.0
7fa597eca000-7fa597ecb000 r--p 00011000 00:23 38922608                   /usr/lib64/libXi.so.6.1.0
7fa597ecb000-7fa597ecc000 rw-p 00012000 00:23 38922608                   /usr/lib64/libXi.so.6.1.0
7fa597ecc000-7fa597f3a000 r-xp 00000000 00:23 24128305                   /usr/lib64/libepoxy.so.0.0.0
7fa597f3a000-7fa597fca000 r--p 0006e000 00:23 24128305                   /usr/lib64/libepoxy.so.0.0.0
7fa597fca000-7fa597fd2000 r--p 000fe000 00:23 24128305                   /usr/lib64/libepoxy.so.0.0.0
7fa597fd2000-7fa597fd9000 rw-p 00106000 00:23 24128305                   /usr/lib64/libepoxy.so.0.0.0
7fa597fd9000-7fa597fea000 r-xp 00000000 00:23 41390136                   /usr/lib64/libatk-1.0.so.0.26015.1
7fa597fea000-7fa597ffc000 r--p 00011000 00:23 41390136                   /usr/lib64/libatk-1.0.so.0.26015.1
7fa597ffc000-7fa597fff000 r--p 00022000 00:23 41390136                   /usr/lib64/libatk-1.0.so.0.26015.1
7fa597fff000-7fa598000000 rw-p 00025000 00:23 41390136                   /usr/lib64/libatk-1.0.so.0.26015.1
7fa598000000-7fa598190000 rw-p 00000000 00:00 0 
7fa598190000-7fa598400000 ---p 00000000 00:00 0 
7fa598400000-7fa598540000 rw-p 00000000 00:00 0 
7fa598540000-7fa5985f0000 rw-p 00000000 00:00 0 
7fa5985f0000-7fa59c000000 ---p 00000000 00:00 0 
7fa59c000000-7fa59c021000 rw-p 00000000 00:00 0 
7fa59c021000-7fa5a0000000 ---p 00000000 00:00 0 
7fa5a0000000-7fa5a0021000 rw-p 00000000 00:00 0 
7fa5a0021000-7fa5a4000000 ---p 00000000 00:00 0 
7fa5a4000000-7fa5a4021000 rw-p 00000000 00:00 0 
7fa5a4021000-7fa5a8000000 ---p 00000000 00:00 0 
7fa5a8000000-7fa5a8021000 rw-p 00000000 00:00 0 
7fa5a8021000-7fa5ac000000 ---p 00000000 00:00 0 
7fa5ac000000-7fa5ac021000 rw-p 00000000 00:00 0 
7fa5ac021000-7fa5b0000000 ---p 00000000 00:00 0 
7fa5b0000000-7fa5b0021000 rw-p 00000000 00:00 0 
7fa5b0021000-7fa5b4000000 ---p 00000000 00:00 0 
7fa5b4000000-7fa5b4021000 rw-p 00000000 00:00 0 
7fa5b4021000-7fa5b8000000 ---p 00000000 00:00 0 
7fa5b8000000-7fa5b8021000 rw-p 00000000 00:00 0 
7fa5b8021000-7fa5bc000000 ---p 00000000 00:00 0 
7fa5bc000000-7fa5bc021000 rw-p 00000000 00:00 0 
7fa5bc021000-7fa5c0000000 ---p 00000000 00:00 0 
7fa5c0000000-7fa5c0001000 rw-s 00000000 00:07 1387                       /dev/nvidia1
7fa5c0001000-7fa5c0005000 r-xp 00000000 00:23 24131056                   /usr/lib64/libXfixes.so.3.1.0
7fa5c0005000-7fa5c0007000 r--p 00004000 00:23 24131056                   /usr/lib64/libXfixes.so.3.1.0
7fa5c0007000-7fa5c0008000 r--p 00006000 00:23 24131056                   /usr/lib64/libXfixes.so.3.1.0
7fa5c0008000-7fa5c0009000 rw-p 00007000 00:23 24131056                   /usr/lib64/libXfixes.so.3.1.0
7fa5c0009000-7fa5c0026000 r-xp 00000000 00:23 24221980                   /usr/lib64/libgdk_pixbuf-2.0.so.0.4400.4
7fa5c0026000-7fa5c0036000 r--p 0001d000 00:23 24221980                   /usr/lib64/libgdk_pixbuf-2.0.so.0.4400.4
7fa5c0036000-7fa5c0038000 r--p 0002c000 00:23 24221980                   /usr/lib64/libgdk_pixbuf-2.0.so.0.4400.4
7fa5c0038000-7fa5c0039000 rw-p 0002e000 00:23 24221980                   /usr/lib64/libgdk_pixbuf-2.0.so.0.4400.4
7fa5c0039000-7fa5c00ca000 r-xp 00000000 00:23 40997169                   /usr/lib64/libgdk-3.so.0.2420.32
7fa5c00ca000-7fa5c012e000 r--p 00091000 00:23 40997169                   /usr/lib64/libgdk-3.so.0.2420.32
7fa5c012e000-7fa5c0138000 r--p 000f5000 00:23 40997169                   /usr/lib64/libgdk-3.so.0.2420.32
7fa5c0138000-7fa5c013a000 rw-p 000ff000 00:23 40997169                   /usr/lib64/libgdk-3.so.0.2420.32
7fa5c013a000-7fa5c013b000 rw-s 00000000 00:07 1383                       /dev/nvidiactl
7fa5c013b000-7fa5c0148000 r-xp 00000000 00:23 24346793                   /usr/lib64/libnvidia-egl-wayland2.so.1.0.1
7fa5c0148000-7fa5c014e000 r--p 0000d000 00:23 24346793                   /usr/lib64/libnvidia-egl-wayland2.so.1.0.1
7fa5c014e000-7fa5c0150000 r--p 00012000 00:23 24346793                   /usr/lib64/libnvidia-egl-wayland2.so.1.0.1
7fa5c0150000-7fa5c0151000 rw-p 00014000 00:23 24346793                   /usr/lib64/libnvidia-egl-wayland2.so.1.0.1
7fa5c0151000-7fa5c0158000 r--s 00000000 00:23 41505201                   /usr/lib64/gconv/gconv-modules.cache
7fa5c0158000-7fa5c0159000 r-xp 00000000 00:23 24130741                   /usr/lib64/libbrotlicommon.so.1.2.0
7fa5c0159000-7fa5c0179000 r--p 00001000 00:23 24130741                   /usr/lib64/libbrotlicommon.so.1.2.0
7fa5c0179000-7fa5c017a000 r--p 00020000 00:23 24130741                   /usr/lib64/libbrotlicommon.so.1.2.0
7fa5c017a000-7fa5c017b000 rw-p 00000000 00:00 0 
7fa5c017b000-7fa5c01a3000 r-xp 00000000 00:23 40041650                   /usr/lib64/libblkid.so.1.1.0
7fa5c01a3000-7fa5c01b1000 r--p 00028000 00:23 40041650                   /usr/lib64/libblkid.so.1.1.0
7fa5c01b1000-7fa5c01b7000 r--p 00036000 00:23 40041650                   /usr/lib64/libblkid.so.1.1.0
7fa5c01b7000-7fa5c01b8000 rw-p 0003c000 00:23 40041650                   /usr/lib64/libblkid.so.1.1.0
7fa5c01b8000-7fa5c01dd000 r-xp 00000000 00:23 24128010                   /usr/lib64/liblzma.so.5.8.2
7fa5c01dd000-7fa5c01ec000 r--p 00025000 00:23 24128010                   /usr/lib64/liblzma.so.5.8.2
7fa5c01ec000-7fa5c01ed000 r--p 00033000 00:23 24128010                   /usr/lib64/liblzma.so.5.8.2
7fa5c01ed000-7fa5c01ee000 rw-p 00034000 00:23 24128010                   /usr/lib64/liblzma.so.5.8.2
7fa5c01ee000-7fa5c0212000 r-xp 00000000 00:23 42115649                   /usr/lib64/libgcc_s-16-20260819.so.1
7fa5c0212000-7fa5c0219000 r--p 00024000 00:23 42115649                   /usr/lib64/libgcc_s-16-20260819.so.1
7fa5c0219000-7fa5c021a000 r--p 0002b000 00:23 42115649                   /usr/lib64/libgcc_s-16-20260819.so.1
7fa5c021a000-7fa5c021b000 rw-p 00000000 00:00 0 
7fa5c021b000-7fa5c021d000 r-xp 00000000 00:23 24130960                   /usr/lib64/libXau.so.6.0.0
7fa5c021d000-7fa5c021e000 r--p 00002000 00:23 24130960                   /usr/lib64/libXau.so.6.0.0
7fa5c021e000-7fa5c021f000 r--p 00003000 00:23 24130960                   /usr/lib64/libXau.so.6.0.0
7fa5c021f000-7fa5c0220000 rw-p 00000000 00:00 0 
7fa5c0220000-7fa5c0229000 r-xp 00000000 00:23 24130743                   /usr/lib64/libbrotlidec.so.1.2.0
7fa5c0229000-7fa5c022d000 r--p 00009000 00:23 24130743                   /usr/lib64/libbrotlidec.so.1.2.0
7fa5c022d000-7fa5c022e000 r--p 0000c000 00:23 24130743                   /usr/lib64/libbrotlidec.so.1.2.0
7fa5c022e000-7fa5c022f000 rw-p 00000000 00:00 0 
7fa5c022f000-7fa5c023e000 r-xp 00000000 00:23 24128036                   /usr/lib64/libbz2.so.1.0.8
7fa5c023e000-7fa5c0241000 r--p 0000f000 00:23 24128036                   /usr/lib64/libbz2.so.1.0.8
7fa5c0241000-7fa5c0242000 r--p 00011000 00:23 24128036                   /usr/lib64/libbz2.so.1.0.8
7fa5c0242000-7fa5c0243000 rw-p 00012000 00:23 24128036                   /usr/lib64/libbz2.so.1.0.8
7fa5c0243000-7fa5c0248000 r-xp 00000000 00:23 24221935                   /usr/lib64/libdatrie.so.1.4.1
7fa5c0248000-7fa5c024a000 r--p 00005000 00:23 24221935                   /usr/lib64/libdatrie.so.1.4.1
7fa5c024a000-7fa5c024b000 r--p 00007000 00:23 24221935                   /usr/lib64/libdatrie.so.1.4.1
7fa5c024b000-7fa5c024c000 rw-p 00000000 00:00 0 
7fa5c024c000-7fa5c026e000 r-xp 00000000 00:23 41362775                   /usr/lib64/libselinux.so.1
7fa5c026e000-7fa5c027c000 r--p 00022000 00:23 41362775                   /usr/lib64/libselinux.so.1
7fa5c027c000-7fa5c027d000 r--p 00030000 00:23 41362775                   /usr/lib64/libselinux.so.1
7fa5c027d000-7fa5c027e000 rw-p 00031000 00:23 41362775                   /usr/lib64/libselinux.so.1
7fa5c027e000-7fa5c0280000 rw-p 00000000 00:00 0 
7fa5c0280000-7fa5c02be000 r-xp 00000000 00:23 40041655                   /usr/lib64/libmount.so.1.1.0
7fa5c02be000-7fa5c02d7000 r--p 0003e000 00:23 40041655                   /usr/lib64/libmount.so.1.1.0
7fa5c02d7000-7fa5c02d9000 r--p 00057000 00:23 40041655                   /usr/lib64/libmount.so.1.1.0
7fa5c02d9000-7fa5c02da000 rw-p 00059000 00:23 40041655                   /usr/lib64/libmount.so.1.1.0
7fa5c02da000-7fa5c03d6000 r-xp 00000000 00:23 24128019                   /usr/lib64/libxml2.so.2.12.10
7fa5c03d6000-7fa5c043c000 r--p 000fc000 00:23 24128019                   /usr/lib64/libxml2.so.2.12.10
7fa5c043c000-7fa5c0447000 r--p 00161000 00:23 24128019                   /usr/lib64/libxml2.so.2.12.10
7fa5c0447000-7fa5c0448000 rw-p 0016c000 00:23 24128019                   /usr/lib64/libxml2.so.2.12.10
7fa5c0448000-7fa5c0449000 rw-p 00000000 00:00 0 
7fa5c0449000-7fa5c0461000 r-xp 00000000 00:23 24177806                   /usr/lib64/libgraphite2.so.3.2.1
7fa5c0461000-7fa5c0466000 r--p 00018000 00:23 24177806                   /usr/lib64/libgraphite2.so.3.2.1
7fa5c0466000-7fa5c0468000 r--p 0001c000 00:23 24177806                   /usr/lib64/libgraphite2.so.3.2.1
7fa5c0468000-7fa5c0469000 rw-p 00000000 00:00 0 
7fa5c0469000-7fa5c04ea000 r-xp 00000000 00:23 24128431                   /usr/lib64/libpcre2-8.so.0.15.0
7fa5c04ea000-7fa5c0518000 r--p 00081000 00:23 24128431                   /usr/lib64/libpcre2-8.so.0.15.0
7fa5c0518000-7fa5c0519000 r--p 000ae000 00:23 24128431                   /usr/lib64/libpcre2-8.so.0.15.0
7fa5c0519000-7fa5c051a000 rw-p 000af000 00:23 24128431                   /usr/lib64/libpcre2-8.so.0.15.0
7fa5c051a000-7fa5c05ea000 r-xp 00000000 00:23 41038654                   /usr/lib64/libsystemd.so.0.42.0
7fa5c05ea000-7fa5c0648000 r--p 000d0000 00:23 41038654                   /usr/lib64/libsystemd.so.0.42.0
7fa5c0648000-7fa5c0651000 r--p 0012d000 00:23 41038654                   /usr/lib64/libsystemd.so.0.42.0
7fa5c0651000-7fa5c0652000 rw-p 00136000 00:23 41038654                   /usr/lib64/libsystemd.so.0.42.0
7fa5c0652000-7fa5c0653000 rw-p 00000000 00:00 0 
7fa5c0653000-7fa5c06e6000 r-xp 00000000 00:23 24128426                   /usr/lib64/libpixman-1.so.0.46.2
7fa5c06e6000-7fa5c06fb000 r--p 00093000 00:23 24128426                   /usr/lib64/libpixman-1.so.0.46.2
7fa5c06fb000-7fa5c0703000 r--p 000a8000 00:23 24128426                   /usr/lib64/libpixman-1.so.0.46.2
7fa5c0703000-7fa5c0704000 rw-p 000b0000 00:23 24128426                   /usr/lib64/libpixman-1.so.0.46.2
7fa5c0704000-7fa5c070a000 r-xp 00000000 00:23 24131012                   /usr/lib64/libxcb-render.so.0.0.0
7fa5c070a000-7fa5c0711000 r--p 00006000 00:23 24131012                   /usr/lib64/libxcb-render.so.0.0.0
7fa5c0711000-7fa5c0712000 r--p 0000d000 00:23 24131012                   /usr/lib64/libxcb-render.so.0.0.0
7fa5c0712000-7fa5c0713000 rw-p 0000e000 00:23 24131012                   /usr/lib64/libxcb-render.so.0.0.0
7fa5c0713000-7fa5c0727000 r-xp 00000000 00:23 24131042                   /usr/lib64/libxcb.so.1.1.0
7fa5c0727000-7fa5c073b000 r--p 00014000 00:23 24131042                   /usr/lib64/libxcb.so.1.1.0
7fa5c073b000-7fa5c073c000 r--p 00028000 00:23 24131042                   /usr/lib64/libxcb.so.1.1.0
7fa5c073c000-7fa5c073d000 rw-p 00029000 00:23 24131042                   /usr/lib64/libxcb.so.1.1.0
7fa5c073d000-7fa5c0745000 r-xp 00000000 00:23 24131076                   /usr/lib64/libXrender.so.1.3.0
7fa5c0745000-7fa5c0748000 r--p 00008000 00:23 24131076                   /usr/lib64/libXrender.so.1.3.0
7fa5c0748000-7fa5c0749000 r--p 0000a000 00:23 24131076                   /usr/lib64/libXrender.so.1.3.0
7fa5c0749000-7fa5c074a000 rw-p 0000b000 00:23 24131076                   /usr/lib64/libXrender.so.1.3.0
7fa5c074a000-7fa5c0756000 r-xp 00000000 00:23 24131051                   /usr/lib64/libXext.so.6.4.0
7fa5c0756000-7fa5c075c000 r--p 0000c000 00:23 24131051                   /usr/lib64/libXext.so.6.4.0
7fa5c075c000-7fa5c075d000 r--p 00011000 00:23 24131051                   /usr/lib64/libXext.so.6.4.0
7fa5c075d000-7fa5c075e000 rw-p 00012000 00:23 24131051                   /usr/lib64/libXext.so.6.4.0
7fa5c075e000-7fa5c0804000 r-xp 00000000 00:23 24131047                   /usr/lib64/libX11.so.6.4.0
7fa5c0804000-7fa5c08ad000 r--p 000a6000 00:23 24131047                   /usr/lib64/libX11.so.6.4.0
7fa5c08ad000-7fa5c08b0000 r--p 0014e000 00:23 24131047                   /usr/lib64/libX11.so.6.4.0
7fa5c08b0000-7fa5c08b4000 rw-p 00151000 00:23 24131047                   /usr/lib64/libX11.so.6.4.0
7fa5c08b4000-7fa5c0956000 r-xp 00000000 00:23 24177814                   /usr/lib64/libfreetype.so.6.20.6
7fa5c0956000-7fa5c0987000 r--p 000a2000 00:23 24177814                   /usr/lib64/libfreetype.so.6.20.6
7fa5c0987000-7fa5c098f000 r--p 000d2000 00:23 24177814                   /usr/lib64/libfreetype.so.6.20.6
7fa5c098f000-7fa5c0990000 rw-p 00000000 00:00 0 
7fa5c0990000-7fa5c09bc000 r-xp 00000000 00:23 39111003                   /usr/lib64/libpng16.so.16.58.0
7fa5c09bc000-7fa5c09cb000 r--p 0002c000 00:23 39111003                   /usr/lib64/libpng16.so.16.58.0
7fa5c09cb000-7fa5c09cc000 r--p 0003a000 00:23 39111003                   /usr/lib64/libpng16.so.16.58.0
7fa5c09cc000-7fa5c09cd000 rw-p 00000000 00:00 0 
7fa5c09cd000-7fa5c09ea000 r-xp 00000000 00:23 24127946                   /usr/lib64/libz.so.1.3.1.zlib-ng
7fa5c09ea000-7fa5c09f5000 r--p 0001d000 00:23 24127946                   /usr/lib64/libz.so.1.3.1.zlib-ng
7fa5c09f5000-7fa5c09f6000 r--p 00027000 00:23 24127946                   /usr/lib64/libz.so.1.3.1.zlib-ng
7fa5c09f6000-7fa5c09f7000 rw-p 00028000 00:23 24127946                   /usr/lib64/libz.so.1.3.1.zlib-ng
7fa5c09f7000-7fa5c09fd000 r-xp 00000000 00:23 24130722                   /usr/lib64/libfribidi.so.0.4.0
7fa5c09fd000-7fa5c0a15000 r--p 00006000 00:23 24130722                   /usr/lib64/libfribidi.so.0.4.0
7fa5c0a15000-7fa5c0a16000 r--p 0001d000 00:23 24130722                   /usr/lib64/libfribidi.so.0.4.0
7fa5c0a16000-7fa5c0a17000 rw-p 0001e000 00:23 24130722                   /usr/lib64/libfribidi.so.0.4.0
7fa5c0a17000-7fa5c0b3e000 r-xp 00000000 00:23 41389621                   /usr/lib64/libgio-2.0.so.0.8800.3
7fa5c0b3e000-7fa5c0beb000 r--p 00127000 00:23 41389621                   /usr/lib64/libgio-2.0.so.0.8800.3
7fa5c0beb000-7fa5c0bf4000 r--p 001d3000 00:23 41389621                   /usr/lib64/libgio-2.0.so.0.8800.3
7fa5c0bf4000-7fa5c0bf5000 rw-p 001dc000 00:23 41389621                   /usr/lib64/libgio-2.0.so.0.8800.3
7fa5c0bf5000-7fa5c0bf7000 rw-p 00000000 00:00 0 
7fa5c0bf7000-7fa5c0c2a000 r-xp 00000000 00:23 24177857                   /usr/lib64/libfontconfig.so.1.16.0
7fa5c0c2a000-7fa5c0c47000 r--p 00033000 00:23 24177857                   /usr/lib64/libfontconfig.so.1.16.0
7fa5c0c47000-7fa5c0c49000 r--p 00050000 00:23 24177857                   /usr/lib64/libfontconfig.so.1.16.0
7fa5c0c49000-7fa5c0c4a000 rw-p 00052000 00:23 24177857                   /usr/lib64/libfontconfig.so.1.16.0
7fa5c0c4a000-7fa5c0d43000 r-xp 00000000 00:23 24177829                   /usr/lib64/libharfbuzz.so.0.61410.0
7fa5c0d43000-7fa5c0d83000 r--p 000f9000 00:23 24177829                   /usr/lib64/libharfbuzz.so.0.61410.0
7fa5c0d83000-7fa5c0d85000 r--p 00138000 00:23 24177829                   /usr/lib64/libharfbuzz.so.0.61410.0
7fa5c0d85000-7fa5c0d86000 rw-p 0013a000 00:23 24177829                   /usr/lib64/libharfbuzz.so.0.61410.0
7fa5c0d86000-7fa5c0e33000 r-xp 00000000 00:23 41389625                   /usr/lib64/libglib-2.0.so.0.8800.3
7fa5c0e33000-7fa5c0ee5000 r--p 000ad000 00:23 41389625                   /usr/lib64/libglib-2.0.so.0.8800.3
7fa5c0ee5000-7fa5c0ee6000 r--p 0015f000 00:23 41389625                   /usr/lib64/libglib-2.0.so.0.8800.3
7fa5c0ee6000-7fa5c0ee7000 rw-p 00160000 00:23 41389625                   /usr/lib64/libglib-2.0.so.0.8800.3
7fa5c0ee7000-7fa5c0ee8000 rw-p 00000000 00:00 0 
7fa5c0ee8000-7fa5c0ef7000 r-xp 00000000 00:23 24221967                   /usr/lib64/libpangoft2-1.0.so.0.5701.0
7fa5c0ef7000-7fa5c0f02000 r--p 0000f000 00:23 24221967                   /usr/lib64/libpangoft2-1.0.so.0.5701.0
7fa5c0f02000-7fa5c0f03000 r--p 0001a000 00:23 24221967                   /usr/lib64/libpangoft2-1.0.so.0.5701.0
7fa5c0f03000-7fa5c0f04000 rw-p 00000000 00:00 0 
7fa5c0f04000-7fa5c0f3a000 r-xp 00000000 00:23 24127966                   /usr/lib64/libdbus-1.so.3.38.3
7fa5c0f3a000-7fa5c0f59000 r--p 00036000 00:23 24127966                   /usr/lib64/libdbus-1.so.3.38.3
7fa5c0f59000-7fa5c0f5b000 r--p 00054000 00:23 24127966                   /usr/lib64/libdbus-1.so.3.38.3
7fa5c0f5b000-7fa5c0f5c000 rw-p 00056000 00:23 24127966                   /usr/lib64/libdbus-1.so.3.38.3
7fa5c0f5c000-7fa5c1059000 r-xp 00000000 00:23 24178048                   /usr/lib64/libcairo.so.2.11804.4
7fa5c1059000-7fa5c109f000 r--p 000fd000 00:23 24178048                   /usr/lib64/libcairo.so.2.11804.4
7fa5c109f000-7fa5c10a3000 r--p 00143000 00:23 24178048                   /usr/lib64/libcairo.so.2.11804.4
7fa5c10a3000-7fa5c10a5000 rw-p 00147000 00:23 24178048                   /usr/lib64/libcairo.so.2.11804.4
7fa5c10a5000-7fa5c10a6000 rw-p 00000000 00:00 0 
7fa5c10a6000-7fa5c10df000 r-xp 00000000 00:23 41389629                   /usr/lib64/libgobject-2.0.so.0.8800.3
7fa5c10df000-7fa5c1103000 r--p 00039000 00:23 41389629                   /usr/lib64/libgobject-2.0.so.0.8800.3
7fa5c1103000-7fa5c1106000 r--p 0005d000 00:23 41389629                   /usr/lib64/libgobject-2.0.so.0.8800.3
7fa5c1106000-7fa5c1107000 rw-p 00060000 00:23 41389629                   /usr/lib64/libgobject-2.0.so.0.8800.3
7fa5c1107000-7fa5c1149000 r-xp 00000000 00:23 24221963                   /usr/lib64/libpango-1.0.so.0.5701.0
7fa5c1149000-7fa5c1171000 r--p 00042000 00:23 24221963                   /usr/lib64/libpango-1.0.so.0.5701.0
7fa5c1171000-7fa5c1175000 r--p 00069000 00:23 24221963                   /usr/lib64/libpango-1.0.so.0.5701.0
7fa5c1175000-7fa5c1176000 rw-p 0006d000 00:23 24221963                   /usr/lib64/libpango-1.0.so.0.5701.0
7fa5c1176000-7fa5c1177000 r-xp 00000000 00:23 24131216                   /usr/lib64/libXcomposite.so.1.0.0
7fa5c1177000-7fa5c1178000 r--p 00001000 00:23 24131216                   /usr/lib64/libXcomposite.so.1.0.0
7fa5c1178000-7fa5c1179000 r--p 00001000 00:23 24131216                   /usr/lib64/libXcomposite.so.1.0.0
7fa5c1179000-7fa5c117a000 rw-p 00000000 00:00 0 
7fa5c117a000-7fa5c117c000 r-xp 00000000 00:23 24178059                   /usr/lib64/libcairo-gobject.so.2.11804.4
7fa5c117c000-7fa5c1180000 r--p 00002000 00:23 24178059                   /usr/lib64/libcairo-gobject.so.2.11804.4
7fa5c1180000-7fa5c1182000 r--p 00005000 00:23 24178059                   /usr/lib64/libcairo-gobject.so.2.11804.4
7fa5c1182000-7fa5c1183000 rw-p 00000000 00:00 0 
7fa5c1183000-7fa5c118d000 r-xp 00000000 00:23 24300027                   /usr/lib64/libEGL.so.1.1.0
7fa5c118d000-7fa5c1192000 r--p 0000a000 00:23 24300027                   /usr/lib64/libEGL.so.1.1.0
7fa5c1192000-7fa5c1193000 r--p 0000f000 00:23 24300027                   /usr/lib64/libEGL.so.1.1.0
7fa5c1193000-7fa5c1194000 rw-p 00010000 00:23 24300027                   /usr/lib64/libEGL.so.1.1.0
7fa5c1194000-7fa5c11c4000 r-xp 00000000 00:23 24128119                   /usr/lib64/libxkbcommon.so.0.13.1
7fa5c11c4000-7fa5c11f0000 r--p 00030000 00:23 24128119                   /usr/lib64/libxkbcommon.so.0.13.1
7fa5c11f0000-7fa5c11f2000 r--p 0005b000 00:23 24128119                   /usr/lib64/libxkbcommon.so.0.13.1
7fa5c11f2000-7fa5c11f3000 rw-p 0005d000 00:23 24128119                   /usr/lib64/libxkbcommon.so.0.13.1
7fa5c11f3000-7fa5c1218000 r-xp 00000000 00:2a 7370                       /tmp/lwjgl_seal/3.4.0-snapshot/x64/libglfw.so
7fa5c1218000-7fa5c1267000 r--p 00025000 00:2a 7370                       /tmp/lwjgl_seal/3.4.0-snapshot/x64/libglfw.so
7fa5c1267000-7fa5c126b000 r--p 00074000 00:2a 7370                       /tmp/lwjgl_seal/3.4.0-snapshot/x64/libglfw.so
7fa5c126b000-7fa5c126e000 rw-p 00078000 00:2a 7370                       /tmp/lwjgl_seal/3.4.0-snapshot/x64/libglfw.so
7fa5c126e000-7fa5c1291000 rw-p 00000000 00:00 0 
7fa5c1291000-7fa5c1295000 ---p 00000000 00:00 0 
7fa5c1295000-7fa5c1391000 rw-p 00000000 00:00 0 
7fa5c1391000-7fa5c1395000 ---p 00000000 00:00 0 
7fa5c1395000-7fa5c1491000 rw-p 00000000 00:00 0 
7fa5c1491000-7fa5c1495000 ---p 00000000 00:00 0 
7fa5c1495000-7fa5c1591000 rw-p 00000000 00:00 0 
7fa5c1591000-7fa5c1595000 ---p 00000000 00:00 0 
7fa5c1595000-7fa5c1691000 rw-p 00000000 00:00 0 
7fa5c1691000-7fa5c1695000 ---p 00000000 00:00 0 
7fa5c1695000-7fa5c1791000 rw-p 00000000 00:00 0 
7fa5c1791000-7fa5c1795000 ---p 00000000 00:00 0 
7fa5c1795000-7fa5c1891000 rw-p 00000000 00:00 0 
7fa5c1891000-7fa5c1895000 ---p 00000000 00:00 0 
7fa5c1895000-7fa5c1991000 rw-p 00000000 00:00 0 
7fa5c1991000-7fa5c1995000 ---p 00000000 00:00 0 
7fa5c1995000-7fa5c1a91000 rw-p 00000000 00:00 0 
7fa5c1a91000-7fa5c1a95000 ---p 00000000 00:00 0 
7fa5c1a95000-7fa5c1b91000 rw-p 00000000 00:00 0 
7fa5c1b91000-7fa5c1b95000 ---p 00000000 00:00 0 
7fa5c1b95000-7fa5c1c91000 rw-p 00000000 00:00 0 
7fa5c1c91000-7fa5c1c95000 ---p 00000000 00:00 0 
7fa5c1c95000-7fa5c1d91000 rw-p 00000000 00:00 0 
7fa5c1d91000-7fa5c1d95000 ---p 00000000 00:00 0 
7fa5c1d95000-7fa5c1f93000 rw-p 00000000 00:00 0 
7fa5c1f93000-7fa5c1f97000 ---p 00000000 00:00 0 
7fa5c1f97000-7fa5c2397000 rw-p 00000000 00:00 0 
7fa5c2397000-7fa5c4c20000 rw-p 00000000 00:00 0 
7fa5c4c20000-7fa5e0be0000 ---p 00000000 00:00 0 
7fa5e0be0000-7fa5e1010000 rw-p 00000000 00:00 0 
7fa5e1010000-7fa5e4808000 ---p 00000000 00:00 0 
7fa5e4808000-7fa5e4c00000 rw-p 00000000 00:00 0 
7fa5e4c00000-7fa5e83f8000 ---p 00000000 00:00 0 
7fa5e83f8000-7fa5e8400000 rw-p 00000000 00:00 0 
7fa5e8400000-7fa5e8670000 rwxp 00000000 00:00 0 
7fa5e8670000-7fa5ef85f000 ---p 00000000 00:00 0 
7fa5ef85f000-7fa5efc1f000 rwxp 00000000 00:00 0 
7fa5efc1f000-7fa5eff9f000 ---p 00000000 00:00 0 
7fa5eff9f000-7fa5f020f000 rwxp 00000000 00:00 0 
7fa5f020f000-7fa5f7400000 ---p 00000000 00:00 0 
7fa5f7400000-7fa5fff14000 r--s 00000000 00:23 3691029                    /home/seal/.sdkman/candidates/java/25-tem/lib/modules
7fa5fff14000-7fa5fff15000 r-xp 00000000 00:23 24131209                   /usr/lib64/libXdamage.so.1.1.0
7fa5fff15000-7fa5fff16000 r--p 00001000 00:23 24131209                   /usr/lib64/libXdamage.so.1.1.0
7fa5fff16000-7fa5fff17000 r--p 00001000 00:23 24131209                   /usr/lib64/libXdamage.so.1.1.0
7fa5fff17000-7fa5fff18000 rw-p 00000000 00:00 0 
7fa5fff18000-7fa5fff1a000 r-xp 00000000 00:23 41389627                   /usr/lib64/libgmodule-2.0.so.0.8800.3
7fa5fff1a000-7fa5fff1c000 r--p 00002000 00:23 41389627                   /usr/lib64/libgmodule-2.0.so.0.8800.3
7fa5fff1c000-7fa5fff1d000 r--p 00003000 00:23 41389627                   /usr/lib64/libgmodule-2.0.so.0.8800.3
7fa5fff1d000-7fa5fff1e000 rw-p 00004000 00:23 41389627                   /usr/lib64/libgmodule-2.0.so.0.8800.3
7fa5fff1e000-7fa5fff28000 r-xp 00000000 00:23 24221965                   /usr/lib64/libpangocairo-1.0.so.0.5701.0
7fa5fff28000-7fa5fff2f000 r--p 0000a000 00:23 24221965                   /usr/lib64/libpangocairo-1.0.so.0.5701.0
7fa5fff2f000-7fa5fff30000 r--p 00010000 00:23 24221965                   /usr/lib64/libpangocairo-1.0.so.0.5701.0
7fa5fff30000-7fa5fff31000 rw-p 00011000 00:23 24221965                   /usr/lib64/libpangocairo-1.0.so.0.5701.0
7fa5fff31000-7fa5fff3c000 r-xp 00000000 00:23 24130287                   /usr/lib64/libffi.so.8.2.0
7fa5fff3c000-7fa5fff3f000 r--p 0000b000 00:23 24130287                   /usr/lib64/libffi.so.8.2.0
7fa5fff3f000-7fa5fff40000 r--p 0000e000 00:23 24130287                   /usr/lib64/libffi.so.8.2.0
7fa5fff40000-7fa5fff41000 rw-p 0000f000 00:23 24130287                   /usr/lib64/libffi.so.8.2.0
7fa5fff41000-7fa5fff49000 r-xp 00000000 00:23 40367672                   /usr/lib64/libwayland-client.so.0.25.0
7fa5fff49000-7fa5fff4e000 r--p 00008000 00:23 40367672                   /usr/lib64/libwayland-client.so.0.25.0
7fa5fff4e000-7fa5fff50000 r--p 0000d000 00:23 40367672                   /usr/lib64/libwayland-client.so.0.25.0
7fa5fff50000-7fa5fff51000 rw-p 0000f000 00:23 40367672                   /usr/lib64/libwayland-client.so.0.25.0
7fa5fff51000-7fa5fff53000 r--p 00000000 00:01 5274                       /memfd:kwin-dmabuf-feedback-table (deleted)
7fa5fff53000-7fa5fff58000 r-xp 00000000 00:23 24221939                   /usr/lib64/libthai.so.0.3.2
7fa5fff58000-7fa5fff5d000 r--p 00005000 00:23 24221939                   /usr/lib64/libthai.so.0.3.2
7fa5fff5d000-7fa5fff5e000 r--p 00009000 00:23 24221939                   /usr/lib64/libthai.so.0.3.2
7fa5fff5e000-7fa5fff5f000 rw-p 0000a000 00:23 24221939                   /usr/lib64/libthai.so.0.3.2
7fa5fff5f000-7fa5fff66000 r-xp 00000000 00:23 24294615                   /usr/lib64/libdecor/plugins-1/libdecor-cairo.so
7fa5fff66000-7fa5fff6b000 r--p 00007000 00:23 24294615                   /usr/lib64/libdecor/plugins-1/libdecor-cairo.so
7fa5fff6b000-7fa5fff6e000 r--p 0000b000 00:23 24294615                   /usr/lib64/libdecor/plugins-1/libdecor-cairo.so
7fa5fff6e000-7fa5fff6f000 rw-p 0000e000 00:23 24294615                   /usr/lib64/libdecor/plugins-1/libdecor-cairo.so
7fa5fff6f000-7fa5fffa4000 r-xp 00000000 00:2a 7369                       /tmp/lwjgl_seal/3.4.0-snapshot/x64/liblwjgl.so
7fa5fffa4000-7fa5fffec000 r--p 00035000 00:2a 7369                       /tmp/lwjgl_seal/3.4.0-snapshot/x64/liblwjgl.so
7fa5fffec000-7fa5fffed000 r--p 0007c000 00:2a 7369                       /tmp/lwjgl_seal/3.4.0-snapshot/x64/liblwjgl.so
7fa5fffed000-7fa5fffee000 rw-p 0007d000 00:2a 7369                       /tmp/lwjgl_seal/3.4.0-snapshot/x64/liblwjgl.so
7fa5fffee000-7fa5ffff2000 r--p 00000000 00:23 3690967                    /home/seal/.sdkman/candidates/java/25-tem/lib/libverify.so
7fa5ffff2000-7fa5ffffb000 r-xp 00004000 00:23 3690967                    /home/seal/.sdkman/candidates/java/25-tem/lib/libverify.so
7fa5ffffb000-7fa5ffffd000 r--p 0000d000 00:23 3690967                    /home/seal/.sdkman/candidates/java/25-tem/lib/libverify.so
7fa5ffffd000-7fa5fffff000 r--p 0000e000 00:23 3690967                    /home/seal/.sdkman/candidates/java/25-tem/lib/libverify.so
7fa5fffff000-7fa600000000 rw-p 00010000 00:23 3690967                    /home/seal/.sdkman/candidates/java/25-tem/lib/libverify.so
7fa600000000-7fa600a8c000 rw-p 00000000 00:00 0 
7fa600a8c000-7fa604000000 ---p 00000000 00:00 0 
7fa604000000-7fa604001000 rw-s 00000000 00:07 1383                       /dev/nvidiactl
7fa604001000-7fa604002000 r--s 00000000 00:07 1383                       /dev/nvidiactl
7fa604002000-7fa604006000 r-xp 00000000 00:23 24294614                   /usr/lib64/libdecor-0.so.0.200.5
7fa604006000-7fa604009000 r--p 00004000 00:23 24294614                   /usr/lib64/libdecor-0.so.0.200.5
7fa604009000-7fa60400a000 r--p 00007000 00:23 24294614                   /usr/lib64/libdecor-0.so.0.200.5
7fa60400a000-7fa60400b000 rw-p 00008000 00:23 24294614                   /usr/lib64/libdecor-0.so.0.200.5
7fa60400b000-7fa60400d000 r--p 00000000 00:23 3690972                    /home/seal/.sdkman/candidates/java/25-tem/lib/libzip.so
7fa60400d000-7fa60401f000 r-xp 00002000 00:23 3690972                    /home/seal/.sdkman/candidates/java/25-tem/lib/libzip.so
7fa60401f000-7fa604027000 r--p 00014000 00:23 3690972                    /home/seal/.sdkman/candidates/java/25-tem/lib/libzip.so
7fa604027000-7fa604028000 r--p 0001b000 00:23 3690972                    /home/seal/.sdkman/candidates/java/25-tem/lib/libzip.so
7fa604028000-7fa604029000 rw-p 0001c000 00:23 3690972                    /home/seal/.sdkman/candidates/java/25-tem/lib/libzip.so
7fa604029000-7fa60402c000 r--p 00000000 00:23 3690988                    /home/seal/.sdkman/candidates/java/25-tem/lib/libnet.so
7fa60402c000-7fa604034000 r-xp 00003000 00:23 3690988                    /home/seal/.sdkman/candidates/java/25-tem/lib/libnet.so
7fa604034000-7fa604036000 r--p 0000b000 00:23 3690988                    /home/seal/.sdkman/candidates/java/25-tem/lib/libnet.so
7fa604036000-7fa604037000 r--p 0000c000 00:23 3690988                    /home/seal/.sdkman/candidates/java/25-tem/lib/libnet.so
7fa604037000-7fa604038000 rw-p 0000d000 00:23 3690988                    /home/seal/.sdkman/candidates/java/25-tem/lib/libnet.so
7fa604038000-7fa604039000 r--p 00000000 00:23 3691005                    /home/seal/.sdkman/candidates/java/25-tem/lib/libsimdsort.so
7fa604039000-7fa604072000 r-xp 00001000 00:23 3691005                    /home/seal/.sdkman/candidates/java/25-tem/lib/libsimdsort.so
7fa604072000-7fa604078000 r--p 0003a000 00:23 3691005                    /home/seal/.sdkman/candidates/java/25-tem/lib/libsimdsort.so
7fa604078000-7fa604079000 r--p 0003f000 00:23 3691005                    /home/seal/.sdkman/candidates/java/25-tem/lib/libsimdsort.so
7fa604079000-7fa60407a000 rw-p 00040000 00:23 3691005                    /home/seal/.sdkman/candidates/java/25-tem/lib/libsimdsort.so
7fa60407a000-7fa606600000 rw-p 00000000 00:00 0 
7fa606600000-7fa606602000 r--p 00000000 00:01 5274                       /memfd:kwin-dmabuf-feedback-table (deleted)
7fa606602000-7fa606605000 r-xp 00000000 00:23 40449098                   /usr/lib64/libwayland-cursor.so.0.25.0
7fa606605000-7fa606607000 r--p 00003000 00:23 40449098                   /usr/lib64/libwayland-cursor.so.0.25.0
7fa606607000-7fa606608000 r--p 00004000 00:23 40449098                   /usr/lib64/libwayland-cursor.so.0.25.0
7fa606608000-7fa60660c000 rw-p 00005000 00:23 40449098                   /usr/lib64/libwayland-cursor.so.0.25.0
7fa60660c000-7fa6067a9000 rw-p 00000000 00:00 0 
7fa6067a9000-7fa606aac000 rw-p 00000000 00:00 0 
7fa606aac000-7fa607c1c000 rw-p 00000000 00:00 0 
7fa607c1c000-7fa607d00000 ---p 00000000 00:00 0 
7fa607d00000-7fa607d05000 rw-p 00000000 00:00 0 
7fa607d05000-7fa607de9000 ---p 00000000 00:00 0 
7fa607de9000-7fa607ded000 ---p 00000000 00:00 0 
7fa607ded000-7fa607ee9000 rw-p 00000000 00:00 0 
7fa607ee9000-7fa607f78000 r-xp 00000000 00:23 41466285                   /usr/lib64/libm.so.6
7fa607f78000-7fa607ffe000 r--p 0008f000 00:23 41466285                   /usr/lib64/libm.so.6
7fa607ffe000-7fa607fff000 r--p 00114000 00:23 41466285                   /usr/lib64/libm.so.6
7fa607fff000-7fa608000000 rw-p 00115000 00:23 41466285                   /usr/lib64/libm.so.6
7fa608000000-7fa6082e2000 r--p 00000000 00:23 3690991                    /home/seal/.sdkman/candidates/java/25-tem/lib/server/libjvm.so
7fa6082e2000-7fa6092e2000 r-xp 002e2000 00:23 3690991                    /home/seal/.sdkman/candidates/java/25-tem/lib/server/libjvm.so
7fa6092e2000-7fa6095f2000 r--p 012e2000 00:23 3690991                    /home/seal/.sdkman/candidates/java/25-tem/lib/server/libjvm.so
7fa6095f2000-7fa6096dd000 r--p 015f2000 00:23 3690991                    /home/seal/.sdkman/candidates/java/25-tem/lib/server/libjvm.so
7fa6096dd000-7fa609708000 rw-p 016dd000 00:23 3690991                    /home/seal/.sdkman/candidates/java/25-tem/lib/server/libjvm.so
7fa609708000-7fa609784000 rw-p 00000000 00:00 0 
7fa609784000-7fa609785000 r-xp 00000000 00:23 24131020                   /usr/lib64/libxcb-shm.so.0.0.0
7fa609785000-7fa609786000 r--p 00001000 00:23 24131020                   /usr/lib64/libxcb-shm.so.0.0.0
7fa609786000-7fa609787000 r--p 00002000 00:23 24131020                   /usr/lib64/libxcb-shm.so.0.0.0
7fa609787000-7fa609788000 rw-p 00003000 00:23 24131020                   /usr/lib64/libxcb-shm.so.0.0.0
7fa609788000-7fa609789000 r-xp 00000000 00:23 40451084                   /usr/lib64/libwayland-egl.so.1.25.0
7fa609789000-7fa60978a000 r--p 00001000 00:23 40451084                   /usr/lib64/libwayland-egl.so.1.25.0
7fa60978a000-7fa60978b000 r--p 00001000 00:23 40451084                   /usr/lib64/libwayland-egl.so.1.25.0
7fa60978b000-7fa60978c000 rw-p 00000000 00:00 0 
7fa60978c000-7fa609794000 r--p 00000000 00:23 3691028                    /home/seal/.sdkman/candidates/java/25-tem/lib/libnio.so
7fa609794000-7fa60979d000 r-xp 00008000 00:23 3691028                    /home/seal/.sdkman/candidates/java/25-tem/lib/libnio.so
7fa60979d000-7fa6097a1000 r--p 00011000 00:23 3691028                    /home/seal/.sdkman/candidates/java/25-tem/lib/libnio.so
7fa6097a1000-7fa6097a2000 r--p 00015000 00:23 3691028                    /home/seal/.sdkman/candidates/java/25-tem/lib/libnio.so
7fa6097a2000-7fa6097a3000 rw-p 00016000 00:23 3691028                    /home/seal/.sdkman/candidates/java/25-tem/lib/libnio.so
7fa6097a3000-7fa6097b1000 r--p 00000000 00:23 3690980                    /home/seal/.sdkman/candidates/java/25-tem/lib/libjava.so
7fa6097b1000-7fa6097bf000 r-xp 0000e000 00:23 3690980                    /home/seal/.sdkman/candidates/java/25-tem/lib/libjava.so
7fa6097bf000-7fa6097c4000 r--p 0001c000 00:23 3690980                    /home/seal/.sdkman/candidates/java/25-tem/lib/libjava.so
7fa6097c4000-7fa6097c5000 r--p 00021000 00:23 3690980                    /home/seal/.sdkman/candidates/java/25-tem/lib/libjava.so
7fa6097c5000-7fa6097c6000 rw-p 00022000 00:23 3690980                    /home/seal/.sdkman/candidates/java/25-tem/lib/libjava.so
7fa6097c6000-7fa6097c7000 rw-p 00000000 00:00 0 
7fa6097c7000-7fa6097cb000 r--p 00000000 00:23 3690983                    /home/seal/.sdkman/candidates/java/25-tem/lib/libjimage.so
7fa6097cb000-7fa6097e3000 r-xp 00004000 00:23 3690983                    /home/seal/.sdkman/candidates/java/25-tem/lib/libjimage.so
7fa6097e3000-7fa6097e9000 r--p 0001c000 00:23 3690983                    /home/seal/.sdkman/candidates/java/25-tem/lib/libjimage.so
7fa6097e9000-7fa6097eb000 r--p 00021000 00:23 3690983                    /home/seal/.sdkman/candidates/java/25-tem/lib/libjimage.so
7fa6097eb000-7fa6097ec000 rw-p 00023000 00:23 3690983                    /home/seal/.sdkman/candidates/java/25-tem/lib/libjimage.so
7fa6097ec000-7fa6097ed000 r-xp 00000000 00:23 41466293                   /usr/lib64/librt.so.1
7fa6097ed000-7fa6097ee000 r--p 00001000 00:23 41466293                   /usr/lib64/librt.so.1
7fa6097ee000-7fa6097ef000 r--p 00001000 00:23 41466293                   /usr/lib64/librt.so.1
7fa6097ef000-7fa6097f2000 rw-p 00000000 00:00 0 
7fa6097f2000-7fa6097f3000 r-xp 00000000 00:23 41466291                   /usr/lib64/libpthread.so.0
7fa6097f3000-7fa6097f4000 r--p 00001000 00:23 41466291                   /usr/lib64/libpthread.so.0
7fa6097f4000-7fa6097f5000 r--p 00001000 00:23 41466291                   /usr/lib64/libpthread.so.0
7fa6097f5000-7fa6097f6000 rw-p 00000000 00:00 0 
7fa6097f6000-7fa6097f7000 r-xp 00000000 00:23 41466284                   /usr/lib64/libdl.so.2
7fa6097f7000-7fa6097f8000 r--p 00001000 00:23 41466284                   /usr/lib64/libdl.so.2
7fa6097f8000-7fa6097f9000 r--p 00001000 00:23 41466284                   /usr/lib64/libdl.so.2
7fa6097f9000-7fa6097fa000 rw-p 00000000 00:00 0 
7fa6097fa000-7fa60996c000 r-xp 00000000 00:23 41466283                   /usr/lib64/libc.so.6
7fa60996c000-7fa6099e5000 r--p 00172000 00:23 41466283                   /usr/lib64/libc.so.6
7fa6099e5000-7fa6099e9000 r--p 001eb000 00:23 41466283                   /usr/lib64/libc.so.6
7fa6099e9000-7fa6099eb000 rw-p 001ef000 00:23 41466283                   /usr/lib64/libc.so.6
7fa6099eb000-7fa6099f3000 rw-p 00000000 00:00 0 
7fa6099f3000-7fa6099f4000 r--s 00000000 00:07 1383                       /dev/nvidiactl
7fa6099f4000-7fa6099f5000 rw-p 00000000 00:00 0 
7fa6099f5000-7fa6099f6000 r-xp 00033000 00:2a 7369                       /tmp/lwjgl_seal/3.4.0-snapshot/x64/liblwjgl.so
7fa6099f6000-7fa6099ff000 rw-p 00000000 00:00 0 
7fa6099ff000-7fa609a06000 ---p 00000000 00:00 0 
7fa609a06000-7fa609a0e000 rw-s 00000000 00:2a 7721                       /tmp/hsperfdata_seal/32468
7fa609a0e000-7fa609a0f000 ---p 00000000 00:00 0 
7fa609a0f000-7fa609a10000 r--p 00000000 00:00 0 
7fa609a10000-7fa609a11000 ---p 00000000 00:00 0 
7fa609a11000-7fa609a14000 r--p 00000000 00:23 3690997                    /home/seal/.sdkman/candidates/java/25-tem/lib/libjli.so
7fa609a14000-7fa609a25000 r-xp 00003000 00:23 3690997                    /home/seal/.sdkman/candidates/java/25-tem/lib/libjli.so
7fa609a25000-7fa609a2c000 r--p 00014000 00:23 3690997                    /home/seal/.sdkman/candidates/java/25-tem/lib/libjli.so
7fa609a2c000-7fa609a2d000 r--p 0001a000 00:23 3690997                    /home/seal/.sdkman/candidates/java/25-tem/lib/libjli.so
7fa609a2d000-7fa609a2e000 rw-p 0001b000 00:23 3690997                    /home/seal/.sdkman/candidates/java/25-tem/lib/libjli.so
7fa609a2e000-7fa609a30000 rw-p 00000000 00:00 0 
7fa609a30000-7fa609a34000 r--p 00000000 00:00 0                          [vvar]
7fa609a34000-7fa609a36000 r--p 00000000 00:00 0                          [vvar_vclock]
7fa609a36000-7fa609a38000 r-xp 00000000 00:00 0                          [vdso]
7fa609a38000-7fa609a63000 r-xp 00000000 00:23 41466280                   /usr/lib64/ld-linux-x86-64.so.2
7fa609a63000-7fa609a6f000 r--p 0002b000 00:23 41466280                   /usr/lib64/ld-linux-x86-64.so.2
7fa609a6f000-7fa609a71000 r--p 00037000 00:23 41466280                   /usr/lib64/ld-linux-x86-64.so.2
7fa609a71000-7fa609a72000 rw-p 00039000 00:23 41466280                   /usr/lib64/ld-linux-x86-64.so.2
7fa609a72000-7fa609a73000 rw-p 00000000 00:00 0 
7ffc3286b000-7ffc3288d000 rw-p 00000000 00:00 0                          [stack]
ffffffffff600000-ffffffffff601000 --xp 00000000 00:00 0                  [vsyscall]
Total number of mappings: 727

JVMTI agents: none


VM Arguments:
jvm_args: -Dorg.lwjgl.glfw.libname=glfw 
java_command: build/libs/NanoCraft-snap.jar
java_class_path (initial): build/libs/NanoCraft-snap.jar
Launcher Type: SUN_STANDARD

[Global flags]
     intx CICompilerCount                          = 12                                        {product} {ergonomic}
     uint ConcGCThreads                            = 4                                         {product} {ergonomic}
     uint G1ConcRefinementThreads                  = 15                                        {product} {ergonomic}
   size_t G1HeapRegionSize                         = 16777216                                  {product} {ergonomic}
   size_t InitialHeapSize                          = 2113929216                                {product} {ergonomic}
   size_t MarkStackSize                            = 4194304                                   {product} {ergonomic}
   size_t MarkStackSizeMax                         = 536870912                                 {product} {ergonomic}
   size_t MaxHeapSize                              = 32178700288                               {product} {ergonomic}
   size_t MaxNewSize                               = 19293798400                               {product} {ergonomic}
   size_t MinHeapDeltaBytes                        = 16777216                                  {product} {ergonomic}
   size_t MinHeapSize                              = 16777216                                  {product} {ergonomic}
    uintx NonNMethodCodeHeapSize                   = 7602176                                {pd product} {ergonomic}
    uintx NonProfiledCodeHeapSize                  = 122032128                              {pd product} {ergonomic}
    uintx ProfiledCodeHeapSize                     = 122023936                              {pd product} {ergonomic}
    uintx ReservedCodeCacheSize                    = 251658240                              {pd product} {ergonomic}
     bool SegmentedCodeCache                       = true                                      {product} {ergonomic}
   size_t SoftMaxHeapSize                          = 32178700288                            {manageable} {ergonomic}
     bool UseCompressedOops                        = true                           {product lp64_product} {ergonomic}
     bool UseG1GC                                  = true                                      {product} {ergonomic}

Logging:
Log output configuration:
 #0: stdout all=warning uptime,level,tags foldmultilines=false
 #1: stderr all=off uptime,level,tags foldmultilines=false

Release file:
IMPLEMENTOR="Eclipse Adoptium"
IMPLEMENTOR_VERSION="Temurin-25+36"
JAVA_RUNTIME_VERSION="25+36-LTS"
JAVA_VERSION="25"
JAVA_VERSION_DATE="2025-09-16"
LIBC="gnu"
MODULES="java.base java.compiler java.datatransfer java.xml java.prefs java.desktop java.instrument java.logging java.management java.security.sasl java.naming java.rmi java.management.rmi java.net.http java.scripting java.security.jgss java.transaction.xa java.sql java.sql.rowset java.xml.crypto java.se java.smartcardio jdk.accessibility jdk.internal.jvmstat jdk.attach jdk.charsets jdk.internal.opt jdk.zipfs jdk.compiler jdk.crypto.cryptoki jdk.crypto.ec jdk.dynalink jdk.internal.ed jdk.editpad jdk.internal.vm.ci jdk.graal.compiler jdk.graal.compiler.management jdk.hotspot.agent jdk.httpserver jdk.incubator.vector jdk.internal.le jdk.internal.md jdk.jartool jdk.javadoc jdk.jcmd jdk.management jdk.management.agent jdk.jconsole jdk.jdeps jdk.jdwp.agent jdk.jdi jdk.jfr jdk.jlink jdk.jpackage jdk.jshell jdk.jsobject jdk.jstatd jdk.localedata jdk.management.jfr jdk.naming.dns jdk.naming.rmi jdk.net jdk.nio.mapmode jdk.sctp jdk.security.auth jdk.security.jgss jdk.unsupported jdk.unsupported.desktop jdk.xml.dom"
OS_ARCH="x86_64"
OS_NAME="Linux"
SOURCE=".:git:ef82ae723551"
BUILD_SOURCE="git:b7337f50fb2a765519e79674ae790c2a7450149e"
BUILD_SOURCE_REPO="https://github.com/adoptium/temurin-build.git"
SOURCE_REPO="https://github.com/adoptium/jdk.git"
FULL_VERSION="25+36-LTS"
SEMANTIC_VERSION="25+36"
BUILD_INFO="OS: Linux Version: 6.8.0-1031-azure"
JVM_VARIANT="Hotspot"
JVM_VERSION="25+36-LTS"
IMAGE_TYPE="JDK"

Environment Variables:
JAVA_HOME=/home/seal/.sdkman/candidates/java/current
PATH=/home/seal/.sdkman/candidates/java/current/bin:/home/seal/.local/bin:/home/seal/bin:/usr/local/bin:/usr/bin:/usr/local/sbin:/usr/sbin
SHELL=/bin/bash
DISPLAY=:0
LANG=en_US.UTF-8
LC_NUMERIC=C
LC_TIME=C
TERM=xterm-256color

Active Locale:
LC_ALL=LC_CTYPE=en_US.UTF-8;LC_NUMERIC=C;LC_TIME=C;LC_COLLATE=en_US.UTF-8;LC_MONETARY=en_US.UTF-8;LC_MESSAGES=en_US.UTF-8;LC_PAPER=en_US.UTF-8;LC_NAME=en_US.UTF-8;LC_ADDRESS=en_US.UTF-8;LC_TELEPHONE=en_US.UTF-8;LC_MEASUREMENT=C;LC_IDENTIFICATION=en_US.UTF-8
LC_COLLATE=en_US.UTF-8
LC_CTYPE=en_US.UTF-8
LC_MESSAGES=en_US.UTF-8
LC_MONETARY=en_US.UTF-8
LC_NUMERIC=C
LC_TIME=C

Signal Handlers:
   SIGSEGV: crash_handler in libjvm.so, mask=11100100010111111101111111111110, flags=SA_RESTART|SA_SIGINFO, unblocked
    SIGBUS: crash_handler in libjvm.so, mask=11100100010111111101111111111110, flags=SA_RESTART|SA_SIGINFO, unblocked
    SIGFPE: crash_handler in libjvm.so, mask=11100100010111111101111111111110, flags=SA_RESTART|SA_SIGINFO, unblocked
   SIGPIPE: javaSignalHandler in libjvm.so, mask=11100100010111111101111111111110, flags=SA_RESTART|SA_SIGINFO, blocked
   SIGXFSZ: javaSignalHandler in libjvm.so, mask=11100100010111111101111111111110, flags=SA_RESTART|SA_SIGINFO, blocked
    SIGILL: crash_handler in libjvm.so, mask=11100100010111111101111111111110, flags=SA_RESTART|SA_SIGINFO, unblocked
   SIGUSR2: SR_handler in libjvm.so, mask=00000000000000000000000000000000, flags=SA_RESTART|SA_SIGINFO, blocked
    SIGHUP: UserHandler in libjvm.so, mask=11100100010111111101111111111110, flags=SA_RESTART|SA_SIGINFO, blocked
    SIGINT: UserHandler in libjvm.so, mask=11100100010111111101111111111110, flags=SA_RESTART|SA_SIGINFO, blocked
   SIGTERM: UserHandler in libjvm.so, mask=11100100010111111101111111111110, flags=SA_RESTART|SA_SIGINFO, blocked
   SIGQUIT: UserHandler in libjvm.so, mask=11100100010111111101111111111110, flags=SA_RESTART|SA_SIGINFO, blocked
   SIGTRAP: crash_handler in libjvm.so, mask=11100100010111111101111111111110, flags=SA_RESTART|SA_SIGINFO, unblocked


Compilation memory statistics disabled.

Periodic native trim disabled

---------------  S Y S T E M  ---------------

OS:
Fedora release 44 (Forty Four)
uname: Linux 7.1.12-200.fc44.x86_64 #1 SMP PREEMPT_DYNAMIC Fri Aug 28 14:00:18 UTC 2026 x86_64
OS uptime: 0 days 9:48 hours
libc: glibc 2.43 NPTL 2.43 
rlimit (soft/hard): STACK 8192k/infinity , CORE infinity/infinity , NPROC 513653/513653 , NOFILE 524288/524288 , AS infinity/infinity , CPU infinity/infinity , DATA infinity/infinity , FSIZE infinity/infinity , MEMLOCK 8192k/8192k
load average: 1.61 1.47 1.03

/proc/meminfo:
MemTotal:       131553804 kB
MemFree:        28073576 kB
MemAvailable:   44971156 kB
Buffers:            4120 kB
Cached:         67548968 kB
SwapCached:            0 kB
Active:         89387292 kB
Inactive:       11108652 kB
Active(anon):   83550304 kB
Inactive(anon):        0 kB
Active(file):    5836988 kB
Inactive(file): 11108652 kB
Unevictable:          48 kB
Mlocked:              48 kB
SwapTotal:       8388604 kB
SwapFree:        8388604 kB
Zswap:                 0 kB
Zswapped:              0 kB
Dirty:              5700 kB
Writeback:             0 kB
AnonPages:      32943872 kB
Mapped:         53488064 kB
Shmem:          51089292 kB
KReclaimable:    1205532 kB
Slab:            1724580 kB
SReclaimable:    1205532 kB
SUnreclaim:       519048 kB
KernelStack:       42192 kB
PageTables:       245428 kB
SecPageTables:      7592 kB
NFS_Unstable:          0 kB
Bounce:                0 kB
WritebackTmp:          0 kB
CommitLimit:    74165504 kB
Committed_AS:   132246468 kB
VmallocTotal:   34359738367 kB
VmallocUsed:      313236 kB
VmallocChunk:          0 kB
Percpu:            17120 kB
HardwareCorrupted:     0 kB
AnonHugePages:   3233792 kB
ShmemHugePages:        0 kB
ShmemPmdMapped:        0 kB
FileHugePages:     20480 kB
FilePmdMapped:     12288 kB
CmaTotal:              0 kB
CmaFree:               0 kB
Unaccepted:            0 kB
Balloon:               0 kB
GPUActive:             0 kB
GPUReclaim:            0 kB
HugePages_Total:       0
HugePages_Free:        0
HugePages_Rsvd:        0
HugePages_Surp:        0
Hugepagesize:       2048 kB
Hugetlb:               0 kB
DirectMap4k:     3247216 kB
DirectMap2M:    59328512 kB
DirectMap1G:    71303168 kB

/sys/kernel/mm/transparent_hugepage/enabled: always [madvise] never
/sys/kernel/mm/transparent_hugepage/hpage_pmd_size: 2097152
/sys/kernel/mm/transparent_hugepage/shmem_enabled: always within_size advise [never] deny force
/sys/kernel/mm/transparent_hugepage/defrag (defrag/compaction efforts parameter): always defer defer+madvise [madvise] never

Process Memory:
Virtual Size: 35736752K (peak: 35788352K)
Resident Set Size: 175548K (peak: 175548K) (anon: 70904K, file: 102692K, shmem: 1952K)
Swapped out: 0K
C-Heap outstanding allocations: 67639K, retained: 5341K
glibc malloc tunables: (default)

/proc/sys/kernel/threads-max (system-wide limit on the number of threads): 1027307
/proc/sys/vm/max_map_count (maximum number of memory map areas a process may have): 1048576
/proc/sys/vm/swappiness (control to define how aggressively the kernel swaps out anonymous memory): 10
/proc/sys/kernel/pid_max (system-wide limit on number of process identifiers): 4194304

container information not found.
Steal ticks since vm start: 0
Steal ticks percentage since vm start:  0.000

CPU: total 20 (initial active 20) (10 cores per cpu, 2 threads per core) family 6 model 85 stepping 4 microcode 0x2007006, cx8, cmov, fxsr, ht, mmx, 3dnowpref, sse, sse2, sse3, ssse3, sse4.1, sse4.2, popcnt, lzcnt, tsc, tscinvbit, avx, avx2, aes, erms, clmul, bmi1, bmi2, rtm, adx, fma, vzeroupper, clflush, clflushopt, clwb, rdtscp, f16c
CPU Model and flags from /proc/cpuinfo:
model name	: Intel(R) Core(TM) i9-9820X CPU @ 3.30GHz
flags		: fpu vme de pse tsc msr pae mce cx8 apic sep mtrr pge mca cmov pat pse36 clflush dts acpi mmx fxsr sse sse2 ss ht tm pbe syscall nx pdpe1gb rdtscp lm constant_tsc art arch_perfmon pebs bts rep_good nopl xtopology nonstop_tsc cpuid aperfmperf pni pclmulqdq dtes64 monitor ds_cpl vmx est tm2 ssse3 sdbg fma cx16 xtpr pdcm pcid dca sse4_1 sse4_2 x2apic movbe popcnt tsc_deadline_timer aes xsave avx f16c rdrand lahf_lm abm 3dnowprefetch cpuid_fault epb cat_l3 cdp_l3 pti ssbd mba ibrs ibpb stibp tpr_shadow flexpriority ept vpid ept_ad fsgsbase tsc_adjust bmi1 hle avx2 smep bmi2 erms invpcid rtm cqm mpx rdt_a avx512f avx512dq rdseed adx smap clflushopt clwb intel_pt avx512cd avx512bw avx512vl xsaveopt xsavec xgetbv1 xsaves cqm_llc cqm_occup_llc cqm_mbm_total cqm_mbm_local dtherm ida arat pln pts hwp hwp_act_window hwp_epp hwp_pkg_req vnmi md_clear flush_l1d arch_capabilities

Online cpus: 0-19
Offline cpus: 
BIOS frequency limitation: <Not Available>
Frequency switch latency (ns): 0
Available cpu frequencies: <Not Available>
Current governor: performance
Core performance/turbo boost: <Not Available>

Memory: 4k page, physical 131553804k(44971156k free), swap 8388604k(8388604k free)
Page Sizes: 4k

vm_info: OpenJDK 64-Bit Server VM (25+36-LTS) for linux-amd64 JRE (25+36-LTS), built on 2025-09-16T00:00:00Z with gcc 14.2.0

END.
