#
# A fatal error has been detected by the Java Runtime Environment:
#
#  SIGSEGV (0xb) at pc=0x000000004099df71, pid=33359, tid=33360
#
# JRE version: OpenJDK Runtime Environment Temurin-25+36 (25.0+36) (build 25+36-LTS)
# Java VM: OpenJDK 64-Bit Server VM Temurin-25+36 (25+36-LTS, mixed mode, sharing, tiered, compressed oops, compressed class ptrs, g1 gc, linux-amd64)
# Problematic frame:
# C  0x000000004099df71
#
# Core dump will be written. Default location: Core dumps may be processed with "/usr/lib/systemd/systemd-coredump %P %u %g %s %t %c %h %d %F" (or dumping to /home/seal/Projects/NanoCraft/core.33359)
#
# If you would like to submit a bug report, please visit:
#   https://github.com/adoptium/adoptium-support/issues
# The crash happened outside the Java Virtual Machine in native code.
# See problematic frame for where to report the bug.
#

---------------  S U M M A R Y ------------

Command Line: -Dorg.lwjgl.glfw.libname=glfw build/libs/NanoCraft-snap.jar

Host: Intel(R) Core(TM) i9-9820X CPU @ 3.30GHz, 20 cores, 125G, Fedora release 44 (Forty Four)
Time: Wed Sep  2 08:13:53 2026 PDT elapsed time: 0.322904 seconds (0d 0h 0m 0s)

---------------  T H R E A D  ---------------

Current thread (0x00007f95c802b950):  JavaThread "main"             [_thread_in_native, id=33360, stack(0x00007f95cf7e9000,0x00007f95cf8e9000) (1024K)]

Stack: [0x00007f95cf7e9000,0x00007f95cf8e9000],  sp=0x00007f95cf8e6ec8,  free space=1015k
Native frames: (J=compiled Java code, j=interpreted, Vv=VM code, C=native code)
C  0x000000004099df71
Java frames: (J=compiled Java code, j=interpreted, Vv=VM code)
j  org.lwjgl.opengl.GL12C.nglTexSubImage3D(IIIIIIIIIIJ)V+0
j  org.lwjgl.opengl.GL12C.glTexSubImage3D(IIIIIIIIIILjava/nio/ByteBuffer;)V+21
j  org.lwjgl.opengl.GL12.glTexSubImage3D(IIIIIIIIIILjava/nio/ByteBuffer;)V+18
j  org.sutormin.nanocraft.Texture.createTexture()V+164
j  org.sutormin.nanocraft.Texture.<init>(Ljava/lang/String;)V+16
j  org.sutormin.nanocraft.NanoCraft.init()V+201
j  org.sutormin.nanocraft.NanoCraft.run()V+1
j  org.sutormin.nanocraft.Main.main()V+7
v  ~StubRoutines::call_stub 0x00007f95b785ffa6

siginfo: si_signo: 11 (SIGSEGV), si_code: 2 (SEGV_ACCERR), si_addr: 0x00007f95c8aac001

Registers:
RAX=0x00007f956a381c00, RBX=0x0000000000000000, RCX=0x0000000000000003, RDX=0x0000000000000000
RSP=0x00007f95cf8e6ec8, RBP=0x000000000000074b, RSI=0x00007f95c8aabfff, RDI=0x00007f95000152f4
R8 =0x0000000000001000, R9 =0x00007f95c8a84e70, R10=0x00007f95c8aaa5e0, R11=0x00007f9500013020
R12=0x000000004044a000, R13=0x00007f95688f3eb0, R14=0x0000000000000000, R15=0x0000000000000006
RIP=0x000000004099df71, EFLAGS=0x0000000000010206, CSGSFS=0x002b000000000033, ERR=0x0000000000000004
  TRAPNO=0x000000000000000e

XMM[0]=0x0000000000000000 0x0000000000000000
XMM[1]=0x000030840fed85e8 0x8b41fb8b49f28b49
XMM[2]=0xf7d9f74800000005 0x8f0f00000003b900
XMM[3]=0xf10348da0b16b70f 0x10e3c1025eb60fdd
XMM[4]=0xc35d5b5e5fe075fc 0x5f89cdff00ffffff
XMM[5]=0xe38104c78348f103 0x48da0b16b70f10e3
XMM[6]=0xc1025eb60fddf7d9 0xf748000000058f0f
XMM[7]=0x00000003b9000000 0x30840fed85e88b41
XMM[8]=0x0000000000000000 0x0000000000000000
XMM[9]=0x0000000000000001 0x0000000000000001
XMM[10]=0x0000000000000002 0x0000000000000002
XMM[11]=0xffffffffffffffff 0xffffffffffffffff
XMM[12]=0x0000000000000001 0x0000000000000001
XMM[13]=0x0000000000000000 0x00ff003000300030
XMM[14]=0x0000000000000000 0x3ff0000000000000
XMM[15]=0x0000000000000000 0x404bbdbdbdbdbdbe
  MXCSR=0x00001fa2


Register to memory mapping:

RAX=0x00007f956a381c00: <offset 0x0000000002181c00> in /lib64/libnvidia-eglcore.so.580.173.02 at 0x00007f9568200000
RBX=0x0 is null
RCX=0x0000000000000003 is an unknown value
RDX=0x0 is null
RSP=0x00007f95cf8e6ec8 is pointing into the stack for thread: 0x00007f95c802b950
RBP=0x000000000000074b is an unknown value
RSI=0x00007f95c8aabfff points into unknown readable memory: 00
RDI=0x00007f95000152f4 points into unknown readable memory: 00 00 00 00
R8 =0x0000000000001000 is an unknown value
R9 =0x00007f95c8a84e70 points into unknown readable memory: 0x0010080000000003 | 03 00 00 00 00 08 10 00
R10=0x00007f95c8aaa5e0 points into unknown readable memory: 0xff3a5579ff3a5579 | 79 55 3a ff 79 55 3a ff
R11=0x00007f9500013020 points into unknown readable memory: 0x005579ff003a5579 | 79 55 3a 00 ff 79 55 00
R12=0x000000004044a000 points into unknown readable memory: 0x00007f95c8614130 | 30 41 61 c8 95 7f 00 00
R13=0x00007f95688f3eb0: <offset 0x00000000006f3eb0> in /lib64/libnvidia-eglcore.so.580.173.02 at 0x00007f9568200000
R14=0x0 is null
R15=0x0000000000000006 is an unknown value

Top of Stack: (sp=0x00007f95cf8e6ec8)
0x00007f95cf8e6ec8:   00007f95c8aaa5e0 00007f9500013020   ........ 0......
0x00007f95cf8e6ed8:   00007f95cf8e7070 0000000000001000   pp..............
0x00007f95cf8e6ee8:   00007f95688f47fd ffffffff00000003   .G.h............
0x00007f95cf8e6ef8:   0000000100001000 00007f95cf8e7070   ........pp......
0x00007f95cf8e6f08:   00007f95cf8e7070 00007f95c8a84310   pp.......C......
0x00007f95cf8e6f18:   000000004044a000 00007f95688f47a0   ..D@.....G.h....
0x00007f95cf8e6f28:   00007f95c8a83db0 0000000000000000   .=..............
0x00007f95cf8e6f38:   00007f95688fe9af 0000000400000001   ...h............
0x00007f95cf8e6f48:   0000000000001000 0000000500004f4f   ........OO......
0x00007f95cf8e6f58:   0000000000000000 0000000000000000   ................
0x00007f95cf8e6f68:   0000000000000000 00007f95c8a83db0   .........=......
0x00007f95cf8e6f78:   00007f95c8a84310 00007f95c8a83db0   .C.......=......
0x00007f95cf8e6f88:   000000004044a000 00007f95cf8e7070   ..D@....pp......
0x00007f95cf8e6f98:   0000000000000019 0000000000000000   ................
0x00007f95cf8e6fa8:   00007f9568a033ea 0000000000000000   .3.h............
0x00007f95cf8e6fb8:   0000100000001000 00007f9500001000   ................
0x00007f95cf8e6fc8:   0000100000000001 0000000000000000   ................
0x00007f95cf8e6fd8:   0000000000000000 00007f956a380e20   ........ .8j....
0x00007f95cf8e6fe8:   00007f956a37a200 0000000100000000   ..7j............
0x00007f95cf8e6ff8:   0000009500000001 00007f95c8264d78   ........xM&.....
0x00007f95cf8e7008:   000000004205caa0 ffffffff00000004   ...B............
0x00007f95cf8e7018:   ffffffffffffffff 0b007f0000000038   ........8.......
0x00007f95cf8e7028:   00007f95d100a558 0000000000000000   X...............
0x00007f95cf8e7038:   00007f95c802d4f8 00007f95b7869437   ........7.......
0x00007f95cf8e7048:   00007f95cf8e7100 00007f95cf8e71e0   .q.......q......
0x00007f95cf8e7058:   00007f95cf8e70c0 00007f95cf8e7080   .p.......p......
0x00007f95cf8e7068:   00007f95cff43297 00007f95cf8e0819   .2..............
0x00007f95cf8e7078:   00007f95c8a9b5e0 00007f95c8aaa5e0   ................
0x00007f95cf8e7088:   0000000000000000 00007f95585e6518   .........e^X....
0x00007f95cf8e7098:   0000000000000000 0000000300003000   .........0......
0x00007f95cf8e70a8:   0000000300000003 0000000000000001   ................
0x00007f95cf8e70b8:   0000000000000000 00007f95d100a2f0   ................

Instructions: (pc=0x000000004099df71)
  0x000000004099de71:   00 00 00 00 00 00 00 00 00 00 00 00 00 00 00 00
  0x000000004099de81:   00 00 00 00 00 00 00 00 00 00 00 00 00 00 00 00
  0x000000004099de91:   00 00 00 00 00 00 00 00 00 00 00 00 00 00 00 00
  0x000000004099dea1:   00 00 00 00 00 00 00 00 00 00 00 00 00 00 00 00
  0x000000004099deb1:   00 00 00 00 00 00 00 00 00 00 00 00 00 00 00 00
  0x000000004099dec1:   00 00 00 00 00 00 00 00 00 00 00 00 00 00 00 00
  0x000000004099ded1:   00 00 00 00 00 00 00 00 00 00 00 00 00 00 00 00
  0x000000004099dee1:   00 00 00 00 00 00 00 00 00 00 00 00 00 00 00 00
  0x000000004099def1:   00 00 00 00 00 00 00 00 00 00 00 00 00 00 00 00
  0x000000004099df01:   00 00 00 00 00 00 00 00 00 00 00 00 00 00 00 00
  0x000000004099df11:   00 00 00 00 00 00 00 00 00 00 00 00 00 00 00 00
  0x000000004099df21:   00 00 00 00 00 00 00 00 00 00 00 00 00 00 00 00
  0x000000004099df31:   00 00 00 00 00 00 00 80 ff ff ff 00 1f 00 00 55
  0x000000004099df41:   48 8b ec 53 56 57 4c 8b c2 4c 8b de 4c 8b d7 49
  0x000000004099df51:   8b f2 49 8b fb 41 8b e8 85 ed 0f 84 30 00 00 00
  0x000000004099df61:   b9 03 00 00 00 0f 8f 05 00 00 00 48 f7 d9 f7 dd
=>0x000000004099df71:   0f b6 5e 02 c1 e3 10 0f b7 16 0b da 48 03 f1 48
  0x000000004099df81:   83 c7 04 81 e3 ff ff ff 00 ff cd 89 5f fc 75 e0
  0x000000004099df91:   5f 5e 5b 5d c3 00 00 00 00 00 00 00 00 00 00 00
  0x000000004099dfa1:   00 00 00 00 00 00 00 00 00 00 00 00 00 00 00 00
  0x000000004099dfb1:   00 00 00 00 00 00 00 c0 ff ff ff 80 00 00 00 48
  0x000000004099dfc1:   b8 c8 1c 4e 40 00 00 00 00 48 8b 00 49 ba 10 63
  0x000000004099dfd1:   49 40 00 00 00 00 48 83 ec 28 48 83 c4 28 c3 00
  0x000000004099dfe1:   00 00 00 00 00 00 00 00 00 00 00 00 00 00 00 00
  0x000000004099dff1:   00 00 00 00 00 00 00 00 00 00 00 40 00 00 00 ??
  0x000000004099e001:   ?? ?? ?? ?? ?? ?? ?? ?? ?? ?? ?? ?? ?? ?? ?? ??
  0x000000004099e011:   ?? ?? ?? ?? ?? ?? ?? ?? ?? ?? ?? ?? ?? ?? ?? ??
  0x000000004099e021:   ?? ?? ?? ?? ?? ?? ?? ?? ?? ?? ?? ?? ?? ?? ?? ??
  0x000000004099e031:   ?? ?? ?? ?? ?? ?? ?? ?? ?? ?? ?? ?? ?? ?? ?? ??
  0x000000004099e041:   ?? ?? ?? ?? ?? ?? ?? ?? ?? ?? ?? ?? ?? ?? ?? ??
  0x000000004099e051:   ?? ?? ?? ?? ?? ?? ?? ?? ?? ?? ?? ?? ?? ?? ?? ??
  0x000000004099e061:   ?? ?? ?? ?? ?? ?? ?? ?? ?? ?? ?? ?? ?? ?? ?? ??


Stack slot to memory mapping:

stack at sp + 0 slots: 0x00007f95c8aaa5e0 points into unknown readable memory: 0xff3a5579ff3a5579 | 79 55 3a ff 79 55 3a ff
stack at sp + 1 slots: 0x00007f9500013020 points into unknown readable memory: 0x005579ff003a5579 | 79 55 3a 00 ff 79 55 00
stack at sp + 2 slots: 0x00007f95cf8e7070 is pointing into the stack for thread: 0x00007f95c802b950
stack at sp + 3 slots: 0x0000000000001000 is an unknown value
stack at sp + 4 slots: 0x00007f95688f47fd: <offset 0x00000000006f47fd> in /lib64/libnvidia-eglcore.so.580.173.02 at 0x00007f9568200000
stack at sp + 5 slots: 0xffffffff00000003 is an unknown value
stack at sp + 6 slots: 0x0000000100001000 is an unallocated location in the heap
stack at sp + 7 slots: 0x00007f95cf8e7070 is pointing into the stack for thread: 0x00007f95c802b950

Lock stack of current Java thread (top to bottom):


---------------  P R O C E S S  ---------------

Threads class SMR info:
_java_thread_list=0x00007f95280bbb30, length=13, elements={
0x00007f95c802b950, 0x00007f95c811a050, 0x00007f95c811b090, 0x00007f95c811c4a0,
0x00007f95c811ddc0, 0x00007f95c811f640, 0x00007f95c81214c0, 0x00007f95c8122eb0,
0x00007f95c812f960, 0x00007f95c81320f0, 0x00007f9534034840, 0x00007f9530002d50,
0x00007f95240523d0
}

Java Threads: ( => current thread )
=>0x00007f95c802b950 JavaThread "main"                              [_thread_in_native, id=33360, stack(0x00007f95cf7e9000,0x00007f95cf8e9000) (1024K)]
  0x00007f95c811a050 JavaThread "Reference Handler"          daemon [_thread_blocked, id=33372, stack(0x00007f95cce96000,0x00007f95ccf97000) (1028K)]
  0x00007f95c811b090 JavaThread "Finalizer"                  daemon [_thread_blocked, id=33373, stack(0x00007f95ccf97000,0x00007f95cd098000) (1028K)]
  0x00007f95c811c4a0 JavaThread "Signal Dispatcher"          daemon [_thread_blocked, id=33374, stack(0x00007f95cca77000,0x00007f95ccb77000) (1024K)]
  0x00007f95c811ddc0 JavaThread "Service Thread"             daemon [_thread_blocked, id=33375, stack(0x00007f95cc977000,0x00007f95cca77000) (1024K)]
  0x00007f95c811f640 JavaThread "Monitor Deflation Thread"   daemon [_thread_blocked, id=33376, stack(0x00007f95cc877000,0x00007f95cc977000) (1024K)]
  0x00007f95c81214c0 JavaThread "C2 CompilerThread0"         daemon [_thread_blocked, id=33377, stack(0x00007f95cc777000,0x00007f95cc877000) (1024K)]
  0x00007f95c8122eb0 JavaThread "C1 CompilerThread0"         daemon [_thread_blocked, id=33378, stack(0x00007f95cc677000,0x00007f95cc777000) (1024K)]
  0x00007f95c812f960 JavaThread "Notification Thread"        daemon [_thread_blocked, id=33379, stack(0x00007f95cc535000,0x00007f95cc635000) (1024K)]
  0x00007f95c81320f0 JavaThread "Common-Cleaner"             daemon [_thread_blocked, id=33380, stack(0x00007f95cc435000,0x00007f95cc535000) (1024K)]
  0x00007f9534034840 JavaThread "C1 CompilerThread1"         daemon [_thread_blocked, id=33381, stack(0x00007f95cc335000,0x00007f95cc435000) (1024K)]
  0x00007f9530002d50 JavaThread "C1 CompilerThread2"         daemon [_thread_blocked, id=33382, stack(0x00007f95cc235000,0x00007f95cc335000) (1024K)]
  0x00007f95240523d0 JavaThread "C1 CompilerThread3"         daemon [_thread_blocked, id=33384, stack(0x00007f9588b00000,0x00007f9588c00000) (1024K)]
Total: 13

Other Threads:
  0x00007f95c81104c0 VMThread "VM Thread"                           [id=33371, stack(0x00007f95ccc95000,0x00007f95ccd95000) (1024K)]
  0x00007f95c80ffc80 WatcherThread "VM Periodic Task Thread"        [id=33370, stack(0x00007f95ccd96000,0x00007f95cce96000) (1024K)]
  0x00007f95c805bd40 WorkerThread "GC Thread#0"                     [id=33361, stack(0x00007f95ce3ac000,0x00007f95ce4ac000) (1024K)]
  0x00007f95c8073db0 ConcurrentGCThread "G1 Main Marker"            [id=33362, stack(0x00007f95ce2ab000,0x00007f95ce3ab000) (1024K)]
  0x00007f95c8074fb0 WorkerThread "G1 Conc#0"                       [id=33363, stack(0x00007f95ce1aa000,0x00007f95ce2aa000) (1024K)]
  0x00007f95c80e81d0 ConcurrentGCThread "G1 Refine#0"               [id=33364, stack(0x00007f95cd19a000,0x00007f95cd29a000) (1024K)]
  0x00007f95c80e93c0 ConcurrentGCThread "G1 Service"                [id=33365, stack(0x00007f95cd099000,0x00007f95cd199000) (1024K)]
Total: 7

Threads with active compile tasks:
Total: 0

VM state: not at safepoint (normal execution)

VM Mutex/Monitor currently owned by a thread: None

Heap address: 0x0000000082000000, size: 30688 MB, Compressed Oops mode: Zero based, Oop shift amount: 3

CDS archive(s) mapped at: [0x0000000041000000-0x0000000041d8c000-0x0000000041d8c000), size 14204928, SharedBaseAddress: 0x0000000041000000, ArchiveRelocationMode: 1.
Compressed class space mapped at: 0x0000000042000000-0x0000000082000000, reserved size: 1073741824
UseCompressedClassPointers 1, UseCompactObjectHeaders 0
Narrow klass pointer bits 32, Max shift 3
Narrow klass base: 0x0000000041000000, Narrow klass shift: 0
Encoding Range: [0x0000000041000000 - 0x0000000141000000), (4294967296 bytes)
Klass Range:    [0x0000000041001000 - 0x0000000082000000), (1090514944 bytes)
Klass ID Range:  [4096 - 1090519033) (1090514937)
Protection zone: [0x0000000041000000 - 0x0000000041001000), (4096 bytes)

GC Precious Log:
 CardTable entry size: 512
 Card Set container configuration: InlinePtr #cards 3 size 8 Array Of Cards #cards 128 size 272 Howl #buckets 8 coarsen threshold 29491 Howl Bitmap #cards 4096 size 528 coarsen threshold 3686 Card regions per heap region 1 cards per card region 32768
 CPUs: 20 total, 20 available
 Memory: 125G
 Large Page Support: Disabled
 NUMA Support: Disabled
 Compressed Oops: Enabled (Zero based)
 Heap Region Size: 16M
 Heap Min Capacity: 16M
 Heap Initial Capacity: 2016M
 Heap Max Capacity: 30688M
 Pre-touch: Disabled
 Parallel Workers: 15
 Concurrent Workers: 4
 Concurrent Refinement Workers: 15
 Periodic GC: Disabled

Heap:
 garbage-first heap   total reserved 31424512K, committed 2080768K, used 1155K [0x0000000082000000, 0x0000000800000000)
  region size 16384K, 1 young (16384K), 0 survivors (0K)

Heap Regions: E=young(eden), S=young(survivor), O=old, HS=humongous(starts), HC=humongous(continues), CS=collection set, F=free, TAMS=top-at-mark-start, PB=parsable bottom
|   0|0x0000000082000000, 0x0000000082000000, 0x0000000083000000|  0%| F|  |TAMS 0x0000000082000000| PB 0x0000000082000000| Untracked |  0
|   1|0x0000000083000000, 0x0000000083000000, 0x0000000084000000|  0%| F|  |TAMS 0x0000000083000000| PB 0x0000000083000000| Untracked |  0
|   2|0x0000000084000000, 0x0000000084000000, 0x0000000085000000|  0%| F|  |TAMS 0x0000000084000000| PB 0x0000000084000000| Untracked |  0
|   3|0x0000000085000000, 0x0000000085000000, 0x0000000086000000|  0%| F|  |TAMS 0x0000000085000000| PB 0x0000000085000000| Untracked |  0
|   4|0x0000000086000000, 0x0000000086000000, 0x0000000087000000|  0%| F|  |TAMS 0x0000000086000000| PB 0x0000000086000000| Untracked |  0
|   5|0x0000000087000000, 0x0000000087000000, 0x0000000088000000|  0%| F|  |TAMS 0x0000000087000000| PB 0x0000000087000000| Untracked |  0
|   6|0x0000000088000000, 0x0000000088000000, 0x0000000089000000|  0%| F|  |TAMS 0x0000000088000000| PB 0x0000000088000000| Untracked |  0
|   7|0x0000000089000000, 0x0000000089000000, 0x000000008a000000|  0%| F|  |TAMS 0x0000000089000000| PB 0x0000000089000000| Untracked |  0
|   8|0x000000008a000000, 0x000000008a000000, 0x000000008b000000|  0%| F|  |TAMS 0x000000008a000000| PB 0x000000008a000000| Untracked |  0
|   9|0x000000008b000000, 0x000000008b000000, 0x000000008c000000|  0%| F|  |TAMS 0x000000008b000000| PB 0x000000008b000000| Untracked |  0
|  10|0x000000008c000000, 0x000000008c000000, 0x000000008d000000|  0%| F|  |TAMS 0x000000008c000000| PB 0x000000008c000000| Untracked |  0
|  11|0x000000008d000000, 0x000000008d000000, 0x000000008e000000|  0%| F|  |TAMS 0x000000008d000000| PB 0x000000008d000000| Untracked |  0
|  12|0x000000008e000000, 0x000000008e000000, 0x000000008f000000|  0%| F|  |TAMS 0x000000008e000000| PB 0x000000008e000000| Untracked |  0
|  13|0x000000008f000000, 0x000000008f000000, 0x0000000090000000|  0%| F|  |TAMS 0x000000008f000000| PB 0x000000008f000000| Untracked |  0
|  14|0x0000000090000000, 0x0000000090000000, 0x0000000091000000|  0%| F|  |TAMS 0x0000000090000000| PB 0x0000000090000000| Untracked |  0
|  15|0x0000000091000000, 0x0000000091000000, 0x0000000092000000|  0%| F|  |TAMS 0x0000000091000000| PB 0x0000000091000000| Untracked |  0
|  16|0x0000000092000000, 0x0000000092000000, 0x0000000093000000|  0%| F|  |TAMS 0x0000000092000000| PB 0x0000000092000000| Untracked |  0
|  17|0x0000000093000000, 0x0000000093000000, 0x0000000094000000|  0%| F|  |TAMS 0x0000000093000000| PB 0x0000000093000000| Untracked |  0
|  18|0x0000000094000000, 0x0000000094000000, 0x0000000095000000|  0%| F|  |TAMS 0x0000000094000000| PB 0x0000000094000000| Untracked |  0
|  19|0x0000000095000000, 0x0000000095000000, 0x0000000096000000|  0%| F|  |TAMS 0x0000000095000000| PB 0x0000000095000000| Untracked |  0
|  20|0x0000000096000000, 0x0000000096000000, 0x0000000097000000|  0%| F|  |TAMS 0x0000000096000000| PB 0x0000000096000000| Untracked |  0
|  21|0x0000000097000000, 0x0000000097000000, 0x0000000098000000|  0%| F|  |TAMS 0x0000000097000000| PB 0x0000000097000000| Untracked |  0
|  22|0x0000000098000000, 0x0000000098000000, 0x0000000099000000|  0%| F|  |TAMS 0x0000000098000000| PB 0x0000000098000000| Untracked |  0
|  23|0x0000000099000000, 0x0000000099000000, 0x000000009a000000|  0%| F|  |TAMS 0x0000000099000000| PB 0x0000000099000000| Untracked |  0
|  24|0x000000009a000000, 0x000000009a000000, 0x000000009b000000|  0%| F|  |TAMS 0x000000009a000000| PB 0x000000009a000000| Untracked |  0
|  25|0x000000009b000000, 0x000000009b000000, 0x000000009c000000|  0%| F|  |TAMS 0x000000009b000000| PB 0x000000009b000000| Untracked |  0
|  26|0x000000009c000000, 0x000000009c000000, 0x000000009d000000|  0%| F|  |TAMS 0x000000009c000000| PB 0x000000009c000000| Untracked |  0
|  27|0x000000009d000000, 0x000000009d000000, 0x000000009e000000|  0%| F|  |TAMS 0x000000009d000000| PB 0x000000009d000000| Untracked |  0
|  28|0x000000009e000000, 0x000000009e000000, 0x000000009f000000|  0%| F|  |TAMS 0x000000009e000000| PB 0x000000009e000000| Untracked |  0
|  29|0x000000009f000000, 0x000000009f000000, 0x00000000a0000000|  0%| F|  |TAMS 0x000000009f000000| PB 0x000000009f000000| Untracked |  0
|  30|0x00000000a0000000, 0x00000000a0000000, 0x00000000a1000000|  0%| F|  |TAMS 0x00000000a0000000| PB 0x00000000a0000000| Untracked |  0
|  31|0x00000000a1000000, 0x00000000a1000000, 0x00000000a2000000|  0%| F|  |TAMS 0x00000000a1000000| PB 0x00000000a1000000| Untracked |  0
|  32|0x00000000a2000000, 0x00000000a2000000, 0x00000000a3000000|  0%| F|  |TAMS 0x00000000a2000000| PB 0x00000000a2000000| Untracked |  0
|  33|0x00000000a3000000, 0x00000000a3000000, 0x00000000a4000000|  0%| F|  |TAMS 0x00000000a3000000| PB 0x00000000a3000000| Untracked |  0
|  34|0x00000000a4000000, 0x00000000a4000000, 0x00000000a5000000|  0%| F|  |TAMS 0x00000000a4000000| PB 0x00000000a4000000| Untracked |  0
|  35|0x00000000a5000000, 0x00000000a5000000, 0x00000000a6000000|  0%| F|  |TAMS 0x00000000a5000000| PB 0x00000000a5000000| Untracked |  0
|  36|0x00000000a6000000, 0x00000000a6000000, 0x00000000a7000000|  0%| F|  |TAMS 0x00000000a6000000| PB 0x00000000a6000000| Untracked |  0
|  37|0x00000000a7000000, 0x00000000a7000000, 0x00000000a8000000|  0%| F|  |TAMS 0x00000000a7000000| PB 0x00000000a7000000| Untracked |  0
|  38|0x00000000a8000000, 0x00000000a8000000, 0x00000000a9000000|  0%| F|  |TAMS 0x00000000a8000000| PB 0x00000000a8000000| Untracked |  0
|  39|0x00000000a9000000, 0x00000000a9000000, 0x00000000aa000000|  0%| F|  |TAMS 0x00000000a9000000| PB 0x00000000a9000000| Untracked |  0
|  40|0x00000000aa000000, 0x00000000aa000000, 0x00000000ab000000|  0%| F|  |TAMS 0x00000000aa000000| PB 0x00000000aa000000| Untracked |  0
|  41|0x00000000ab000000, 0x00000000ab000000, 0x00000000ac000000|  0%| F|  |TAMS 0x00000000ab000000| PB 0x00000000ab000000| Untracked |  0
|  42|0x00000000ac000000, 0x00000000ac000000, 0x00000000ad000000|  0%| F|  |TAMS 0x00000000ac000000| PB 0x00000000ac000000| Untracked |  0
|  43|0x00000000ad000000, 0x00000000ad000000, 0x00000000ae000000|  0%| F|  |TAMS 0x00000000ad000000| PB 0x00000000ad000000| Untracked |  0
|  44|0x00000000ae000000, 0x00000000ae000000, 0x00000000af000000|  0%| F|  |TAMS 0x00000000ae000000| PB 0x00000000ae000000| Untracked |  0
|  45|0x00000000af000000, 0x00000000af000000, 0x00000000b0000000|  0%| F|  |TAMS 0x00000000af000000| PB 0x00000000af000000| Untracked |  0
|  46|0x00000000b0000000, 0x00000000b0000000, 0x00000000b1000000|  0%| F|  |TAMS 0x00000000b0000000| PB 0x00000000b0000000| Untracked |  0
|  47|0x00000000b1000000, 0x00000000b1000000, 0x00000000b2000000|  0%| F|  |TAMS 0x00000000b1000000| PB 0x00000000b1000000| Untracked |  0
|  48|0x00000000b2000000, 0x00000000b2000000, 0x00000000b3000000|  0%| F|  |TAMS 0x00000000b2000000| PB 0x00000000b2000000| Untracked |  0
|  49|0x00000000b3000000, 0x00000000b3000000, 0x00000000b4000000|  0%| F|  |TAMS 0x00000000b3000000| PB 0x00000000b3000000| Untracked |  0
|  50|0x00000000b4000000, 0x00000000b4000000, 0x00000000b5000000|  0%| F|  |TAMS 0x00000000b4000000| PB 0x00000000b4000000| Untracked |  0
|  51|0x00000000b5000000, 0x00000000b5000000, 0x00000000b6000000|  0%| F|  |TAMS 0x00000000b5000000| PB 0x00000000b5000000| Untracked |  0
|  52|0x00000000b6000000, 0x00000000b6000000, 0x00000000b7000000|  0%| F|  |TAMS 0x00000000b6000000| PB 0x00000000b6000000| Untracked |  0
|  53|0x00000000b7000000, 0x00000000b7000000, 0x00000000b8000000|  0%| F|  |TAMS 0x00000000b7000000| PB 0x00000000b7000000| Untracked |  0
|  54|0x00000000b8000000, 0x00000000b8000000, 0x00000000b9000000|  0%| F|  |TAMS 0x00000000b8000000| PB 0x00000000b8000000| Untracked |  0
|  55|0x00000000b9000000, 0x00000000b9000000, 0x00000000ba000000|  0%| F|  |TAMS 0x00000000b9000000| PB 0x00000000b9000000| Untracked |  0
|  56|0x00000000ba000000, 0x00000000ba000000, 0x00000000bb000000|  0%| F|  |TAMS 0x00000000ba000000| PB 0x00000000ba000000| Untracked |  0
|  57|0x00000000bb000000, 0x00000000bb000000, 0x00000000bc000000|  0%| F|  |TAMS 0x00000000bb000000| PB 0x00000000bb000000| Untracked |  0
|  58|0x00000000bc000000, 0x00000000bc000000, 0x00000000bd000000|  0%| F|  |TAMS 0x00000000bc000000| PB 0x00000000bc000000| Untracked |  0
|  59|0x00000000bd000000, 0x00000000bd000000, 0x00000000be000000|  0%| F|  |TAMS 0x00000000bd000000| PB 0x00000000bd000000| Untracked |  0
|  60|0x00000000be000000, 0x00000000be000000, 0x00000000bf000000|  0%| F|  |TAMS 0x00000000be000000| PB 0x00000000be000000| Untracked |  0
|  61|0x00000000bf000000, 0x00000000bf000000, 0x00000000c0000000|  0%| F|  |TAMS 0x00000000bf000000| PB 0x00000000bf000000| Untracked |  0
|  62|0x00000000c0000000, 0x00000000c0000000, 0x00000000c1000000|  0%| F|  |TAMS 0x00000000c0000000| PB 0x00000000c0000000| Untracked |  0
|  63|0x00000000c1000000, 0x00000000c1000000, 0x00000000c2000000|  0%| F|  |TAMS 0x00000000c1000000| PB 0x00000000c1000000| Untracked |  0
|  64|0x00000000c2000000, 0x00000000c2000000, 0x00000000c3000000|  0%| F|  |TAMS 0x00000000c2000000| PB 0x00000000c2000000| Untracked |  0
|  65|0x00000000c3000000, 0x00000000c3000000, 0x00000000c4000000|  0%| F|  |TAMS 0x00000000c3000000| PB 0x00000000c3000000| Untracked |  0
|  66|0x00000000c4000000, 0x00000000c4000000, 0x00000000c5000000|  0%| F|  |TAMS 0x00000000c4000000| PB 0x00000000c4000000| Untracked |  0
|  67|0x00000000c5000000, 0x00000000c5000000, 0x00000000c6000000|  0%| F|  |TAMS 0x00000000c5000000| PB 0x00000000c5000000| Untracked |  0
|  68|0x00000000c6000000, 0x00000000c6000000, 0x00000000c7000000|  0%| F|  |TAMS 0x00000000c6000000| PB 0x00000000c6000000| Untracked |  0
|  69|0x00000000c7000000, 0x00000000c7000000, 0x00000000c8000000|  0%| F|  |TAMS 0x00000000c7000000| PB 0x00000000c7000000| Untracked |  0
|  70|0x00000000c8000000, 0x00000000c8000000, 0x00000000c9000000|  0%| F|  |TAMS 0x00000000c8000000| PB 0x00000000c8000000| Untracked |  0
|  71|0x00000000c9000000, 0x00000000c9000000, 0x00000000ca000000|  0%| F|  |TAMS 0x00000000c9000000| PB 0x00000000c9000000| Untracked |  0
|  72|0x00000000ca000000, 0x00000000ca000000, 0x00000000cb000000|  0%| F|  |TAMS 0x00000000ca000000| PB 0x00000000ca000000| Untracked |  0
|  73|0x00000000cb000000, 0x00000000cb000000, 0x00000000cc000000|  0%| F|  |TAMS 0x00000000cb000000| PB 0x00000000cb000000| Untracked |  0
|  74|0x00000000cc000000, 0x00000000cc000000, 0x00000000cd000000|  0%| F|  |TAMS 0x00000000cc000000| PB 0x00000000cc000000| Untracked |  0
|  75|0x00000000cd000000, 0x00000000cd000000, 0x00000000ce000000|  0%| F|  |TAMS 0x00000000cd000000| PB 0x00000000cd000000| Untracked |  0
|  76|0x00000000ce000000, 0x00000000ce000000, 0x00000000cf000000|  0%| F|  |TAMS 0x00000000ce000000| PB 0x00000000ce000000| Untracked |  0
|  77|0x00000000cf000000, 0x00000000cf000000, 0x00000000d0000000|  0%| F|  |TAMS 0x00000000cf000000| PB 0x00000000cf000000| Untracked |  0
|  78|0x00000000d0000000, 0x00000000d0000000, 0x00000000d1000000|  0%| F|  |TAMS 0x00000000d0000000| PB 0x00000000d0000000| Untracked |  0
|  79|0x00000000d1000000, 0x00000000d1000000, 0x00000000d2000000|  0%| F|  |TAMS 0x00000000d1000000| PB 0x00000000d1000000| Untracked |  0
|  80|0x00000000d2000000, 0x00000000d2000000, 0x00000000d3000000|  0%| F|  |TAMS 0x00000000d2000000| PB 0x00000000d2000000| Untracked |  0
|  81|0x00000000d3000000, 0x00000000d3000000, 0x00000000d4000000|  0%| F|  |TAMS 0x00000000d3000000| PB 0x00000000d3000000| Untracked |  0
|  82|0x00000000d4000000, 0x00000000d4000000, 0x00000000d5000000|  0%| F|  |TAMS 0x00000000d4000000| PB 0x00000000d4000000| Untracked |  0
|  83|0x00000000d5000000, 0x00000000d5000000, 0x00000000d6000000|  0%| F|  |TAMS 0x00000000d5000000| PB 0x00000000d5000000| Untracked |  0
|  84|0x00000000d6000000, 0x00000000d6000000, 0x00000000d7000000|  0%| F|  |TAMS 0x00000000d6000000| PB 0x00000000d6000000| Untracked |  0
|  85|0x00000000d7000000, 0x00000000d7000000, 0x00000000d8000000|  0%| F|  |TAMS 0x00000000d7000000| PB 0x00000000d7000000| Untracked |  0
|  86|0x00000000d8000000, 0x00000000d8000000, 0x00000000d9000000|  0%| F|  |TAMS 0x00000000d8000000| PB 0x00000000d8000000| Untracked |  0
|  87|0x00000000d9000000, 0x00000000d9000000, 0x00000000da000000|  0%| F|  |TAMS 0x00000000d9000000| PB 0x00000000d9000000| Untracked |  0
|  88|0x00000000da000000, 0x00000000da000000, 0x00000000db000000|  0%| F|  |TAMS 0x00000000da000000| PB 0x00000000da000000| Untracked |  0
|  89|0x00000000db000000, 0x00000000db000000, 0x00000000dc000000|  0%| F|  |TAMS 0x00000000db000000| PB 0x00000000db000000| Untracked |  0
|  90|0x00000000dc000000, 0x00000000dc000000, 0x00000000dd000000|  0%| F|  |TAMS 0x00000000dc000000| PB 0x00000000dc000000| Untracked |  0
|  91|0x00000000dd000000, 0x00000000dd000000, 0x00000000de000000|  0%| F|  |TAMS 0x00000000dd000000| PB 0x00000000dd000000| Untracked |  0
|  92|0x00000000de000000, 0x00000000de000000, 0x00000000df000000|  0%| F|  |TAMS 0x00000000de000000| PB 0x00000000de000000| Untracked |  0
|  93|0x00000000df000000, 0x00000000df000000, 0x00000000e0000000|  0%| F|  |TAMS 0x00000000df000000| PB 0x00000000df000000| Untracked |  0
|  94|0x00000000e0000000, 0x00000000e0000000, 0x00000000e1000000|  0%| F|  |TAMS 0x00000000e0000000| PB 0x00000000e0000000| Untracked |  0
|  95|0x00000000e1000000, 0x00000000e1000000, 0x00000000e2000000|  0%| F|  |TAMS 0x00000000e1000000| PB 0x00000000e1000000| Untracked |  0
|  96|0x00000000e2000000, 0x00000000e2000000, 0x00000000e3000000|  0%| F|  |TAMS 0x00000000e2000000| PB 0x00000000e2000000| Untracked |  0
|  97|0x00000000e3000000, 0x00000000e3000000, 0x00000000e4000000|  0%| F|  |TAMS 0x00000000e3000000| PB 0x00000000e3000000| Untracked |  0
|  98|0x00000000e4000000, 0x00000000e4000000, 0x00000000e5000000|  0%| F|  |TAMS 0x00000000e4000000| PB 0x00000000e4000000| Untracked |  0
|  99|0x00000000e5000000, 0x00000000e5000000, 0x00000000e6000000|  0%| F|  |TAMS 0x00000000e5000000| PB 0x00000000e5000000| Untracked |  0
| 100|0x00000000e6000000, 0x00000000e6000000, 0x00000000e7000000|  0%| F|  |TAMS 0x00000000e6000000| PB 0x00000000e6000000| Untracked |  0
| 101|0x00000000e7000000, 0x00000000e7000000, 0x00000000e8000000|  0%| F|  |TAMS 0x00000000e7000000| PB 0x00000000e7000000| Untracked |  0
| 102|0x00000000e8000000, 0x00000000e8000000, 0x00000000e9000000|  0%| F|  |TAMS 0x00000000e8000000| PB 0x00000000e8000000| Untracked |  0
| 103|0x00000000e9000000, 0x00000000e9000000, 0x00000000ea000000|  0%| F|  |TAMS 0x00000000e9000000| PB 0x00000000e9000000| Untracked |  0
| 104|0x00000000ea000000, 0x00000000ea000000, 0x00000000eb000000|  0%| F|  |TAMS 0x00000000ea000000| PB 0x00000000ea000000| Untracked |  0
| 105|0x00000000eb000000, 0x00000000eb000000, 0x00000000ec000000|  0%| F|  |TAMS 0x00000000eb000000| PB 0x00000000eb000000| Untracked |  0
| 106|0x00000000ec000000, 0x00000000ec000000, 0x00000000ed000000|  0%| F|  |TAMS 0x00000000ec000000| PB 0x00000000ec000000| Untracked |  0
| 107|0x00000000ed000000, 0x00000000ed000000, 0x00000000ee000000|  0%| F|  |TAMS 0x00000000ed000000| PB 0x00000000ed000000| Untracked |  0
| 108|0x00000000ee000000, 0x00000000ee000000, 0x00000000ef000000|  0%| F|  |TAMS 0x00000000ee000000| PB 0x00000000ee000000| Untracked |  0
| 109|0x00000000ef000000, 0x00000000ef000000, 0x00000000f0000000|  0%| F|  |TAMS 0x00000000ef000000| PB 0x00000000ef000000| Untracked |  0
| 110|0x00000000f0000000, 0x00000000f0000000, 0x00000000f1000000|  0%| F|  |TAMS 0x00000000f0000000| PB 0x00000000f0000000| Untracked |  0
| 111|0x00000000f1000000, 0x00000000f1000000, 0x00000000f2000000|  0%| F|  |TAMS 0x00000000f1000000| PB 0x00000000f1000000| Untracked |  0
| 112|0x00000000f2000000, 0x00000000f2000000, 0x00000000f3000000|  0%| F|  |TAMS 0x00000000f2000000| PB 0x00000000f2000000| Untracked |  0
| 113|0x00000000f3000000, 0x00000000f3000000, 0x00000000f4000000|  0%| F|  |TAMS 0x00000000f3000000| PB 0x00000000f3000000| Untracked |  0
| 114|0x00000000f4000000, 0x00000000f4000000, 0x00000000f5000000|  0%| F|  |TAMS 0x00000000f4000000| PB 0x00000000f4000000| Untracked |  0
| 115|0x00000000f5000000, 0x00000000f5000000, 0x00000000f6000000|  0%| F|  |TAMS 0x00000000f5000000| PB 0x00000000f5000000| Untracked |  0
| 116|0x00000000f6000000, 0x00000000f6000000, 0x00000000f7000000|  0%| F|  |TAMS 0x00000000f6000000| PB 0x00000000f6000000| Untracked |  0
| 117|0x00000000f7000000, 0x00000000f7000000, 0x00000000f8000000|  0%| F|  |TAMS 0x00000000f7000000| PB 0x00000000f7000000| Untracked |  0
| 118|0x00000000f8000000, 0x00000000f8000000, 0x00000000f9000000|  0%| F|  |TAMS 0x00000000f8000000| PB 0x00000000f8000000| Untracked |  0
| 119|0x00000000f9000000, 0x00000000f9000000, 0x00000000fa000000|  0%| F|  |TAMS 0x00000000f9000000| PB 0x00000000f9000000| Untracked |  0
| 120|0x00000000fa000000, 0x00000000fa000000, 0x00000000fb000000|  0%| F|  |TAMS 0x00000000fa000000| PB 0x00000000fa000000| Untracked |  0
| 121|0x00000000fb000000, 0x00000000fb000000, 0x00000000fc000000|  0%| F|  |TAMS 0x00000000fb000000| PB 0x00000000fb000000| Untracked |  0
| 122|0x00000000fc000000, 0x00000000fc000000, 0x00000000fd000000|  0%| F|  |TAMS 0x00000000fc000000| PB 0x00000000fc000000| Untracked |  0
| 123|0x00000000fd000000, 0x00000000fd000000, 0x00000000fe000000|  0%| F|  |TAMS 0x00000000fd000000| PB 0x00000000fd000000| Untracked |  0
| 124|0x00000000fe000000, 0x00000000fe000000, 0x00000000ff000000|  0%| F|  |TAMS 0x00000000fe000000| PB 0x00000000fe000000| Untracked |  0
| 125|0x00000000ff000000, 0x00000000ffd71280, 0x0000000100000000| 84%| E|  |TAMS 0x00000000ff000000| PB 0x00000000ff000000| Complete |  0
|1917|0x00000007ff000000, 0x00000007ff120f88, 0x0000000800000000|  7%| O|  |TAMS 0x00000007ff000000| PB 0x00000007ff000000| Untracked |  0

Card table byte_map: [0x00007f95a8c20000,0x00007f95ac810000] _byte_map_base: 0x00007f95a8810000

Marking Bits: (CMBitMap*) 0x00007f95c805ca90
 Bits: [0x00007f958aca0000, 0x00007f95a8c20000)

Polling page: 0x00007f95d1427000

Metaspace:
Metaspace        used 3667K, committed 3840K, reserved 1114112K
 class space     used 182K, committed 256K, reserved 1048576K

Usage:
  Non-class:      3.40 MB used.
      Class:    182.66 KB used.
       Both:      3.58 MB used.

Virtual space:
  Non-class space:       64.00 MB reserved,       3.50 MB (  5%) committed,  1 nodes.
      Class space:        1.00 GB reserved,     256.00 KB ( <1%) committed,  1 nodes.
             Both:        1.06 GB reserved,       3.75 MB ( <1%) committed. 

Chunk freelists:
   Non-Class:  10.08 MB
       Class:  15.64 MB
        Both:  25.72 MB

MaxMetaspaceSize: unlimited
CompressedClassSpaceSize: 1.00 GB
Initial GC threshold: 21.00 MB
Current GC threshold: 21.00 MB
CDS: on
 - commit_granule_bytes: 65536.
 - commit_granule_words: 8192.
 - virtual_space_node_default_size: 8388608.
 - enlarge_chunks_in_place: 1.
UseCompressedClassPointers 1, UseCompactObjectHeaders 0
Narrow klass pointer bits 32, Max shift 3
Narrow klass base: 0x0000000041000000, Narrow klass shift: 0
Encoding Range: [0x0000000041000000 - 0x0000000141000000), (4294967296 bytes)
Klass Range:    [0x0000000041001000 - 0x0000000082000000), (1090514944 bytes)
Klass ID Range:  [4096 - 1090519033) (1090514937)
Protection zone: [0x0000000041000000 - 0x0000000041001000), (4096 bytes)


Internal statistics:

num_allocs_failed_limit: 0.
num_arena_births: 72.
num_arena_deaths: 0.
num_vsnodes_births: 2.
num_vsnodes_deaths: 0.
num_space_committed: 59.
num_space_uncommitted: 0.
num_chunks_returned_to_freelist: 0.
num_chunks_taken_from_freelist: 179.
num_chunk_merges: 0.
num_chunk_splits: 112.
num_chunks_enlarged: 66.
num_inconsistent_stats: 0.

CodeHeap 'non-profiled nmethods': size=119172Kb used=192Kb max_used=192Kb free=118979Kb
 bounds [0x00007f95b7f9f000, 0x00007f95b820f000, 0x00007f95bf400000]
CodeHeap 'profiled nmethods': size=119164Kb used=1053Kb max_used=1053Kb free=118111Kb
 bounds [0x00007f95b0400000, 0x00007f95b0670000, 0x00007f95b785f000]
CodeHeap 'non-nmethods': size=7424Kb used=3817Kb max_used=3828Kb free=3606Kb
 bounds [0x00007f95b785f000, 0x00007f95b7c1f000, 0x00007f95b7f9f000]
CodeCache: size=245760Kb, used=5062Kb, max_used=5073Kb, free=240696Kb
 total_blobs=1949, nmethods=841, adapters=1010, full_count=0
Compilation: enabled, stopped_count=0, restarted_count=0

Compilation events (20 events):
Event: 0.310 Thread 0x00007f95c8122eb0 nmethod 833 0x00007f95b7fce288 code [0x00007f95b7fce380, 0x00007f95b7fce440]
Event: 0.311 Thread 0x00007f95c81214c0 nmethod 830 0x00007f95b7fce588 code [0x00007f95b7fce680, 0x00007f95b7fce8b0]
Event: 0.311 Thread 0x00007f95c81214c0  831       4       org.lwjgl.system.MemoryStack::pop (22 bytes)
Event: 0.311 Thread 0x00007f95c81214c0 nmethod 831 0x00007f95b7fce908 code [0x00007f95b7fcea00, 0x00007f95b7fceae0]
Event: 0.312 Thread 0x00007f95c81214c0  834       4       java.lang.StringLatin1::indexOfChar (33 bytes)
Event: 0.314 Thread 0x00007f95c81214c0 nmethod 834 0x00007f95b7fcec08 code [0x00007f95b7fced00, 0x00007f95b7fceea8]
Event: 0.315 Thread 0x00007f9530002d50  835       3       jdk.internal.ref.CleanerImpl::getCleanerImpl (13 bytes)
Event: 0.315 Thread 0x00007f95c8122eb0  836       3       java.lang.ref.Cleaner$1::apply (9 bytes)
Event: 0.315 Thread 0x00007f9534034840  837       3       java.lang.ref.Cleaner$1::apply (5 bytes)
Event: 0.315 Thread 0x00007f9530002d50 nmethod 835 0x00007f95b0505e08 code [0x00007f95b0505f00, 0x00007f95b0506188]
Event: 0.315 Thread 0x00007f95c8122eb0 nmethod 836 0x00007f95b0506208 code [0x00007f95b0506300, 0x00007f95b0506548]
Event: 0.315 Thread 0x00007f9534034840 nmethod 837 0x00007f95b0506588 code [0x00007f95b0506680, 0x00007f95b0506790]
Event: 0.318 Thread 0x00007f9534034840  838       3       java.util.regex.Pattern$Slice::match (79 bytes)
Event: 0.319 Thread 0x00007f9530002d50  839       3       java.util.regex.Pattern$Node::match (27 bytes)
Event: 0.319 Thread 0x00007f95240523d0  840       1       java.net.URL::getPath (5 bytes)
Event: 0.319 Thread 0x00007f95240523d0 nmethod 840 0x00007f95b7fcef08 code [0x00007f95b7fcf000, 0x00007f95b7fcf0c0]
Event: 0.319 Thread 0x00007f9530002d50 nmethod 839 0x00007f95b0506888 code [0x00007f95b0506980, 0x00007f95b0506ae0]
Event: 0.319 Thread 0x00007f9534034840 nmethod 838 0x00007f95b0506b88 code [0x00007f95b0506c80, 0x00007f95b05070e0]
Event: 0.321 Thread 0x00007f9534034840  841       3       java.lang.Module::isNamed (13 bytes)
Event: 0.321 Thread 0x00007f9534034840 nmethod 841 0x00007f95b0507108 code [0x00007f95b0507200, 0x00007f95b0507358]

GC Heap Usage History (0 events):
No events

Metaspace Usage History (0 events):
No events

Dll operation events (10 events):
Event: 0.002 Loaded shared library /home/seal/.sdkman/candidates/java/25-tem/lib/libjava.so
Event: 0.016 Loaded shared library /home/seal/.sdkman/candidates/java/25-tem/lib/libsimdsort.so
Event: 0.018 Loaded shared library /home/seal/.sdkman/candidates/java/25-tem/lib/libnio.so
Event: 0.028 Loaded shared library /home/seal/.sdkman/candidates/java/25-tem/lib/libzip.so
Event: 0.034 Loaded shared library /home/seal/.sdkman/candidates/java/25-tem/lib/libverify.so
Event: 0.061 Loaded shared library /home/seal/.sdkman/candidates/java/25-tem/lib/libjimage.so
Event: 0.066 Loaded shared library /home/seal/.sdkman/candidates/java/25-tem/lib/libnet.so
Event: 0.071 Loaded shared library /tmp/lwjgl_seal/3.4.0-snapshot/x64/liblwjgl.so
Event: 0.291 Loaded shared library /tmp/lwjgl_seal/3.4.0-snapshot/x64/liblwjgl_opengl.so
Event: 0.318 Loaded shared library /tmp/lwjgl_seal/3.4.0-snapshot/x64/liblwjgl_stb.so

Deoptimization events (20 events):
Event: 0.135 Thread 0x00007f95c802b950 DEOPT PACKING pc=0x00007f95b0480bf5 sp=0x00007f95cf8e6700
Event: 0.135 Thread 0x00007f95c802b950 DEOPT UNPACKING pc=0x00007f95b78affef sp=0x00007f95cf8e5bb8 mode 0
Event: 0.135 Thread 0x00007f95c802b950 DEOPT PACKING pc=0x00007f95b0480bf5 sp=0x00007f95cf8e6700
Event: 0.135 Thread 0x00007f95c802b950 DEOPT UNPACKING pc=0x00007f95b78affef sp=0x00007f95cf8e5bb8 mode 0
Event: 0.135 Thread 0x00007f95c802b950 DEOPT PACKING pc=0x00007f95b0480bf5 sp=0x00007f95cf8e6700
Event: 0.135 Thread 0x00007f95c802b950 DEOPT UNPACKING pc=0x00007f95b78affef sp=0x00007f95cf8e5bb8 mode 0
Event: 0.135 Thread 0x00007f95c802b950 DEOPT PACKING pc=0x00007f95b0480bf5 sp=0x00007f95cf8e6700
Event: 0.135 Thread 0x00007f95c802b950 DEOPT UNPACKING pc=0x00007f95b78affef sp=0x00007f95cf8e5bb8 mode 0
Event: 0.135 Thread 0x00007f95c802b950 DEOPT PACKING pc=0x00007f95b0480bf5 sp=0x00007f95cf8e6700
Event: 0.135 Thread 0x00007f95c802b950 DEOPT UNPACKING pc=0x00007f95b78affef sp=0x00007f95cf8e5bb8 mode 0
Event: 0.135 Thread 0x00007f95c802b950 DEOPT PACKING pc=0x00007f95b0480bf5 sp=0x00007f95cf8e6700
Event: 0.135 Thread 0x00007f95c802b950 DEOPT UNPACKING pc=0x00007f95b78affef sp=0x00007f95cf8e5bb8 mode 0
Event: 0.135 Thread 0x00007f95c802b950 DEOPT PACKING pc=0x00007f95b0480bf5 sp=0x00007f95cf8e6700
Event: 0.135 Thread 0x00007f95c802b950 DEOPT UNPACKING pc=0x00007f95b78affef sp=0x00007f95cf8e5bb8 mode 0
Event: 0.135 Thread 0x00007f95c802b950 DEOPT PACKING pc=0x00007f95b0480bf5 sp=0x00007f95cf8e6700
Event: 0.135 Thread 0x00007f95c802b950 DEOPT UNPACKING pc=0x00007f95b78affef sp=0x00007f95cf8e5bb8 mode 0
Event: 0.136 Thread 0x00007f95c802b950 DEOPT PACKING pc=0x00007f95b0480bf5 sp=0x00007f95cf8e6700
Event: 0.136 Thread 0x00007f95c802b950 DEOPT UNPACKING pc=0x00007f95b78affef sp=0x00007f95cf8e5bb8 mode 0
Event: 0.136 Thread 0x00007f95c802b950 DEOPT PACKING pc=0x00007f95b0480bf5 sp=0x00007f95cf8e6700
Event: 0.136 Thread 0x00007f95c802b950 DEOPT UNPACKING pc=0x00007f95b78affef sp=0x00007f95cf8e5bb8 mode 0

Classes loaded (20 events):
Event: 0.127 Loading class java/lang/NoSuchFieldError
Event: 0.127 Loading class java/lang/NoSuchFieldError done
Event: 0.136 Loading class jdk/internal/reflect/MethodHandleIntegerFieldAccessorImpl
Event: 0.136 Loading class jdk/internal/reflect/MethodHandleIntegerFieldAccessorImpl done
Event: 0.293 Loading class java/lang/ProcessEnvironment
Event: 0.293 Loading class java/lang/ProcessEnvironment done
Event: 0.293 Loading class java/lang/ProcessEnvironment$Variable
Event: 0.293 Loading class java/lang/ProcessEnvironment$ExternalData
Event: 0.293 Loading class java/lang/ProcessEnvironment$ExternalData done
Event: 0.293 Loading class java/lang/ProcessEnvironment$Variable done
Event: 0.293 Loading class java/lang/ProcessImpl
Event: 0.293 Loading class java/lang/Process
Event: 0.293 Loading class java/lang/Process done
Event: 0.293 Loading class java/lang/ProcessImpl done
Event: 0.293 Loading class java/lang/ProcessImpl$LaunchMechanism
Event: 0.293 Loading class java/lang/ProcessImpl$LaunchMechanism done
Event: 0.293 Loading class java/lang/ProcessEnvironment$Value
Event: 0.293 Loading class java/lang/ProcessEnvironment$Value done
Event: 0.294 Loading class java/lang/ProcessEnvironment$StringEnvironment
Event: 0.294 Loading class java/lang/ProcessEnvironment$StringEnvironment done

Classes unloaded (0 events):
No events

Classes redefined (0 events):
No events

Internal exceptions (18 events):
Event: 0.047 Thread 0x00007f95c802b950 Exception <a 'java/lang/NoSuchMethodError'{0x00000000ff162ac8}: 'void java.lang.invoke.DirectMethodHandle$Holder.invokeStatic(java.lang.Object, java.lang.Object)'> (0x00000000ff162ac8) 
thrown [src/hotspot/share/interpreter/linkResolver.cpp, line 803]
Event: 0.050 Thread 0x00007f95c802b950 Exception <a 'java/lang/NoSuchMethodError'{0x00000000ff187e38}: 'void java.lang.System.load(java.lang.String, java.lang.Class)'> (0x00000000ff187e38) 
thrown [src/hotspot/share/interpreter/linkResolver.cpp, line 803]
Event: 0.050 Thread 0x00007f95c802b950 Exception <a 'java/lang/NoSuchMethodError'{0x00000000ff188c90}: 'void java.lang.invoke.DirectMethodHandle$Holder.invokeSpecial(java.lang.Object, java.lang.Object, java.lang.Object)'> (0x00000000ff188c90) 
thrown [src/hotspot/share/interpreter/linkResolver.cpp, line 803]
Event: 0.053 Thread 0x00007f95c802b950 Exception <a 'java/lang/NoSuchMethodError'{0x00000000ff1aea80}: 'java.lang.Object java.lang.invoke.DirectMethodHandle$Holder.invokeStatic(java.lang.Object, java.lang.Object, int)'> (0x00000000ff1aea80) 
thrown [src/hotspot/share/interpreter/linkResolver.cpp, line 803]
Event: 0.054 Thread 0x00007f95c802b950 Exception <a 'java/lang/NoSuchMethodError'{0x00000000ff1c7da8}: 'void java.lang.invoke.DelegatingMethodHandle$Holder.delegate(java.lang.Object, java.lang.Object, int, java.lang.Object)'> (0x00000000ff1c7da8) 
thrown [src/hotspot/share/interpreter/linkResolver.cpp, line 803]
Event: 0.058 Thread 0x00007f95c802b950 Exception <a 'java/lang/NoSuchMethodError'{0x00000000ff3f7228}: 'void java.lang.System.loadLibrary(java.lang.String, java.lang.Class)'> (0x00000000ff3f7228) 
thrown [src/hotspot/share/interpreter/linkResolver.cpp, line 803]
Event: 0.065 Thread 0x00007f95c802b950 Exception <a 'java/lang/NoSuchMethodError'{0x00000000ff41cf30}: 'java.lang.Object java.lang.invoke.DirectMethodHandle$Holder.invokeStaticInit(java.lang.Object)'> (0x00000000ff41cf30) 
thrown [src/hotspot/share/interpreter/linkResolver.cpp, line 803]
Event: 0.106 Thread 0x00007f95c802b950 Exception <a 'java/lang/NoSuchMethodError'{0x00000000ff5167d0}: 'int java.lang.invoke.DirectMethodHandle$Holder.invokeStaticInit(java.lang.Object, java.lang.Object, int, long)'> (0x00000000ff5167d0) 
thrown [src/hotspot/share/interpreter/linkResolver.cpp, line 803]
Event: 0.107 Thread 0x00007f95c802b950 Exception <a 'java/lang/NoSuchMethodError'{0x00000000ff5258d8}: 'java.lang.Object java.lang.invoke.DirectMethodHandle$Holder.newInvokeSpecial(java.lang.Object, java.lang.Object, int)'> (0x00000000ff5258d8) 
thrown [src/hotspot/share/interpreter/linkResolver.cpp, line 803]
Event: 0.114 Thread 0x00007f95c802b950 Exception <a 'java/lang/NoSuchMethodError'{0x00000000ff56fbd8}: 'int java.lang.invoke.DirectMethodHandle$Holder.invokeStaticInit(java.lang.Object, java.lang.Object, long, long)'> (0x00000000ff56fbd8) 
thrown [src/hotspot/share/interpreter/linkResolver.cpp, line 803]
Event: 0.114 Thread 0x00007f95c802b950 Exception <a 'java/lang/NoSuchMethodError'{0x00000000ff57efe8}: 'java.lang.Object java.lang.invoke.DirectMethodHandle$Holder.newInvokeSpecial(java.lang.Object, java.lang.Object, long)'> (0x00000000ff57efe8) 
thrown [src/hotspot/share/interpreter/linkResolver.cpp, line 803]
Event: 0.115 Thread 0x00007f95c802b950 Exception <a 'java/lang/NoSuchMethodError'{0x00000000ff587aa8}: 'java.lang.Object java.lang.invoke.Invokers$Holder.linkToTargetMethod(java.lang.Object, long, java.lang.Object)'> (0x00000000ff587aa8) 
thrown [src/hotspot/share/interpreter/linkResolver.cpp, line 803]
Event: 0.115 Thread 0x00007f95c802b950 Exception <a 'java/lang/NoSuchMethodError'{0x00000000ff598120}: 'int java.lang.invoke.DirectMethodHandle$Holder.invokeStaticInit(java.lang.Object, java.lang.Object, java.lang.Object, long)'> (0x00000000ff598120) 
thrown [src/hotspot/share/interpreter/linkResolver.cpp, line 803]
Event: 0.136 Thread 0x00007f95c802b950 Exception <a 'java/lang/NoSuchMethodError'{0x00000000ff82f190}: 'int java.lang.invoke.Invokers$Holder.invokeExact_MT(java.lang.Object, java.lang.Object)'> (0x00000000ff82f190) 
thrown [src/hotspot/share/interpreter/linkResolver.cpp, line 803]
Event: 0.288 Thread 0x00007f95c802b950 Exception <a 'java/lang/NoSuchMethodError'{0x00000000ff89e610}: 'void java.lang.System.load(java.lang.String, java.lang.Class)'> (0x00000000ff89e610) 
thrown [src/hotspot/share/interpreter/linkResolver.cpp, line 803]
Event: 0.289 Thread 0x00007f95c802b950 Exception <a 'java/lang/NoSuchMethodError'{0x00000000ff8a63f0}: 'void java.lang.System.loadLibrary(java.lang.String, java.lang.Class)'> (0x00000000ff8a63f0) 
thrown [src/hotspot/share/interpreter/linkResolver.cpp, line 803]
Event: 0.313 Thread 0x00007f95c802b950 Exception <a 'java/lang/NoSuchMethodError'{0x00000000ffc10fb0}: 'void java.lang.System.load(java.lang.String, java.lang.Class)'> (0x00000000ffc10fb0) 
thrown [src/hotspot/share/interpreter/linkResolver.cpp, line 803]
Event: 0.314 Thread 0x00007f95c802b950 Exception <a 'java/lang/NoSuchMethodError'{0x00000000ffc18d90}: 'void java.lang.System.loadLibrary(java.lang.String, java.lang.Class)'> (0x00000000ffc18d90) 
thrown [src/hotspot/share/interpreter/linkResolver.cpp, line 803]

VM Operations (0 events):
No events

Memory protections (15 events):
Event: 0.001 Protecting memory [0x00007f95cf7e9000,0x00007f95cf7ed000] with protection modes 0
Event: 0.008 Protecting memory [0x0000000041000000,0x0000000041001000] with protection modes 0
Event: 0.014 Protecting memory [0x00007f95cce96000,0x00007f95cce9a000] with protection modes 0
Event: 0.014 Protecting memory [0x00007f95ccf97000,0x00007f95ccf9b000] with protection modes 0
Event: 0.014 Protecting memory [0x00007f95cca77000,0x00007f95cca7b000] with protection modes 0
Event: 0.015 Protecting memory [0x00007f95cc977000,0x00007f95cc97b000] with protection modes 0
Event: 0.015 Protecting memory [0x00007f95cc877000,0x00007f95cc87b000] with protection modes 0
Event: 0.015 Protecting memory [0x00007f95cc777000,0x00007f95cc77b000] with protection modes 0
Event: 0.015 Protecting memory [0x00007f95cc677000,0x00007f95cc67b000] with protection modes 0
Event: 0.017 Protecting memory [0x00007f95cc535000,0x00007f95cc539000] with protection modes 0
Event: 0.018 Protecting memory [0x00007f95cc435000,0x00007f95cc439000] with protection modes 0
Event: 0.020 Protecting memory [0x00007f95cc335000,0x00007f95cc339000] with protection modes 0
Event: 0.025 Protecting memory [0x00007f95cc235000,0x00007f95cc239000] with protection modes 0
Event: 0.028 Protecting memory [0x00007f95cc135000,0x00007f95cc139000] with protection modes 0
Event: 0.127 Protecting memory [0x00007f9588b00000,0x00007f9588b04000] with protection modes 0

Nmethod flushes (0 events):
No events

Events (15 events):
Event: 0.009 Thread 0x00007f95c802b950 Thread added: 0x00007f95c802b950
Event: 0.014 Thread 0x00007f95c802b950 Thread added: 0x00007f95c811a050
Event: 0.014 Thread 0x00007f95c802b950 Thread added: 0x00007f95c811b090
Event: 0.014 Thread 0x00007f95c802b950 Thread added: 0x00007f95c811c4a0
Event: 0.015 Thread 0x00007f95c802b950 Thread added: 0x00007f95c811ddc0
Event: 0.015 Thread 0x00007f95c802b950 Thread added: 0x00007f95c811f640
Event: 0.015 Thread 0x00007f95c802b950 Thread added: 0x00007f95c81214c0
Event: 0.015 Thread 0x00007f95c802b950 Thread added: 0x00007f95c8122eb0
Event: 0.017 Thread 0x00007f95c802b950 Thread added: 0x00007f95c812f960
Event: 0.018 Thread 0x00007f95c802b950 Thread added: 0x00007f95c81320f0
Event: 0.020 Thread 0x00007f95c8122eb0 Thread added: 0x00007f9534034840
Event: 0.025 Thread 0x00007f9534034840 Thread added: 0x00007f9530002d50
Event: 0.028 Thread 0x00007f95c81214c0 Thread added: 0x00007f9540078460
Event: 0.127 Thread 0x00007f9530002d50 Thread added: 0x00007f95240523d0
Event: 0.285 Thread 0x00007f9540078460 Thread exited: 0x00007f9540078460


Dynamic libraries:
4044a000-404f6000 rw-p 00000000 00:00 0 
4099c000-4099e000 r-xs 00000000 00:01 26737                              /memfd:/.glXXXXXX (deleted)
41000000-41001000 ---p 00000000 00:00 0 
41001000-41d8c000 rw-p 00001000 00:23 3690992                            /home/seal/.sdkman/candidates/java/25-tem/lib/server/classes.jsa
41d8c000-42000000 ---p 00000000 00:00 0 
42000000-42020000 rw-p 00000000 00:00 0 
42020000-42040000 ---p 00000000 00:00 0 
42040000-42060000 rw-p 00000000 00:00 0 
42060000-82000000 ---p 00000000 00:00 0 
82000000-100000000 rw-p 00000000 00:00 0 
100000000-7ff000000 ---p 00000000 00:00 0 
7ff000000-7ff121000 rw-p 00dbf000 00:23 3690992                          /home/seal/.sdkman/candidates/java/25-tem/lib/server/classes.jsa
7ff121000-800000000 rw-p 00000000 00:00 0 
55d3fdf94000-55d3fdf95000 r--p 00000000 00:23 3690951                    /home/seal/.sdkman/candidates/java/25-tem/bin/java
55d3fdf95000-55d3fdf96000 r-xp 00001000 00:23 3690951                    /home/seal/.sdkman/candidates/java/25-tem/bin/java
55d3fdf96000-55d3fdf97000 r--p 00002000 00:23 3690951                    /home/seal/.sdkman/candidates/java/25-tem/bin/java
55d3fdf97000-55d3fdf98000 r--p 00002000 00:23 3690951                    /home/seal/.sdkman/candidates/java/25-tem/bin/java
55d3fdf98000-55d3fdf99000 rw-p 00003000 00:23 3690951                    /home/seal/.sdkman/candidates/java/25-tem/bin/java
55d4024c9000-55d402512000 rw-p 00000000 00:00 0                          [heap]
7f94fffff000-7f95080b0000 rw-p 00000000 00:00 0 
7f95080b0000-7f950c000000 ---p 00000000 00:00 0 
7f950ee00000-7f95131a1000 r--p 00000000 00:23 40950418                   /usr/lib64/libLLVM.so.22.1
7f95131a1000-7f951767d000 r-xp 043a0000 00:23 40950418                   /usr/lib64/libLLVM.so.22.1
7f951767d000-7f951789e000 r--p 0887b000 00:23 40950418                   /usr/lib64/libLLVM.so.22.1
7f951789e000-7f95178a8000 rw-p 08a9b000 00:23 40950418                   /usr/lib64/libLLVM.so.22.1
7f95178a8000-7f9517954000 rw-p 00000000 00:00 0 
7f9517a00000-7f9517cab000 r--p 00000000 00:23 40425745                   /usr/lib64/libnvidia-gpucomp.so.580.173.02
7f9517cab000-7f951ad99000 r-xp 002ab000 00:23 40425745                   /usr/lib64/libnvidia-gpucomp.so.580.173.02
7f951ad99000-7f951bc09000 r--p 03399000 00:23 40425745                   /usr/lib64/libnvidia-gpucomp.so.580.173.02
7f951bc09000-7f951bc0a000 ---p 04209000 00:23 40425745                   /usr/lib64/libnvidia-gpucomp.so.580.173.02
7f951bc0a000-7f951bde1000 r--p 04209000 00:23 40425745                   /usr/lib64/libnvidia-gpucomp.so.580.173.02
7f951bde1000-7f951beec000 rw-p 043e0000 00:23 40425745                   /usr/lib64/libnvidia-gpucomp.so.580.173.02
7f951beec000-7f951bf8c000 rw-p 00000000 00:00 0 
7f951c000000-7f951c021000 rw-p 00000000 00:00 0 
7f951c021000-7f9520000000 ---p 00000000 00:00 0 
7f9520a00000-7f952293c000 r-xp 00000000 00:23 42344638                   /usr/lib64/libgallium-26.1.8.so
7f952293c000-7f9523bd8000 r--p 01f3c000 00:23 42344638                   /usr/lib64/libgallium-26.1.8.so
7f9523bd8000-7f9523d4c000 r--p 031d7000 00:23 42344638                   /usr/lib64/libgallium-26.1.8.so
7f9523d4c000-7f9523d82000 rw-p 0334b000 00:23 42344638                   /usr/lib64/libgallium-26.1.8.so
7f9523d82000-7f9523f4e000 rw-p 00000000 00:00 0 
7f9524000000-7f9524373000 rw-p 00000000 00:00 0 
7f9524373000-7f9528000000 ---p 00000000 00:00 0 
7f9528000000-7f95281a8000 rw-p 00000000 00:00 0 
7f95281a8000-7f952c000000 ---p 00000000 00:00 0 
7f952c000000-7f952c021000 rw-p 00000000 00:00 0 
7f952c021000-7f9530000000 ---p 00000000 00:00 0 
7f9530000000-7f95301e2000 rw-p 00000000 00:00 0 
7f95301e2000-7f9534000000 ---p 00000000 00:00 0 
7f9534000000-7f95341a1000 rw-p 00000000 00:00 0 
7f95341a1000-7f9538000000 ---p 00000000 00:00 0 
7f9538000000-7f9538021000 rw-p 00000000 00:00 0 
7f9538021000-7f953c000000 ---p 00000000 00:00 0 
7f953c000000-7f953c021000 rw-p 00000000 00:00 0 
7f953c021000-7f9540000000 ---p 00000000 00:00 0 
7f9540000000-7f954016b000 rw-p 00000000 00:00 0 
7f954016b000-7f9544000000 ---p 00000000 00:00 0 
7f9544000000-7f9544021000 rw-p 00000000 00:00 0 
7f9544021000-7f9548000000 ---p 00000000 00:00 0 
7f95483ab000-7f9548446000 r--p 00000000 00:23 24121550                   /usr/share/fonts/google-noto/NotoSans-Bold.ttf
7f9548446000-7f95484e1000 r--p 00000000 00:23 24121550                   /usr/share/fonts/google-noto/NotoSans-Bold.ttf
7f95484e1000-7f95484e6000 r--s 00000000 00:23 24178040                   /usr/lib/fontconfig/cache/cc8b894d3abbdf0310c48629c0737d80-le64.cache-9
7f95484e6000-7f9548503000 r--s 00000000 00:23 24415993                   /usr/lib/fontconfig/cache/123d59b33ddb0e7c76bb24004bd5cfac-le64.cache-9
7f9548503000-7f954850b000 r--s 00000000 00:23 24415991                   /usr/lib/fontconfig/cache/4130dcac56abb43164f0d97f0032d05a-le64.cache-9
7f954850b000-7f9548510000 r--s 00000000 00:23 24178034                   /usr/lib/fontconfig/cache/131ab5cc1583381c4f7ce0194912c56d-le64.cache-9
7f9548510000-7f9548513000 r--s 00000000 00:23 41506238                   /usr/lib/fontconfig/cache/5f83c5e20bd7d0a7cb83b2e020f779d2-le64.cache-9
7f9548513000-7f9548514000 r--s 00000000 00:23 24178032                   /usr/lib/fontconfig/cache/b2307de753f1224d9542f27e8b3975ae-le64.cache-9
7f9548514000-7f9548516000 r--s 00000000 00:23 24178030                   /usr/lib/fontconfig/cache/01d40cee498be4726842ba21cbce24ab-le64.cache-9
7f9548516000-7f9548517000 r--s 00000000 00:23 24178028                   /usr/lib/fontconfig/cache/39377a11d38956c26ecfe23db50b3cd3-le64.cache-9
7f9548517000-7f9548519000 r--s 00000000 00:23 24178026                   /usr/lib/fontconfig/cache/9d9e7a658cb1f50f02561d1ed3ca8bca-le64.cache-9
7f9548519000-7f954851a000 r--s 00000000 00:23 42506052                   /usr/lib/fontconfig/cache/6fcb01a03a016cc71057b587cdea6709-le64.cache-9
7f954851a000-7f954851f000 r--s 00000000 00:23 24415989                   /usr/lib/fontconfig/cache/29c8f5b6bf15d25ebb2e963855ab41be-le64.cache-9
7f954851f000-7f9548581000 r--s 00000000 00:23 24178010                   /usr/lib/fontconfig/cache/d63f98f14a274bd69a5425fc33aaac6b-le64.cache-9
7f9548581000-7f95485d7000 r--s 00000000 00:23 24415985                   /usr/lib/fontconfig/cache/7ee6df7a8311986241317a58487e0145-le64.cache-9
7f95485d7000-7f9548dd8000 rw-p 00000000 00:00 0 
7f9548f8b000-7f954900e000 r-xp 00000000 00:2a 7372                       /tmp/lwjgl_seal/3.4.0-snapshot/x64/liblwjgl_stb.so
7f954900e000-7f9549023000 r--p 00083000 00:2a 7372                       /tmp/lwjgl_seal/3.4.0-snapshot/x64/liblwjgl_stb.so
7f9549023000-7f9549024000 r--p 00097000 00:2a 7372                       /tmp/lwjgl_seal/3.4.0-snapshot/x64/liblwjgl_stb.so
7f9549024000-7f9549025000 rw-p 00098000 00:2a 7372                       /tmp/lwjgl_seal/3.4.0-snapshot/x64/liblwjgl_stb.so
7f9549025000-7f954903a000 r-xp 00000000 00:2a 7371                       /tmp/lwjgl_seal/3.4.0-snapshot/x64/liblwjgl_opengl.so
7f954903a000-7f954907d000 r--p 00015000 00:2a 7371                       /tmp/lwjgl_seal/3.4.0-snapshot/x64/liblwjgl_opengl.so
7f954907d000-7f954907e000 r--p 00057000 00:2a 7371                       /tmp/lwjgl_seal/3.4.0-snapshot/x64/liblwjgl_opengl.so
7f954907e000-7f954907f000 rw-p 00058000 00:2a 7371                       /tmp/lwjgl_seal/3.4.0-snapshot/x64/liblwjgl_opengl.so
7f954907f000-7f95490ff000 rw-s 00000000 00:07 1383                       /dev/nvidiactl
7f95490ff000-7f95491ff000 rw-s 00000000 00:07 1383                       /dev/nvidiactl
7f95491ff000-7f9549a00000 rw-p 00000000 00:00 0 
7f9549a00000-7f9549b71000 r-xp 00000000 00:23 42115659                   /usr/lib64/libstdc++.so.6.0.36
7f9549b71000-7f9549c9c000 r--p 00171000 00:23 42115659                   /usr/lib64/libstdc++.so.6.0.36
7f9549c9c000-7f9549cad000 r--p 0029c000 00:23 42115659                   /usr/lib64/libstdc++.so.6.0.36
7f9549cad000-7f9549cae000 rw-p 002ad000 00:23 42115659                   /usr/lib64/libstdc++.so.6.0.36
7f9549cae000-7f9549cb2000 rw-p 00000000 00:00 0 
7f9549cb2000-7f9549cc5000 r--s 00000000 00:23 24178008                   /usr/lib/fontconfig/cache/42536ef14367b24656ac994a93d66238-le64.cache-9
7f9549cc5000-7f9549cd0000 r--s 00000000 00:23 24178006                   /usr/lib/fontconfig/cache/efcfae1a52990961975415036867654f-le64.cache-9
7f9549cd0000-7f9549e61000 rw-p 00000000 00:00 0 
7f9549e61000-7f9549f69000 r-xp 00000000 00:23 24175775                   /usr/lib64/libSPIRV-Tools.so
7f9549f69000-7f9549ffc000 r--p 00108000 00:23 24175775                   /usr/lib64/libSPIRV-Tools.so
7f9549ffc000-7f9549fff000 r--p 0019b000 00:23 24175775                   /usr/lib64/libSPIRV-Tools.so
7f9549fff000-7f954a000000 rw-p 0019e000 00:23 24175775                   /usr/lib64/libSPIRV-Tools.so
7f954a000000-7f9557e92000 r--p 00000000 00:23 41466879                   /usr/lib/locale/locale-archive
7f9557e92000-7f9557e93000 r--s 00000000 00:23 24178020                   /usr/lib/fontconfig/cache/2a90ec7ec7fc01d3a9f58fddf8db0237-le64.cache-9
7f9557e93000-7f9557e96000 r--s 00000000 00:23 24178018                   /usr/lib/fontconfig/cache/71fe2b50576cdbc5f931776365d4a6ea-le64.cache-9
7f9557e96000-7f9557e98000 r--s 00000000 00:23 24178016                   /usr/lib/fontconfig/cache/e5da922122f90e18ce9aab86d5c2b324-le64.cache-9
7f9557e98000-7f9557e9a000 r--s 00000000 00:23 24178014                   /usr/lib/fontconfig/cache/9162ae45def2e036f06e4d1913f17ba7-le64.cache-9
7f9557e9a000-7f9557e9b000 r--s 00000000 00:23 24178012                   /usr/lib/fontconfig/cache/22f06f3be2d16d058da85b73ae1dc5b1-le64.cache-9
7f9557e9b000-7f9557eae000 r--s 00000000 00:23 24178004                   /usr/lib/fontconfig/cache/c4be257954870c0bf6972134c1de66d5-le64.cache-9
7f9557eae000-7f9557eaf000 r--s 00000000 00:23 24415987                   /usr/lib/fontconfig/cache/a1059391c956b3cbc42a78cac70f430a-le64.cache-9
7f9557eaf000-7f9557eb8000 r--s 00000000 00:23 24177996                   /usr/lib/fontconfig/cache/6ee3103884cce7b2fe6f32eba9089175-le64.cache-9
7f9557eb8000-7f9557eba000 r--s 00000000 00:23 24177994                   /usr/lib/fontconfig/cache/383aa4c3ea81d46e4a1459cd427fba23-le64.cache-9
7f9557eba000-7f9557ebc000 r--s 00000000 00:23 24177992                   /usr/lib/fontconfig/cache/cc4435afd06e20625c417ffcddec4f51-le64.cache-9
7f9557ebc000-7f9557ec3000 r--s 00000000 00:23 39071341                   /usr/lib/fontconfig/cache/614d1caaa4d7914789410f6367de37ca-le64.cache-9
7f9557ec3000-7f9557ec9000 r--s 00000000 00:23 38944733                   /usr/lib/fontconfig/cache/221930ae9526a9cb8049af2916f03412-le64.cache-9
7f9557ec9000-7f9557ed2000 r--s 00000000 00:23 24415981                   /usr/lib/fontconfig/cache/6cdba951d5a16891afaaf2fee13e80e7-le64.cache-9
7f9557ed2000-7f9557ed5000 r--s 00000000 00:23 24415979                   /usr/lib/fontconfig/cache/feeafda3627faad7596d025cfacea73f-le64.cache-9
7f9557ed5000-7f9557ed8000 r--s 00000000 00:23 24177984                   /usr/lib/fontconfig/cache/18f520a508f13854f77176faf7889ae9-le64.cache-9
7f9557ed8000-7f9557edb000 r--s 00000000 00:23 24177982                   /usr/lib/fontconfig/cache/3196f05a030874ca00722cbf1e991434-le64.cache-9
7f9557edb000-7f9557ee0000 r--s 00000000 00:23 24180446                   /usr/lib/fontconfig/cache/beeeeb3dfe132a8a0633a017c99ce0c0-le64.cache-9
7f9557ee0000-7f9557f60000 rw-s 00000000 00:07 1383                       /dev/nvidiactl
7f9557f60000-7f9557fa0000 rw-s 00000000 00:07 1383                       /dev/nvidiactl
7f9557fa0000-7f9557fc0000 rw-s 00000000 00:07 1383                       /dev/nvidiactl
7f9557fc0000-7f9558000000 rw-s 00000000 00:07 1383                       /dev/nvidiactl
7f9558000000-7f9558190000 rw-p 00000000 00:00 0 
7f9558190000-7f9558400000 ---p 00000000 00:00 0 
7f9558400000-7f9558540000 rw-p 00000000 00:00 0 
7f9558540000-7f95585f0000 rw-p 00000000 00:00 0 
7f95585f0000-7f955c000000 ---p 00000000 00:00 0 
7f955c000000-7f955c021000 rw-p 00000000 00:00 0 
7f955c021000-7f9560000000 ---p 00000000 00:00 0 
7f9560000000-7f9560021000 rw-p 00000000 00:00 0 
7f9560021000-7f9564000000 ---p 00000000 00:00 0 
7f9564000000-7f9564021000 rw-p 00000000 00:00 0 
7f9564021000-7f9568000000 ---p 00000000 00:00 0 
7f9568000000-7f9568020000 rw-s 00000000 00:07 1383                       /dev/nvidiactl
7f9568020000-7f9568060000 rw-s 00000000 00:07 1383                       /dev/nvidiactl
7f9568060000-7f9568080000 rw-s 00000000 00:07 1383                       /dev/nvidiactl
7f9568080000-7f9568084000 r--p 00000000 00:23 40425735                   /usr/lib64/libnvidia-allocator.so.580.173.02
7f9568084000-7f956809d000 r-xp 00004000 00:23 40425735                   /usr/lib64/libnvidia-allocator.so.580.173.02
7f956809d000-7f95680a8000 r--p 0001d000 00:23 40425735                   /usr/lib64/libnvidia-allocator.so.580.173.02
7f95680a8000-7f95680a9000 r--p 00027000 00:23 40425735                   /usr/lib64/libnvidia-allocator.so.580.173.02
7f95680a9000-7f95680aa000 rw-p 00028000 00:23 40425735                   /usr/lib64/libnvidia-allocator.so.580.173.02
7f95680aa000-7f95680ac000 rw-p 00000000 00:00 0 
7f95680ac000-7f95680c1000 r-xp 00000000 00:23 24127271                   /usr/lib64/libtinfo.so.6.6
7f95680c1000-7f95680d4000 r--p 00015000 00:23 24127271                   /usr/lib64/libtinfo.so.6.6
7f95680d4000-7f95680d8000 r--p 00028000 00:23 24127271                   /usr/lib64/libtinfo.so.6.6
7f95680d8000-7f95680d9000 rw-p 0002c000 00:23 24127271                   /usr/lib64/libtinfo.so.6.6
7f95680d9000-7f95680fc000 r-xp 00000000 00:23 36518859                   /usr/lib64/libedit.so.0.0.78
7f95680fc000-7f956810f000 r--p 00023000 00:23 36518859                   /usr/lib64/libedit.so.0.0.78
7f956810f000-7f9568112000 r--p 00035000 00:23 36518859                   /usr/lib64/libedit.so.0.0.78
7f9568112000-7f9568113000 rw-p 00038000 00:23 36518859                   /usr/lib64/libedit.so.0.0.78
7f9568113000-7f9568116000 rw-p 00000000 00:00 0 
7f9568116000-7f95681df000 r-xp 00000000 00:23 24127971                   /usr/lib64/libzstd.so.1.5.7
7f95681df000-7f95681fd000 r--p 000c9000 00:23 24127971                   /usr/lib64/libzstd.so.1.5.7
7f95681fd000-7f95681ff000 r--p 000e6000 00:23 24127971                   /usr/lib64/libzstd.so.1.5.7
7f95681ff000-7f9568200000 rw-p 00000000 00:00 0 
7f9568200000-7f9568442000 r--p 00000000 00:23 40425739                   /usr/lib64/libnvidia-eglcore.so.580.173.02
7f9568442000-7f9569106000 r-xp 00242000 00:23 40425739                   /usr/lib64/libnvidia-eglcore.so.580.173.02
7f9569106000-7f956a1a8000 r--p 00f06000 00:23 40425739                   /usr/lib64/libnvidia-eglcore.so.580.173.02
7f956a1a8000-7f956a1a9000 ---p 01fa8000 00:23 40425739                   /usr/lib64/libnvidia-eglcore.so.580.173.02
7f956a1a9000-7f956a321000 r--p 01fa8000 00:23 40425739                   /usr/lib64/libnvidia-eglcore.so.580.173.02
7f956a321000-7f956a375000 rw-p 02120000 00:23 40425739                   /usr/lib64/libnvidia-eglcore.so.580.173.02
7f956a375000-7f956a38b000 rw-p 00000000 00:00 0 
7f956a38b000-7f956a38c000 r--s 00000000 00:23 24178000                   /usr/lib/fontconfig/cache/aa02322cc1375fea2382deabf4339973-le64.cache-9
7f956a38c000-7f956a38f000 r--s 00000000 00:23 24415977                   /usr/lib/fontconfig/cache/a11fef9c6b59ddb48eba670bb9bf2c6a-le64.cache-9
7f956a3a7000-7f956a3aa000 rw-s 00000000 00:07 1383                       /dev/nvidiactl
7f956a3aa000-7f956a3b0000 r-xp 00000000 00:23 24174617                   /usr/lib64/libpciaccess.so.0.11.1
7f956a3b0000-7f956a3b3000 r--p 00006000 00:23 24174617                   /usr/lib64/libpciaccess.so.0.11.1
7f956a3b3000-7f956a3b4000 r--p 00009000 00:23 24174617                   /usr/lib64/libpciaccess.so.0.11.1
7f956a3b4000-7f956a3b5000 rw-p 00000000 00:00 0 
7f956a3b5000-7f956a3cd000 r-xp 00000000 00:23 39381864                   /usr/lib64/libdrm_intel.so.1.134.0
7f956a3cd000-7f956a3d9000 r--p 00018000 00:23 39381864                   /usr/lib64/libdrm_intel.so.1.134.0
7f956a3d9000-7f956a3da000 r--p 00023000 00:23 39381864                   /usr/lib64/libdrm_intel.so.1.134.0
7f956a3da000-7f956a3db000 rw-p 00024000 00:23 39381864                   /usr/lib64/libdrm_intel.so.1.134.0
7f956a3db000-7f956a3e2000 r-xp 00000000 00:23 39381862                   /usr/lib64/libdrm_amdgpu.so.1.134.0
7f956a3e2000-7f956a3e7000 r--p 00007000 00:23 39381862                   /usr/lib64/libdrm_amdgpu.so.1.134.0
7f956a3e7000-7f956a3e8000 r--p 0000b000 00:23 39381862                   /usr/lib64/libdrm_amdgpu.so.1.134.0
7f956a3e8000-7f956a3e9000 rw-p 00000000 00:00 0 
7f956a3e9000-7f956a3fd000 r-xp 00000000 00:23 42344554                   /usr/lib64/libelf-0.196.so
7f956a3fd000-7f956a404000 r--p 00014000 00:23 42344554                   /usr/lib64/libelf-0.196.so
7f956a404000-7f956a405000 r--p 0001b000 00:23 42344554                   /usr/lib64/libelf-0.196.so
7f956a405000-7f956a406000 rw-p 00000000 00:00 0 
7f956a406000-7f956a407000 r-xp 00000000 00:23 24174672                   /usr/lib64/libxshmfence.so.1.0.0
7f956a407000-7f956a408000 r--p 00001000 00:23 24174672                   /usr/lib64/libxshmfence.so.1.0.0
7f956a408000-7f956a409000 r--p 00001000 00:23 24174672                   /usr/lib64/libxshmfence.so.1.0.0
7f956a409000-7f956a40a000 rw-p 00002000 00:23 24174672                   /usr/lib64/libxshmfence.so.1.0.0
7f956a40a000-7f956a40d000 r-xp 00000000 00:23 24131022                   /usr/lib64/libxcb-sync.so.1.0.0
7f956a40d000-7f956a410000 r--p 00003000 00:23 24131022                   /usr/lib64/libxcb-sync.so.1.0.0
7f956a410000-7f956a411000 r--p 00006000 00:23 24131022                   /usr/lib64/libxcb-sync.so.1.0.0
7f956a411000-7f956a412000 rw-p 00007000 00:23 24131022                   /usr/lib64/libxcb-sync.so.1.0.0
7f956a412000-7f956a41a000 r-xp 00000000 00:23 24174677                   /usr/lib64/libsensors.so.4.5.0
7f956a41a000-7f956a41f000 r--p 00008000 00:23 24174677                   /usr/lib64/libsensors.so.4.5.0
7f956a41f000-7f956a420000 r--p 0000d000 00:23 24174677                   /usr/lib64/libsensors.so.4.5.0
7f956a420000-7f956a421000 rw-p 0000e000 00:23 24174677                   /usr/lib64/libsensors.so.4.5.0
7f956a421000-7f956a424000 r-xp 00000000 00:23 24131026                   /usr/lib64/libxcb-xfixes.so.0.0.0
7f956a424000-7f956a428000 r--p 00003000 00:23 24131026                   /usr/lib64/libxcb-xfixes.so.0.0.0
7f956a428000-7f956a429000 r--p 00007000 00:23 24131026                   /usr/lib64/libxcb-xfixes.so.0.0.0
7f956a429000-7f956a42a000 rw-p 00008000 00:23 24131026                   /usr/lib64/libxcb-xfixes.so.0.0.0
7f956a42a000-7f956a430000 r-xp 00000000 00:23 24131008                   /usr/lib64/libxcb-randr.so.0.1.0
7f956a430000-7f956a43a000 r--p 00006000 00:23 24131008                   /usr/lib64/libxcb-randr.so.0.1.0
7f956a43a000-7f956a43b000 r--p 00010000 00:23 24131008                   /usr/lib64/libxcb-randr.so.0.1.0
7f956a43b000-7f956a43c000 rw-p 00011000 00:23 24131008                   /usr/lib64/libxcb-randr.so.0.1.0
7f956a43c000-7f956a478000 r-xp 00000000 00:23 42351339                   /usr/lib64/libEGL_mesa.so.0.0.0
7f956a478000-7f956a490000 r--p 0003c000 00:23 42351339                   /usr/lib64/libEGL_mesa.so.0.0.0
7f956a490000-7f956a49d000 r--p 00053000 00:23 42351339                   /usr/lib64/libEGL_mesa.so.0.0.0
7f956a49d000-7f956a49e000 rw-p 00060000 00:23 42351339                   /usr/lib64/libEGL_mesa.so.0.0.0
7f956a49e000-7f956a49f000 rw-p 00000000 00:00 0 
7f956a49f000-7f956a4a0000 r-xp 00000000 00:23 24130341                   /usr/lib64/libX11-xcb.so.1.0.0
7f956a4a0000-7f956a4a1000 r--p 00001000 00:23 24130341                   /usr/lib64/libX11-xcb.so.1.0.0
7f956a4a1000-7f956a4a2000 r--p 00001000 00:23 24130341                   /usr/lib64/libX11-xcb.so.1.0.0
7f956a4a2000-7f956a4a3000 rw-p 00000000 00:00 0 
7f956a4a3000-7f956a4af000 r-xp 00000000 00:23 24948682                   /usr/lib64/libnvidia-egl-xlib.so.1.0.5
7f956a4af000-7f956a4b5000 r--p 0000c000 00:23 24948682                   /usr/lib64/libnvidia-egl-xlib.so.1.0.5
7f956a4b5000-7f956a4b6000 r--p 00012000 00:23 24948682                   /usr/lib64/libnvidia-egl-xlib.so.1.0.5
7f956a4b6000-7f956a4b7000 rw-p 00013000 00:23 24948682                   /usr/lib64/libnvidia-egl-xlib.so.1.0.5
7f956a4b7000-7f956a4b9000 r-xp 00000000 00:23 24131002                   /usr/lib64/libxcb-dri3.so.0.1.0
7f956a4b9000-7f956a4bb000 r--p 00002000 00:23 24131002                   /usr/lib64/libxcb-dri3.so.0.1.0
7f956a4bb000-7f956a4bc000 r--p 00004000 00:23 24131002                   /usr/lib64/libxcb-dri3.so.0.1.0
7f956a4bc000-7f956a4bd000 rw-p 00005000 00:23 24131002                   /usr/lib64/libxcb-dri3.so.0.1.0
7f956a4bd000-7f956a4c9000 r-xp 00000000 00:23 24948680                   /usr/lib64/libnvidia-egl-xcb.so.1.0.5
7f956a4c9000-7f956a4cf000 r--p 0000c000 00:23 24948680                   /usr/lib64/libnvidia-egl-xcb.so.1.0.5
7f956a4cf000-7f956a4d0000 r--p 00012000 00:23 24948680                   /usr/lib64/libnvidia-egl-xcb.so.1.0.5
7f956a4d0000-7f956a4d1000 rw-p 00013000 00:23 24948680                   /usr/lib64/libnvidia-egl-xcb.so.1.0.5
7f956a4d1000-7f956a4db000 r-xp 00000000 00:23 40410867                   /usr/lib64/libwayland-server.so.0.25.0
7f956a4db000-7f956a4e3000 r--p 0000a000 00:23 40410867                   /usr/lib64/libwayland-server.so.0.25.0
7f956a4e3000-7f956a4e5000 r--p 00012000 00:23 40410867                   /usr/lib64/libwayland-server.so.0.25.0
7f956a4e5000-7f956a4e6000 rw-p 00014000 00:23 40410867                   /usr/lib64/libwayland-server.so.0.25.0
7f956a4e6000-7f956a4f1000 r-xp 00000000 00:23 24948692                   /usr/lib64/libnvidia-egl-wayland.so.1.1.21
7f956a4f1000-7f956a4f7000 r--p 0000b000 00:23 24948692                   /usr/lib64/libnvidia-egl-wayland.so.1.1.21
7f956a4f7000-7f956a4f9000 r--p 00010000 00:23 24948692                   /usr/lib64/libnvidia-egl-wayland.so.1.1.21
7f956a4f9000-7f956a4fa000 rw-p 00012000 00:23 24948692                   /usr/lib64/libnvidia-egl-wayland.so.1.1.21
7f956a4fa000-7f956a51b000 r-xp 00000000 00:23 42482897                   /usr/lib64/libexpat.so.1.12.3
7f956a51b000-7f956a525000 r--p 00021000 00:23 42482897                   /usr/lib64/libexpat.so.1.12.3
7f956a525000-7f956a527000 r--p 0002b000 00:23 42482897                   /usr/lib64/libexpat.so.1.12.3
7f956a527000-7f956a528000 rw-p 00000000 00:00 0 
7f956a528000-7f956a534000 r-xp 00000000 00:23 39381860                   /usr/lib64/libdrm.so.2.134.0
7f956a534000-7f956a53c000 r--p 0000c000 00:23 39381860                   /usr/lib64/libdrm.so.2.134.0
7f956a53c000-7f956a53d000 r--p 00014000 00:23 39381860                   /usr/lib64/libdrm.so.2.134.0
7f956a53d000-7f956a53e000 rw-p 00000000 00:00 0 
7f956a53e000-7f956a54e000 r--p 00000000 00:23 40425743                   /usr/lib64/libnvidia-glsi.so.580.173.02
7f956a54e000-7f956a5ae000 r-xp 00010000 00:23 40425743                   /usr/lib64/libnvidia-glsi.so.580.173.02
7f956a5ae000-7f956a5cb000 r--p 00070000 00:23 40425743                   /usr/lib64/libnvidia-glsi.so.580.173.02
7f956a5cb000-7f956a5d1000 r--p 0008c000 00:23 40425743                   /usr/lib64/libnvidia-glsi.so.580.173.02
7f956a5d1000-7f956a5d2000 rw-p 00092000 00:23 40425743                   /usr/lib64/libnvidia-glsi.so.580.173.02
7f956a5d2000-7f956a5da000 rw-p 00000000 00:00 0 
7f956a5da000-7f956a60e000 r--p 00000000 00:23 40425727                   /usr/lib64/libEGL_nvidia.so.580.173.02
7f956a60e000-7f956a6a5000 r-xp 00034000 00:23 40425727                   /usr/lib64/libEGL_nvidia.so.580.173.02
7f956a6a5000-7f956a6f9000 r--p 000cb000 00:23 40425727                   /usr/lib64/libEGL_nvidia.so.580.173.02
7f956a6f9000-7f956a6fa000 ---p 0011f000 00:23 40425727                   /usr/lib64/libEGL_nvidia.so.580.173.02
7f956a6fa000-7f956a702000 r--p 0011f000 00:23 40425727                   /usr/lib64/libEGL_nvidia.so.580.173.02
7f956a702000-7f956a718000 rw-p 00127000 00:23 40425727                   /usr/lib64/libEGL_nvidia.so.580.173.02
7f956a718000-7f956a71d000 rw-p 00000000 00:00 0 
7f956a71d000-7f956a71e000 r--s 00000000 00:23 24415983                   /usr/lib/fontconfig/cache/0f80fa86029ae75a63f21d682b864529-le64.cache-9
7f956a71e000-7f956a720000 rw-s 00000000 00:01 26737                      /memfd:/.glXXXXXX (deleted)
7f956a720000-7f956a724000 rw-s 00000000 00:07 1383                       /dev/nvidiactl
7f956a724000-7f956a737000 rw-s 00000000 00:07 1383                       /dev/nvidiactl
7f956a737000-7f956a73b000 rw-s 00000000 00:07 1383                       /dev/nvidiactl
7f956a73b000-7f956a77a000 r-xp 00000000 00:23 24174608                   /usr/lib64/libGLdispatch.so.0.0.0
7f956a77a000-7f956a78e000 r--p 0003f000 00:23 24174608                   /usr/lib64/libGLdispatch.so.0.0.0
7f956a78e000-7f956a7aa000 r--p 00053000 00:23 24174608                   /usr/lib64/libGLdispatch.so.0.0.0
7f956a7aa000-7f956a7ab000 rw-p 0006f000 00:23 24174608                   /usr/lib64/libGLdispatch.so.0.0.0
7f956a7ab000-7f956a7b3000 rw-p 00000000 00:00 0 
7f956a7b3000-7f956a8a3000 rw-s 00000000 00:01 26736                      /memfd:wayland-cursor (deleted)
7f956a8a3000-7f956a973000 rw-s 00000000 00:01 26735                      /memfd:wayland-cursor (deleted)
7f956a973000-7f956a982000 r-xp 00000000 00:23 40882361                   /usr/lib64/libseccomp.so.2.6.1
7f956a982000-7f956a99d000 r--p 0000f000 00:23 40882361                   /usr/lib64/libseccomp.so.2.6.1
7f956a99d000-7f956a99e000 r--p 00029000 00:23 40882361                   /usr/lib64/libseccomp.so.2.6.1
7f956a99e000-7f956a99f000 rw-p 0002a000 00:23 40882361                   /usr/lib64/libseccomp.so.2.6.1
7f956a99f000-7f956a9e7000 r-xp 00000000 00:23 24128047                   /usr/lib64/liblcms2.so.2.0.16
7f956a9e7000-7f956aa03000 r--p 00048000 00:23 24128047                   /usr/lib64/liblcms2.so.2.0.16
7f956aa03000-7f956aa06000 r--p 00063000 00:23 24128047                   /usr/lib64/liblcms2.so.2.0.16
7f956aa06000-7f956aa09000 rw-p 00066000 00:23 24128047                   /usr/lib64/liblcms2.so.2.0.16
7f956aa09000-7f956aa0a000 rw-p 00000000 00:00 0 
7f956aa0a000-7f956ab4e000 r-xp 00000000 00:23 41781050                   /usr/lib64/libsqlite3.so.3.51.2
7f956ab4e000-7f956ab8d000 r--p 00144000 00:23 41781050                   /usr/lib64/libsqlite3.so.3.51.2
7f956ab8d000-7f956ab91000 r--p 00182000 00:23 41781050                   /usr/lib64/libsqlite3.so.3.51.2
7f956ab91000-7f956ab95000 rw-p 00186000 00:23 41781050                   /usr/lib64/libsqlite3.so.3.51.2
7f956ab95000-7f956ab96000 rw-p 00000000 00:00 0 
7f956ab96000-7f956abaf000 r-xp 00000000 00:23 24172081                   /usr/lib64/libjson-glib-1.0.so.0.1000.8
7f956abaf000-7f956abc0000 r--p 00019000 00:23 24172081                   /usr/lib64/libjson-glib-1.0.so.0.1000.8
7f956abc0000-7f956abc1000 r--p 0002a000 00:23 24172081                   /usr/lib64/libjson-glib-1.0.so.0.1000.8
7f956abc1000-7f956abc2000 rw-p 00000000 00:00 0 
7f956abc2000-7f956abe0000 r-xp 00000000 00:23 41390016                   /usr/lib64/libatspi.so.0.0.1
7f956abe0000-7f956abfb000 r--p 0001e000 00:23 41390016                   /usr/lib64/libatspi.so.0.0.1
7f956abfb000-7f956abff000 r--p 00039000 00:23 41390016                   /usr/lib64/libatspi.so.0.0.1
7f956abff000-7f956ac00000 rw-p 0003d000 00:23 41390016                   /usr/lib64/libatspi.so.0.0.1
7f956ac00000-7f956af50000 r-xp 00000000 00:23 40496391                   /usr/lib64/libglycin-2.so.0
7f956af50000-7f956b00b000 r--p 00350000 00:23 40496391                   /usr/lib64/libglycin-2.so.0
7f956b00b000-7f956b024000 r--p 0040a000 00:23 40496391                   /usr/lib64/libglycin-2.so.0
7f956b024000-7f956b027000 rw-p 00423000 00:23 40496391                   /usr/lib64/libglycin-2.so.0
7f956b027000-7f956b028000 rw-s 00000000 00:07 1383                       /dev/nvidiactl
7f956b028000-7f956b029000 r-xp 00000000 00:23 24131006                   /usr/lib64/libxcb-present.so.0.0.0
7f956b029000-7f956b02b000 r--p 00001000 00:23 24131006                   /usr/lib64/libxcb-present.so.0.0.0
7f956b02b000-7f956b02c000 r--p 00002000 00:23 24131006                   /usr/lib64/libxcb-present.so.0.0.0
7f956b02c000-7f956b02d000 rw-p 00003000 00:23 24131006                   /usr/lib64/libxcb-present.so.0.0.0
7f956b02d000-7f956b030000 r-xp 00000000 00:23 24948703                   /usr/lib64/libnvidia-egl-gbm.so.1.1.3
7f956b030000-7f956b032000 r--p 00003000 00:23 24948703                   /usr/lib64/libnvidia-egl-gbm.so.1.1.3
7f956b032000-7f956b033000 r--p 00005000 00:23 24948703                   /usr/lib64/libnvidia-egl-gbm.so.1.1.3
7f956b033000-7f956b034000 rw-p 00000000 00:00 0 
7f956b034000-7f956b036000 r-xp 00000000 00:23 42344643                   /usr/lib64/libgbm.so.1.0.0
7f956b036000-7f956b038000 r--p 00002000 00:23 42344643                   /usr/lib64/libgbm.so.1.0.0
7f956b038000-7f956b039000 r--p 00003000 00:23 42344643                   /usr/lib64/libgbm.so.1.0.0
7f956b039000-7f956b03a000 rw-p 00004000 00:23 42344643                   /usr/lib64/libgbm.so.1.0.0
7f956b03a000-7f956b042000 r-xp 00000000 00:23 24131081                   /usr/lib64/libXrandr.so.2.2.0
7f956b042000-7f956b045000 r--p 00008000 00:23 24131081                   /usr/lib64/libXrandr.so.2.2.0
7f956b045000-7f956b046000 r--p 0000b000 00:23 24131081                   /usr/lib64/libXrandr.so.2.2.0
7f956b046000-7f956b047000 rw-p 0000c000 00:23 24131081                   /usr/lib64/libXrandr.so.2.2.0
7f956b047000-7f956b04e000 r-xp 00000000 00:23 24131086                   /usr/lib64/libXcursor.so.1.0.2
7f956b04e000-7f956b052000 r--p 00007000 00:23 24131086                   /usr/lib64/libXcursor.so.1.0.2
7f956b052000-7f956b053000 r--p 0000b000 00:23 24131086                   /usr/lib64/libXcursor.so.1.0.2
7f956b053000-7f956b054000 rw-p 00000000 00:00 0 
7f956b054000-7f956b0da000 r-xp 00000000 00:23 24179359                   /usr/lib64/libtinysparql-3.0.so.0.1101.0
7f956b0da000-7f956b121000 r--p 00086000 00:23 24179359                   /usr/lib64/libtinysparql-3.0.so.0.1101.0
7f956b121000-7f956b130000 r--p 000cc000 00:23 24179359                   /usr/lib64/libtinysparql-3.0.so.0.1101.0
7f956b130000-7f956b131000 rw-p 000db000 00:23 24179359                   /usr/lib64/libtinysparql-3.0.so.0.1101.0
7f956b131000-7f956b13d000 r-xp 00000000 00:23 24184266                   /usr/lib64/libcloudproviders.so.0.4.0
7f956b13d000-7f956b148000 r--p 0000c000 00:23 24184266                   /usr/lib64/libcloudproviders.so.0.4.0
7f956b148000-7f956b149000 r--p 00017000 00:23 24184266                   /usr/lib64/libcloudproviders.so.0.4.0
7f956b149000-7f956b14a000 rw-p 00018000 00:23 24184266                   /usr/lib64/libcloudproviders.so.0.4.0
7f956b14a000-7f956b166000 r-xp 00000000 00:23 41414386                   /usr/lib64/libatk-bridge-2.0.so.0.0.0
7f956b166000-7f956b184000 r--p 0001c000 00:23 41414386                   /usr/lib64/libatk-bridge-2.0.so.0.0.0
7f956b184000-7f956b186000 r--p 00039000 00:23 41414386                   /usr/lib64/libatk-bridge-2.0.so.0.0.0
7f956b186000-7f956b188000 rw-p 0003b000 00:23 41414386                   /usr/lib64/libatk-bridge-2.0.so.0.0.0
7f956b188000-7f956b195000 r-xp 00000000 00:23 38922608                   /usr/lib64/libXi.so.6.1.0
7f956b195000-7f956b199000 r--p 0000d000 00:23 38922608                   /usr/lib64/libXi.so.6.1.0
7f956b199000-7f956b19a000 r--p 00011000 00:23 38922608                   /usr/lib64/libXi.so.6.1.0
7f956b19a000-7f956b19b000 rw-p 00012000 00:23 38922608                   /usr/lib64/libXi.so.6.1.0
7f956b19b000-7f956b209000 r-xp 00000000 00:23 24128305                   /usr/lib64/libepoxy.so.0.0.0
7f956b209000-7f956b299000 r--p 0006e000 00:23 24128305                   /usr/lib64/libepoxy.so.0.0.0
7f956b299000-7f956b2a1000 r--p 000fe000 00:23 24128305                   /usr/lib64/libepoxy.so.0.0.0
7f956b2a1000-7f956b2a8000 rw-p 00106000 00:23 24128305                   /usr/lib64/libepoxy.so.0.0.0
7f956b2a8000-7f956b2b9000 r-xp 00000000 00:23 41390136                   /usr/lib64/libatk-1.0.so.0.26015.1
7f956b2b9000-7f956b2cb000 r--p 00011000 00:23 41390136                   /usr/lib64/libatk-1.0.so.0.26015.1
7f956b2cb000-7f956b2ce000 r--p 00022000 00:23 41390136                   /usr/lib64/libatk-1.0.so.0.26015.1
7f956b2ce000-7f956b2cf000 rw-p 00025000 00:23 41390136                   /usr/lib64/libatk-1.0.so.0.26015.1
7f956b2cf000-7f956b2ec000 r-xp 00000000 00:23 24221980                   /usr/lib64/libgdk_pixbuf-2.0.so.0.4400.4
7f956b2ec000-7f956b2fc000 r--p 0001d000 00:23 24221980                   /usr/lib64/libgdk_pixbuf-2.0.so.0.4400.4
7f956b2fc000-7f956b2fe000 r--p 0002c000 00:23 24221980                   /usr/lib64/libgdk_pixbuf-2.0.so.0.4400.4
7f956b2fe000-7f956b2ff000 rw-p 0002e000 00:23 24221980                   /usr/lib64/libgdk_pixbuf-2.0.so.0.4400.4
7f956b2ff000-7f956b390000 r-xp 00000000 00:23 40997169                   /usr/lib64/libgdk-3.so.0.2420.32
7f956b390000-7f956b3f4000 r--p 00091000 00:23 40997169                   /usr/lib64/libgdk-3.so.0.2420.32
7f956b3f4000-7f956b3fe000 r--p 000f5000 00:23 40997169                   /usr/lib64/libgdk-3.so.0.2420.32
7f956b3fe000-7f956b400000 rw-p 000ff000 00:23 40997169                   /usr/lib64/libgdk-3.so.0.2420.32
7f956b400000-7f956b7d8000 r-xp 00000000 00:23 40997171                   /usr/lib64/libgtk-3.so.0.2420.32
7f956b7d8000-7f956bb27000 r--p 003d8000 00:23 40997171                   /usr/lib64/libgtk-3.so.0.2420.32
7f956bb27000-7f956bb3a000 r--p 00726000 00:23 40997171                   /usr/lib64/libgtk-3.so.0.2420.32
7f956bb3a000-7f956bb3c000 rw-p 00739000 00:23 40997171                   /usr/lib64/libgtk-3.so.0.2420.32
7f956bb3c000-7f956bb41000 rw-p 00000000 00:00 0 
7f956bb41000-7f956bb43000 rw-s 00000000 00:07 1383                       /dev/nvidiactl
7f956bb43000-7f956bb44000 r-xp 00000000 00:23 24131094                   /usr/lib64/libXinerama.so.1.0.0
7f956bb44000-7f956bb45000 r--p 00001000 00:23 24131094                   /usr/lib64/libXinerama.so.1.0.0
7f956bb45000-7f956bb46000 r--p 00001000 00:23 24131094                   /usr/lib64/libXinerama.so.1.0.0
7f956bb46000-7f956bb47000 rw-p 00002000 00:23 24131094                   /usr/lib64/libXinerama.so.1.0.0
7f956bb47000-7f956bb48000 r-xp 00000000 00:23 24131216                   /usr/lib64/libXcomposite.so.1.0.0
7f956bb48000-7f956bb49000 r--p 00001000 00:23 24131216                   /usr/lib64/libXcomposite.so.1.0.0
7f956bb49000-7f956bb4a000 r--p 00001000 00:23 24131216                   /usr/lib64/libXcomposite.so.1.0.0
7f956bb4a000-7f956bb4b000 rw-p 00000000 00:00 0 
7f956bb4b000-7f956bb4f000 r-xp 00000000 00:23 24131056                   /usr/lib64/libXfixes.so.3.1.0
7f956bb4f000-7f956bb51000 r--p 00004000 00:23 24131056                   /usr/lib64/libXfixes.so.3.1.0
7f956bb51000-7f956bb52000 r--p 00006000 00:23 24131056                   /usr/lib64/libXfixes.so.3.1.0
7f956bb52000-7f956bb53000 rw-p 00007000 00:23 24131056                   /usr/lib64/libXfixes.so.3.1.0
7f956bb53000-7f956bb54000 rw-s 00000000 00:07 1387                       /dev/nvidia1
7f956bb54000-7f956bb61000 r-xp 00000000 00:23 24346793                   /usr/lib64/libnvidia-egl-wayland2.so.1.0.1
7f956bb61000-7f956bb67000 r--p 0000d000 00:23 24346793                   /usr/lib64/libnvidia-egl-wayland2.so.1.0.1
7f956bb67000-7f956bb69000 r--p 00012000 00:23 24346793                   /usr/lib64/libnvidia-egl-wayland2.so.1.0.1
7f956bb69000-7f956bb6a000 rw-p 00014000 00:23 24346793                   /usr/lib64/libnvidia-egl-wayland2.so.1.0.1
7f956bb6a000-7f956bb71000 r--s 00000000 00:23 41505201                   /usr/lib64/gconv/gconv-modules.cache
7f956bb71000-7f956bb72000 r-xp 00000000 00:23 24130741                   /usr/lib64/libbrotlicommon.so.1.2.0
7f956bb72000-7f956bb92000 r--p 00001000 00:23 24130741                   /usr/lib64/libbrotlicommon.so.1.2.0
7f956bb92000-7f956bb93000 r--p 00020000 00:23 24130741                   /usr/lib64/libbrotlicommon.so.1.2.0
7f956bb93000-7f956bb94000 rw-p 00000000 00:00 0 
7f956bb94000-7f956bbbc000 r-xp 00000000 00:23 40041650                   /usr/lib64/libblkid.so.1.1.0
7f956bbbc000-7f956bbca000 r--p 00028000 00:23 40041650                   /usr/lib64/libblkid.so.1.1.0
7f956bbca000-7f956bbd0000 r--p 00036000 00:23 40041650                   /usr/lib64/libblkid.so.1.1.0
7f956bbd0000-7f956bbd1000 rw-p 0003c000 00:23 40041650                   /usr/lib64/libblkid.so.1.1.0
7f956bbd1000-7f956bbf6000 r-xp 00000000 00:23 24128010                   /usr/lib64/liblzma.so.5.8.2
7f956bbf6000-7f956bc05000 r--p 00025000 00:23 24128010                   /usr/lib64/liblzma.so.5.8.2
7f956bc05000-7f956bc06000 r--p 00033000 00:23 24128010                   /usr/lib64/liblzma.so.5.8.2
7f956bc06000-7f956bc07000 rw-p 00034000 00:23 24128010                   /usr/lib64/liblzma.so.5.8.2
7f956bc07000-7f956bc2b000 r-xp 00000000 00:23 42115649                   /usr/lib64/libgcc_s-16-20260819.so.1
7f956bc2b000-7f956bc32000 r--p 00024000 00:23 42115649                   /usr/lib64/libgcc_s-16-20260819.so.1
7f956bc32000-7f956bc33000 r--p 0002b000 00:23 42115649                   /usr/lib64/libgcc_s-16-20260819.so.1
7f956bc33000-7f956bc34000 rw-p 00000000 00:00 0 
7f956bc34000-7f956bc36000 r-xp 00000000 00:23 24130960                   /usr/lib64/libXau.so.6.0.0
7f956bc36000-7f956bc37000 r--p 00002000 00:23 24130960                   /usr/lib64/libXau.so.6.0.0
7f956bc37000-7f956bc38000 r--p 00003000 00:23 24130960                   /usr/lib64/libXau.so.6.0.0
7f956bc38000-7f956bc39000 rw-p 00000000 00:00 0 
7f956bc39000-7f956bc48000 r-xp 00000000 00:23 24128036                   /usr/lib64/libbz2.so.1.0.8
7f956bc48000-7f956bc4b000 r--p 0000f000 00:23 24128036                   /usr/lib64/libbz2.so.1.0.8
7f956bc4b000-7f956bc4c000 r--p 00011000 00:23 24128036                   /usr/lib64/libbz2.so.1.0.8
7f956bc4c000-7f956bc4d000 rw-p 00012000 00:23 24128036                   /usr/lib64/libbz2.so.1.0.8
7f956bc4d000-7f956bc8b000 r-xp 00000000 00:23 40041655                   /usr/lib64/libmount.so.1.1.0
7f956bc8b000-7f956bca4000 r--p 0003e000 00:23 40041655                   /usr/lib64/libmount.so.1.1.0
7f956bca4000-7f956bca6000 r--p 00057000 00:23 40041655                   /usr/lib64/libmount.so.1.1.0
7f956bca6000-7f956bca7000 rw-p 00059000 00:23 40041655                   /usr/lib64/libmount.so.1.1.0
7f956bca7000-7f956bda3000 r-xp 00000000 00:23 24128019                   /usr/lib64/libxml2.so.2.12.10
7f956bda3000-7f956be09000 r--p 000fc000 00:23 24128019                   /usr/lib64/libxml2.so.2.12.10
7f956be09000-7f956be14000 r--p 00161000 00:23 24128019                   /usr/lib64/libxml2.so.2.12.10
7f956be14000-7f956be15000 rw-p 0016c000 00:23 24128019                   /usr/lib64/libxml2.so.2.12.10
7f956be15000-7f956be16000 rw-p 00000000 00:00 0 
7f956be16000-7f956be97000 r-xp 00000000 00:23 24128431                   /usr/lib64/libpcre2-8.so.0.15.0
7f956be97000-7f956bec5000 r--p 00081000 00:23 24128431                   /usr/lib64/libpcre2-8.so.0.15.0
7f956bec5000-7f956bec6000 r--p 000ae000 00:23 24128431                   /usr/lib64/libpcre2-8.so.0.15.0
7f956bec6000-7f956bec7000 rw-p 000af000 00:23 24128431                   /usr/lib64/libpcre2-8.so.0.15.0
7f956bec7000-7f956bf97000 r-xp 00000000 00:23 41038654                   /usr/lib64/libsystemd.so.0.42.0
7f956bf97000-7f956bff5000 r--p 000d0000 00:23 41038654                   /usr/lib64/libsystemd.so.0.42.0
7f956bff5000-7f956bffe000 r--p 0012d000 00:23 41038654                   /usr/lib64/libsystemd.so.0.42.0
7f956bffe000-7f956bfff000 rw-p 00136000 00:23 41038654                   /usr/lib64/libsystemd.so.0.42.0
7f956bfff000-7f956c021000 rw-p 00000000 00:00 0 
7f956c021000-7f9570000000 ---p 00000000 00:00 0 
7f9570000000-7f9570021000 rw-p 00000000 00:00 0 
7f9570021000-7f9574000000 ---p 00000000 00:00 0 
7f9574000000-7f9574021000 rw-p 00000000 00:00 0 
7f9574021000-7f9578000000 ---p 00000000 00:00 0 
7f9578000000-7f9578021000 rw-p 00000000 00:00 0 
7f9578021000-7f957c000000 ---p 00000000 00:00 0 
7f957c000000-7f957c021000 rw-p 00000000 00:00 0 
7f957c021000-7f9580000000 ---p 00000000 00:00 0 
7f9580000000-7f9580021000 rw-p 00000000 00:00 0 
7f9580021000-7f9584000000 ---p 00000000 00:00 0 
7f9584000000-7f9584021000 rw-p 00000000 00:00 0 
7f9584021000-7f9588000000 ---p 00000000 00:00 0 
7f9588000000-7f9588001000 rw-s 00000000 00:07 1387                       /dev/nvidia1
7f9588001000-7f958800a000 r-xp 00000000 00:23 24130743                   /usr/lib64/libbrotlidec.so.1.2.0
7f958800a000-7f958800e000 r--p 00009000 00:23 24130743                   /usr/lib64/libbrotlidec.so.1.2.0
7f958800e000-7f958800f000 r--p 0000c000 00:23 24130743                   /usr/lib64/libbrotlidec.so.1.2.0
7f958800f000-7f9588010000 rw-p 00000000 00:00 0 
7f9588010000-7f9588015000 r-xp 00000000 00:23 24221935                   /usr/lib64/libdatrie.so.1.4.1
7f9588015000-7f9588017000 r--p 00005000 00:23 24221935                   /usr/lib64/libdatrie.so.1.4.1
7f9588017000-7f9588018000 r--p 00007000 00:23 24221935                   /usr/lib64/libdatrie.so.1.4.1
7f9588018000-7f9588019000 rw-p 00000000 00:00 0 
7f9588019000-7f958803b000 r-xp 00000000 00:23 41362775                   /usr/lib64/libselinux.so.1
7f958803b000-7f9588049000 r--p 00022000 00:23 41362775                   /usr/lib64/libselinux.so.1
7f9588049000-7f958804a000 r--p 00030000 00:23 41362775                   /usr/lib64/libselinux.so.1
7f958804a000-7f958804b000 rw-p 00031000 00:23 41362775                   /usr/lib64/libselinux.so.1
7f958804b000-7f958804d000 rw-p 00000000 00:00 0 
7f958804d000-7f958804f000 r-xp 00000000 00:23 41389627                   /usr/lib64/libgmodule-2.0.so.0.8800.3
7f958804f000-7f9588051000 r--p 00002000 00:23 41389627                   /usr/lib64/libgmodule-2.0.so.0.8800.3
7f9588051000-7f9588052000 r--p 00003000 00:23 41389627                   /usr/lib64/libgmodule-2.0.so.0.8800.3
7f9588052000-7f9588053000 rw-p 00004000 00:23 41389627                   /usr/lib64/libgmodule-2.0.so.0.8800.3
7f9588053000-7f958806b000 r-xp 00000000 00:23 24177806                   /usr/lib64/libgraphite2.so.3.2.1
7f958806b000-7f9588070000 r--p 00018000 00:23 24177806                   /usr/lib64/libgraphite2.so.3.2.1
7f9588070000-7f9588072000 r--p 0001c000 00:23 24177806                   /usr/lib64/libgraphite2.so.3.2.1
7f9588072000-7f9588073000 rw-p 00000000 00:00 0 
7f9588073000-7f9588106000 r-xp 00000000 00:23 24128426                   /usr/lib64/libpixman-1.so.0.46.2
7f9588106000-7f958811b000 r--p 00093000 00:23 24128426                   /usr/lib64/libpixman-1.so.0.46.2
7f958811b000-7f9588123000 r--p 000a8000 00:23 24128426                   /usr/lib64/libpixman-1.so.0.46.2
7f9588123000-7f9588124000 rw-p 000b0000 00:23 24128426                   /usr/lib64/libpixman-1.so.0.46.2
7f9588124000-7f9588138000 r-xp 00000000 00:23 24131042                   /usr/lib64/libxcb.so.1.1.0
7f9588138000-7f958814c000 r--p 00014000 00:23 24131042                   /usr/lib64/libxcb.so.1.1.0
7f958814c000-7f958814d000 r--p 00028000 00:23 24131042                   /usr/lib64/libxcb.so.1.1.0
7f958814d000-7f958814e000 rw-p 00029000 00:23 24131042                   /usr/lib64/libxcb.so.1.1.0
7f958814e000-7f95881f4000 r-xp 00000000 00:23 24131047                   /usr/lib64/libX11.so.6.4.0
7f95881f4000-7f958829d000 r--p 000a6000 00:23 24131047                   /usr/lib64/libX11.so.6.4.0
7f958829d000-7f95882a0000 r--p 0014e000 00:23 24131047                   /usr/lib64/libX11.so.6.4.0
7f95882a0000-7f95882a4000 rw-p 00151000 00:23 24131047                   /usr/lib64/libX11.so.6.4.0
7f95882a4000-7f9588346000 r-xp 00000000 00:23 24177814                   /usr/lib64/libfreetype.so.6.20.6
7f9588346000-7f9588377000 r--p 000a2000 00:23 24177814                   /usr/lib64/libfreetype.so.6.20.6
7f9588377000-7f958837f000 r--p 000d2000 00:23 24177814                   /usr/lib64/libfreetype.so.6.20.6
7f958837f000-7f9588380000 rw-p 00000000 00:00 0 
7f9588380000-7f95883ac000 r-xp 00000000 00:23 39111003                   /usr/lib64/libpng16.so.16.58.0
7f95883ac000-7f95883bb000 r--p 0002c000 00:23 39111003                   /usr/lib64/libpng16.so.16.58.0
7f95883bb000-7f95883bc000 r--p 0003a000 00:23 39111003                   /usr/lib64/libpng16.so.16.58.0
7f95883bc000-7f95883bd000 rw-p 00000000 00:00 0 
7f95883bd000-7f95884e4000 r-xp 00000000 00:23 41389621                   /usr/lib64/libgio-2.0.so.0.8800.3
7f95884e4000-7f9588591000 r--p 00127000 00:23 41389621                   /usr/lib64/libgio-2.0.so.0.8800.3
7f9588591000-7f958859a000 r--p 001d3000 00:23 41389621                   /usr/lib64/libgio-2.0.so.0.8800.3
7f958859a000-7f958859b000 rw-p 001dc000 00:23 41389621                   /usr/lib64/libgio-2.0.so.0.8800.3
7f958859b000-7f958859d000 rw-p 00000000 00:00 0 
7f958859d000-7f95885d0000 r-xp 00000000 00:23 24177857                   /usr/lib64/libfontconfig.so.1.16.0
7f95885d0000-7f95885ed000 r--p 00033000 00:23 24177857                   /usr/lib64/libfontconfig.so.1.16.0
7f95885ed000-7f95885ef000 r--p 00050000 00:23 24177857                   /usr/lib64/libfontconfig.so.1.16.0
7f95885ef000-7f95885f0000 rw-p 00052000 00:23 24177857                   /usr/lib64/libfontconfig.so.1.16.0
7f95885f0000-7f95886e9000 r-xp 00000000 00:23 24177829                   /usr/lib64/libharfbuzz.so.0.61410.0
7f95886e9000-7f9588729000 r--p 000f9000 00:23 24177829                   /usr/lib64/libharfbuzz.so.0.61410.0
7f9588729000-7f958872b000 r--p 00138000 00:23 24177829                   /usr/lib64/libharfbuzz.so.0.61410.0
7f958872b000-7f958872c000 rw-p 0013a000 00:23 24177829                   /usr/lib64/libharfbuzz.so.0.61410.0
7f958872c000-7f95887d9000 r-xp 00000000 00:23 41389625                   /usr/lib64/libglib-2.0.so.0.8800.3
7f95887d9000-7f958888b000 r--p 000ad000 00:23 41389625                   /usr/lib64/libglib-2.0.so.0.8800.3
7f958888b000-7f958888c000 r--p 0015f000 00:23 41389625                   /usr/lib64/libglib-2.0.so.0.8800.3
7f958888c000-7f958888d000 rw-p 00160000 00:23 41389625                   /usr/lib64/libglib-2.0.so.0.8800.3
7f958888d000-7f958888e000 rw-p 00000000 00:00 0 
7f958888e000-7f95888c4000 r-xp 00000000 00:23 24127966                   /usr/lib64/libdbus-1.so.3.38.3
7f95888c4000-7f95888e3000 r--p 00036000 00:23 24127966                   /usr/lib64/libdbus-1.so.3.38.3
7f95888e3000-7f95888e5000 r--p 00054000 00:23 24127966                   /usr/lib64/libdbus-1.so.3.38.3
7f95888e5000-7f95888e6000 rw-p 00056000 00:23 24127966                   /usr/lib64/libdbus-1.so.3.38.3
7f95888e6000-7f95889e3000 r-xp 00000000 00:23 24178048                   /usr/lib64/libcairo.so.2.11804.4
7f95889e3000-7f9588a29000 r--p 000fd000 00:23 24178048                   /usr/lib64/libcairo.so.2.11804.4
7f9588a29000-7f9588a2d000 r--p 00143000 00:23 24178048                   /usr/lib64/libcairo.so.2.11804.4
7f9588a2d000-7f9588a2f000 rw-p 00147000 00:23 24178048                   /usr/lib64/libcairo.so.2.11804.4
7f9588a2f000-7f9588a30000 rw-p 00000000 00:00 0 
7f9588a30000-7f9588a69000 r-xp 00000000 00:23 41389629                   /usr/lib64/libgobject-2.0.so.0.8800.3
7f9588a69000-7f9588a8d000 r--p 00039000 00:23 41389629                   /usr/lib64/libgobject-2.0.so.0.8800.3
7f9588a8d000-7f9588a90000 r--p 0005d000 00:23 41389629                   /usr/lib64/libgobject-2.0.so.0.8800.3
7f9588a90000-7f9588a91000 rw-p 00060000 00:23 41389629                   /usr/lib64/libgobject-2.0.so.0.8800.3
7f9588a91000-7f9588ad3000 r-xp 00000000 00:23 24221963                   /usr/lib64/libpango-1.0.so.0.5701.0
7f9588ad3000-7f9588afb000 r--p 00042000 00:23 24221963                   /usr/lib64/libpango-1.0.so.0.5701.0
7f9588afb000-7f9588aff000 r--p 00069000 00:23 24221963                   /usr/lib64/libpango-1.0.so.0.5701.0
7f9588aff000-7f9588b00000 rw-p 0006d000 00:23 24221963                   /usr/lib64/libpango-1.0.so.0.5701.0
7f9588b00000-7f9588b04000 ---p 00000000 00:00 0 
7f9588b04000-7f9588c00000 rw-p 00000000 00:00 0 
7f9588c00000-7f958ac00000 rw-p 00000000 00:00 0 
7f958ac00000-7f958ac01000 rw-s 00000000 00:07 1387                       /dev/nvidia1
7f958ac01000-7f958ac02000 rw-s 00000000 00:07 1387                       /dev/nvidia1
7f958ac02000-7f958ac03000 rw-s 00000000 00:07 1383                       /dev/nvidiactl
7f958ac03000-7f958ac0f000 r-xp 00000000 00:23 24131051                   /usr/lib64/libXext.so.6.4.0
7f958ac0f000-7f958ac15000 r--p 0000c000 00:23 24131051                   /usr/lib64/libXext.so.6.4.0
7f958ac15000-7f958ac16000 r--p 00011000 00:23 24131051                   /usr/lib64/libXext.so.6.4.0
7f958ac16000-7f958ac17000 rw-p 00012000 00:23 24131051                   /usr/lib64/libXext.so.6.4.0
7f958ac17000-7f958ac34000 r-xp 00000000 00:23 24127946                   /usr/lib64/libz.so.1.3.1.zlib-ng
7f958ac34000-7f958ac3f000 r--p 0001d000 00:23 24127946                   /usr/lib64/libz.so.1.3.1.zlib-ng
7f958ac3f000-7f958ac40000 r--p 00027000 00:23 24127946                   /usr/lib64/libz.so.1.3.1.zlib-ng
7f958ac40000-7f958ac41000 rw-p 00028000 00:23 24127946                   /usr/lib64/libz.so.1.3.1.zlib-ng
7f958ac41000-7f958ac71000 r-xp 00000000 00:23 24128119                   /usr/lib64/libxkbcommon.so.0.13.1
7f958ac71000-7f958ac9d000 r--p 00030000 00:23 24128119                   /usr/lib64/libxkbcommon.so.0.13.1
7f958ac9d000-7f958ac9f000 r--p 0005b000 00:23 24128119                   /usr/lib64/libxkbcommon.so.0.13.1
7f958ac9f000-7f958aca0000 rw-p 0005d000 00:23 24128119                   /usr/lib64/libxkbcommon.so.0.13.1
7f958aca0000-7f958cc20000 rw-p 00000000 00:00 0 
7f958cc20000-7f95a8be0000 ---p 00000000 00:00 0 
7f95a8be0000-7f95a9010000 rw-p 00000000 00:00 0 
7f95a9010000-7f95ac808000 ---p 00000000 00:00 0 
7f95ac808000-7f95acc00000 rw-p 00000000 00:00 0 
7f95acc00000-7f95b03f8000 ---p 00000000 00:00 0 
7f95b03f8000-7f95b0400000 rw-p 00000000 00:00 0 
7f95b0400000-7f95b0670000 rwxp 00000000 00:00 0 
7f95b0670000-7f95b785f000 ---p 00000000 00:00 0 
7f95b785f000-7f95b7c1f000 rwxp 00000000 00:00 0 
7f95b7c1f000-7f95b7f9f000 ---p 00000000 00:00 0 
7f95b7f9f000-7f95b820f000 rwxp 00000000 00:00 0 
7f95b820f000-7f95bf400000 ---p 00000000 00:00 0 
7f95bf400000-7f95c7f14000 r--s 00000000 00:23 3691029                    /home/seal/.sdkman/candidates/java/25-tem/lib/modules
7f95c7f14000-7f95c7f15000 rw-s 00000000 00:07 1383                       /dev/nvidiactl
7f95c7f15000-7f95c7f17000 r--p 00000000 00:01 5274                       /memfd:kwin-dmabuf-feedback-table (deleted)
7f95c7f17000-7f95c7f1d000 r-xp 00000000 00:23 24131012                   /usr/lib64/libxcb-render.so.0.0.0
7f95c7f1d000-7f95c7f24000 r--p 00006000 00:23 24131012                   /usr/lib64/libxcb-render.so.0.0.0
7f95c7f24000-7f95c7f25000 r--p 0000d000 00:23 24131012                   /usr/lib64/libxcb-render.so.0.0.0
7f95c7f25000-7f95c7f26000 rw-p 0000e000 00:23 24131012                   /usr/lib64/libxcb-render.so.0.0.0
7f95c7f26000-7f95c7f2c000 r-xp 00000000 00:23 24130722                   /usr/lib64/libfribidi.so.0.4.0
7f95c7f2c000-7f95c7f44000 r--p 00006000 00:23 24130722                   /usr/lib64/libfribidi.so.0.4.0
7f95c7f44000-7f95c7f45000 r--p 0001d000 00:23 24130722                   /usr/lib64/libfribidi.so.0.4.0
7f95c7f45000-7f95c7f46000 rw-p 0001e000 00:23 24130722                   /usr/lib64/libfribidi.so.0.4.0
7f95c7f46000-7f95c7f55000 r-xp 00000000 00:23 24221967                   /usr/lib64/libpangoft2-1.0.so.0.5701.0
7f95c7f55000-7f95c7f60000 r--p 0000f000 00:23 24221967                   /usr/lib64/libpangoft2-1.0.so.0.5701.0
7f95c7f60000-7f95c7f61000 r--p 0001a000 00:23 24221967                   /usr/lib64/libpangoft2-1.0.so.0.5701.0
7f95c7f61000-7f95c7f62000 rw-p 00000000 00:00 0 
7f95c7f62000-7f95c7f87000 r-xp 00000000 00:2a 7370                       /tmp/lwjgl_seal/3.4.0-snapshot/x64/libglfw.so
7f95c7f87000-7f95c7fd6000 r--p 00025000 00:2a 7370                       /tmp/lwjgl_seal/3.4.0-snapshot/x64/libglfw.so
7f95c7fd6000-7f95c7fda000 r--p 00074000 00:2a 7370                       /tmp/lwjgl_seal/3.4.0-snapshot/x64/libglfw.so
7f95c7fda000-7f95c7fdd000 rw-p 00078000 00:2a 7370                       /tmp/lwjgl_seal/3.4.0-snapshot/x64/libglfw.so
7f95c7fdd000-7f95c8aac000 rw-p 00000000 00:00 0 
7f95c8aac000-7f95cc000000 ---p 00000000 00:00 0 
7f95cc000000-7f95cc001000 r--s 00000000 00:07 1383                       /dev/nvidiactl
7f95cc001000-7f95cc002000 r-xp 00000000 00:23 24131020                   /usr/lib64/libxcb-shm.so.0.0.0
7f95cc002000-7f95cc003000 r--p 00001000 00:23 24131020                   /usr/lib64/libxcb-shm.so.0.0.0
7f95cc003000-7f95cc004000 r--p 00002000 00:23 24131020                   /usr/lib64/libxcb-shm.so.0.0.0
7f95cc004000-7f95cc005000 rw-p 00003000 00:23 24131020                   /usr/lib64/libxcb-shm.so.0.0.0
7f95cc005000-7f95cc00d000 r-xp 00000000 00:23 24131076                   /usr/lib64/libXrender.so.1.3.0
7f95cc00d000-7f95cc010000 r--p 00008000 00:23 24131076                   /usr/lib64/libXrender.so.1.3.0
7f95cc010000-7f95cc011000 r--p 0000a000 00:23 24131076                   /usr/lib64/libXrender.so.1.3.0
7f95cc011000-7f95cc012000 rw-p 0000b000 00:23 24131076                   /usr/lib64/libXrender.so.1.3.0
7f95cc012000-7f95cc01c000 r-xp 00000000 00:23 24221965                   /usr/lib64/libpangocairo-1.0.so.0.5701.0
7f95cc01c000-7f95cc023000 r--p 0000a000 00:23 24221965                   /usr/lib64/libpangocairo-1.0.so.0.5701.0
7f95cc023000-7f95cc024000 r--p 00010000 00:23 24221965                   /usr/lib64/libpangocairo-1.0.so.0.5701.0
7f95cc024000-7f95cc025000 rw-p 00011000 00:23 24221965                   /usr/lib64/libpangocairo-1.0.so.0.5701.0
7f95cc025000-7f95cc026000 r-xp 00000000 00:23 24131209                   /usr/lib64/libXdamage.so.1.1.0
7f95cc026000-7f95cc027000 r--p 00001000 00:23 24131209                   /usr/lib64/libXdamage.so.1.1.0
7f95cc027000-7f95cc028000 r--p 00001000 00:23 24131209                   /usr/lib64/libXdamage.so.1.1.0
7f95cc028000-7f95cc029000 rw-p 00000000 00:00 0 
7f95cc029000-7f95cc02b000 r-xp 00000000 00:23 24178059                   /usr/lib64/libcairo-gobject.so.2.11804.4
7f95cc02b000-7f95cc02f000 r--p 00002000 00:23 24178059                   /usr/lib64/libcairo-gobject.so.2.11804.4
7f95cc02f000-7f95cc031000 r--p 00005000 00:23 24178059                   /usr/lib64/libcairo-gobject.so.2.11804.4
7f95cc031000-7f95cc032000 rw-p 00000000 00:00 0 
7f95cc032000-7f95cc03c000 r-xp 00000000 00:23 24300027                   /usr/lib64/libEGL.so.1.1.0
7f95cc03c000-7f95cc041000 r--p 0000a000 00:23 24300027                   /usr/lib64/libEGL.so.1.1.0
7f95cc041000-7f95cc042000 r--p 0000f000 00:23 24300027                   /usr/lib64/libEGL.so.1.1.0
7f95cc042000-7f95cc043000 rw-p 00010000 00:23 24300027                   /usr/lib64/libEGL.so.1.1.0
7f95cc043000-7f95cc047000 r-xp 00000000 00:23 24294614                   /usr/lib64/libdecor-0.so.0.200.5
7f95cc047000-7f95cc04a000 r--p 00004000 00:23 24294614                   /usr/lib64/libdecor-0.so.0.200.5
7f95cc04a000-7f95cc04b000 r--p 00007000 00:23 24294614                   /usr/lib64/libdecor-0.so.0.200.5
7f95cc04b000-7f95cc04c000 rw-p 00008000 00:23 24294614                   /usr/lib64/libdecor-0.so.0.200.5
7f95cc04c000-7f95cc04d000 r-xp 00000000 00:23 40451084                   /usr/lib64/libwayland-egl.so.1.25.0
7f95cc04d000-7f95cc04e000 r--p 00001000 00:23 40451084                   /usr/lib64/libwayland-egl.so.1.25.0
7f95cc04e000-7f95cc04f000 r--p 00001000 00:23 40451084                   /usr/lib64/libwayland-egl.so.1.25.0
7f95cc04f000-7f95cc050000 rw-p 00000000 00:00 0 
7f95cc050000-7f95cc053000 r-xp 00000000 00:23 40449098                   /usr/lib64/libwayland-cursor.so.0.25.0
7f95cc053000-7f95cc055000 r--p 00003000 00:23 40449098                   /usr/lib64/libwayland-cursor.so.0.25.0
7f95cc055000-7f95cc056000 r--p 00004000 00:23 40449098                   /usr/lib64/libwayland-cursor.so.0.25.0
7f95cc056000-7f95cc05a000 rw-p 00005000 00:23 40449098                   /usr/lib64/libwayland-cursor.so.0.25.0
7f95cc05a000-7f95cc065000 r-xp 00000000 00:23 24130287                   /usr/lib64/libffi.so.8.2.0
7f95cc065000-7f95cc068000 r--p 0000b000 00:23 24130287                   /usr/lib64/libffi.so.8.2.0
7f95cc068000-7f95cc069000 r--p 0000e000 00:23 24130287                   /usr/lib64/libffi.so.8.2.0
7f95cc069000-7f95cc06a000 rw-p 0000f000 00:23 24130287                   /usr/lib64/libffi.so.8.2.0
7f95cc06a000-7f95cc072000 r-xp 00000000 00:23 40367672                   /usr/lib64/libwayland-client.so.0.25.0
7f95cc072000-7f95cc077000 r--p 00008000 00:23 40367672                   /usr/lib64/libwayland-client.so.0.25.0
7f95cc077000-7f95cc079000 r--p 0000d000 00:23 40367672                   /usr/lib64/libwayland-client.so.0.25.0
7f95cc079000-7f95cc07a000 rw-p 0000f000 00:23 40367672                   /usr/lib64/libwayland-client.so.0.25.0
7f95cc07a000-7f95cc07c000 r--p 00000000 00:01 5274                       /memfd:kwin-dmabuf-feedback-table (deleted)
7f95cc07c000-7f95cc081000 r-xp 00000000 00:23 24221939                   /usr/lib64/libthai.so.0.3.2
7f95cc081000-7f95cc086000 r--p 00005000 00:23 24221939                   /usr/lib64/libthai.so.0.3.2
7f95cc086000-7f95cc087000 r--p 00009000 00:23 24221939                   /usr/lib64/libthai.so.0.3.2
7f95cc087000-7f95cc088000 rw-p 0000a000 00:23 24221939                   /usr/lib64/libthai.so.0.3.2
7f95cc088000-7f95cc08f000 r-xp 00000000 00:23 24294615                   /usr/lib64/libdecor/plugins-1/libdecor-cairo.so
7f95cc08f000-7f95cc094000 r--p 00007000 00:23 24294615                   /usr/lib64/libdecor/plugins-1/libdecor-cairo.so
7f95cc094000-7f95cc097000 r--p 0000b000 00:23 24294615                   /usr/lib64/libdecor/plugins-1/libdecor-cairo.so
7f95cc097000-7f95cc098000 rw-p 0000e000 00:23 24294615                   /usr/lib64/libdecor/plugins-1/libdecor-cairo.so
7f95cc098000-7f95cc0cd000 r-xp 00000000 00:2a 7369                       /tmp/lwjgl_seal/3.4.0-snapshot/x64/liblwjgl.so
7f95cc0cd000-7f95cc115000 r--p 00035000 00:2a 7369                       /tmp/lwjgl_seal/3.4.0-snapshot/x64/liblwjgl.so
7f95cc115000-7f95cc116000 r--p 0007c000 00:2a 7369                       /tmp/lwjgl_seal/3.4.0-snapshot/x64/liblwjgl.so
7f95cc116000-7f95cc117000 rw-p 0007d000 00:2a 7369                       /tmp/lwjgl_seal/3.4.0-snapshot/x64/liblwjgl.so
7f95cc117000-7f95cc119000 r--p 00000000 00:23 3690972                    /home/seal/.sdkman/candidates/java/25-tem/lib/libzip.so
7f95cc119000-7f95cc12b000 r-xp 00002000 00:23 3690972                    /home/seal/.sdkman/candidates/java/25-tem/lib/libzip.so
7f95cc12b000-7f95cc133000 r--p 00014000 00:23 3690972                    /home/seal/.sdkman/candidates/java/25-tem/lib/libzip.so
7f95cc133000-7f95cc134000 r--p 0001b000 00:23 3690972                    /home/seal/.sdkman/candidates/java/25-tem/lib/libzip.so
7f95cc134000-7f95cc135000 rw-p 0001c000 00:23 3690972                    /home/seal/.sdkman/candidates/java/25-tem/lib/libzip.so
7f95cc135000-7f95cc139000 ---p 00000000 00:00 0 
7f95cc139000-7f95cc235000 rw-p 00000000 00:00 0 
7f95cc235000-7f95cc239000 ---p 00000000 00:00 0 
7f95cc239000-7f95cc335000 rw-p 00000000 00:00 0 
7f95cc335000-7f95cc339000 ---p 00000000 00:00 0 
7f95cc339000-7f95cc435000 rw-p 00000000 00:00 0 
7f95cc435000-7f95cc439000 ---p 00000000 00:00 0 
7f95cc439000-7f95cc535000 rw-p 00000000 00:00 0 
7f95cc535000-7f95cc539000 ---p 00000000 00:00 0 
7f95cc539000-7f95cc635000 rw-p 00000000 00:00 0 
7f95cc635000-7f95cc636000 r--p 00000000 00:23 3691005                    /home/seal/.sdkman/candidates/java/25-tem/lib/libsimdsort.so
7f95cc636000-7f95cc66f000 r-xp 00001000 00:23 3691005                    /home/seal/.sdkman/candidates/java/25-tem/lib/libsimdsort.so
7f95cc66f000-7f95cc675000 r--p 0003a000 00:23 3691005                    /home/seal/.sdkman/candidates/java/25-tem/lib/libsimdsort.so
7f95cc675000-7f95cc676000 r--p 0003f000 00:23 3691005                    /home/seal/.sdkman/candidates/java/25-tem/lib/libsimdsort.so
7f95cc676000-7f95cc677000 rw-p 00040000 00:23 3691005                    /home/seal/.sdkman/candidates/java/25-tem/lib/libsimdsort.so
7f95cc677000-7f95cc67b000 ---p 00000000 00:00 0 
7f95cc67b000-7f95cc777000 rw-p 00000000 00:00 0 
7f95cc777000-7f95cc77b000 ---p 00000000 00:00 0 
7f95cc77b000-7f95cc877000 rw-p 00000000 00:00 0 
7f95cc877000-7f95cc87b000 ---p 00000000 00:00 0 
7f95cc87b000-7f95cc977000 rw-p 00000000 00:00 0 
7f95cc977000-7f95cc97b000 ---p 00000000 00:00 0 
7f95cc97b000-7f95cca77000 rw-p 00000000 00:00 0 
7f95cca77000-7f95cca7b000 ---p 00000000 00:00 0 
7f95cca7b000-7f95ccb77000 rw-p 00000000 00:00 0 
7f95ccb77000-7f95ccc94000 rw-p 00000000 00:00 0 
7f95ccc94000-7f95cce96000 rw-p 00000000 00:00 0 
7f95cce96000-7f95cce9a000 ---p 00000000 00:00 0 
7f95cce9a000-7f95ccf97000 rw-p 00000000 00:00 0 
7f95ccf97000-7f95ccf9b000 ---p 00000000 00:00 0 
7f95ccf9b000-7f95cd29a000 rw-p 00000000 00:00 0 
7f95cd29a000-7f95ce1a9000 rw-p 00000000 00:00 0 
7f95ce1a9000-7f95ce4ac000 rw-p 00000000 00:00 0 
7f95ce4ac000-7f95cf61c000 rw-p 00000000 00:00 0 
7f95cf61c000-7f95cf700000 ---p 00000000 00:00 0 
7f95cf700000-7f95cf705000 rw-p 00000000 00:00 0 
7f95cf705000-7f95cf7e9000 ---p 00000000 00:00 0 
7f95cf7e9000-7f95cf7ed000 ---p 00000000 00:00 0 
7f95cf7ed000-7f95cf8e9000 rw-p 00000000 00:00 0 
7f95cf8e9000-7f95cf978000 r-xp 00000000 00:23 41466285                   /usr/lib64/libm.so.6
7f95cf978000-7f95cf9fe000 r--p 0008f000 00:23 41466285                   /usr/lib64/libm.so.6
7f95cf9fe000-7f95cf9ff000 r--p 00114000 00:23 41466285                   /usr/lib64/libm.so.6
7f95cf9ff000-7f95cfa00000 rw-p 00115000 00:23 41466285                   /usr/lib64/libm.so.6
7f95cfa00000-7f95cfce2000 r--p 00000000 00:23 3690991                    /home/seal/.sdkman/candidates/java/25-tem/lib/server/libjvm.so
7f95cfce2000-7f95d0ce2000 r-xp 002e2000 00:23 3690991                    /home/seal/.sdkman/candidates/java/25-tem/lib/server/libjvm.so
7f95d0ce2000-7f95d0ff2000 r--p 012e2000 00:23 3690991                    /home/seal/.sdkman/candidates/java/25-tem/lib/server/libjvm.so
7f95d0ff2000-7f95d10dd000 r--p 015f2000 00:23 3690991                    /home/seal/.sdkman/candidates/java/25-tem/lib/server/libjvm.so
7f95d10dd000-7f95d1108000 rw-p 016dd000 00:23 3690991                    /home/seal/.sdkman/candidates/java/25-tem/lib/server/libjvm.so
7f95d1108000-7f95d1184000 rw-p 00000000 00:00 0 
7f95d1184000-7f95d1188000 r--p 00000000 00:23 3690967                    /home/seal/.sdkman/candidates/java/25-tem/lib/libverify.so
7f95d1188000-7f95d1191000 r-xp 00004000 00:23 3690967                    /home/seal/.sdkman/candidates/java/25-tem/lib/libverify.so
7f95d1191000-7f95d1193000 r--p 0000d000 00:23 3690967                    /home/seal/.sdkman/candidates/java/25-tem/lib/libverify.so
7f95d1193000-7f95d1195000 r--p 0000e000 00:23 3690967                    /home/seal/.sdkman/candidates/java/25-tem/lib/libverify.so
7f95d1195000-7f95d1196000 rw-p 00010000 00:23 3690967                    /home/seal/.sdkman/candidates/java/25-tem/lib/libverify.so
7f95d1196000-7f95d1199000 r--p 00000000 00:23 3690988                    /home/seal/.sdkman/candidates/java/25-tem/lib/libnet.so
7f95d1199000-7f95d11a1000 r-xp 00003000 00:23 3690988                    /home/seal/.sdkman/candidates/java/25-tem/lib/libnet.so
7f95d11a1000-7f95d11a3000 r--p 0000b000 00:23 3690988                    /home/seal/.sdkman/candidates/java/25-tem/lib/libnet.so
7f95d11a3000-7f95d11a4000 r--p 0000c000 00:23 3690988                    /home/seal/.sdkman/candidates/java/25-tem/lib/libnet.so
7f95d11a4000-7f95d11a5000 rw-p 0000d000 00:23 3690988                    /home/seal/.sdkman/candidates/java/25-tem/lib/libnet.so
7f95d11a5000-7f95d11ad000 r--p 00000000 00:23 3691028                    /home/seal/.sdkman/candidates/java/25-tem/lib/libnio.so
7f95d11ad000-7f95d11b6000 r-xp 00008000 00:23 3691028                    /home/seal/.sdkman/candidates/java/25-tem/lib/libnio.so
7f95d11b6000-7f95d11ba000 r--p 00011000 00:23 3691028                    /home/seal/.sdkman/candidates/java/25-tem/lib/libnio.so
7f95d11ba000-7f95d11bb000 r--p 00015000 00:23 3691028                    /home/seal/.sdkman/candidates/java/25-tem/lib/libnio.so
7f95d11bb000-7f95d11bc000 rw-p 00016000 00:23 3691028                    /home/seal/.sdkman/candidates/java/25-tem/lib/libnio.so
7f95d11bc000-7f95d11ca000 r--p 00000000 00:23 3690980                    /home/seal/.sdkman/candidates/java/25-tem/lib/libjava.so
7f95d11ca000-7f95d11d8000 r-xp 0000e000 00:23 3690980                    /home/seal/.sdkman/candidates/java/25-tem/lib/libjava.so
7f95d11d8000-7f95d11dd000 r--p 0001c000 00:23 3690980                    /home/seal/.sdkman/candidates/java/25-tem/lib/libjava.so
7f95d11dd000-7f95d11de000 r--p 00021000 00:23 3690980                    /home/seal/.sdkman/candidates/java/25-tem/lib/libjava.so
7f95d11de000-7f95d11df000 rw-p 00022000 00:23 3690980                    /home/seal/.sdkman/candidates/java/25-tem/lib/libjava.so
7f95d11df000-7f95d11e0000 rw-p 00000000 00:00 0 
7f95d11e0000-7f95d11e4000 r--p 00000000 00:23 3690983                    /home/seal/.sdkman/candidates/java/25-tem/lib/libjimage.so
7f95d11e4000-7f95d11fc000 r-xp 00004000 00:23 3690983                    /home/seal/.sdkman/candidates/java/25-tem/lib/libjimage.so
7f95d11fc000-7f95d1202000 r--p 0001c000 00:23 3690983                    /home/seal/.sdkman/candidates/java/25-tem/lib/libjimage.so
7f95d1202000-7f95d1204000 r--p 00021000 00:23 3690983                    /home/seal/.sdkman/candidates/java/25-tem/lib/libjimage.so
7f95d1204000-7f95d1205000 rw-p 00023000 00:23 3690983                    /home/seal/.sdkman/candidates/java/25-tem/lib/libjimage.so
7f95d1205000-7f95d1206000 r-xp 00000000 00:23 41466293                   /usr/lib64/librt.so.1
7f95d1206000-7f95d1207000 r--p 00001000 00:23 41466293                   /usr/lib64/librt.so.1
7f95d1207000-7f95d1208000 r--p 00001000 00:23 41466293                   /usr/lib64/librt.so.1
7f95d1208000-7f95d120b000 rw-p 00000000 00:00 0 
7f95d120b000-7f95d120c000 r-xp 00000000 00:23 41466291                   /usr/lib64/libpthread.so.0
7f95d120c000-7f95d120d000 r--p 00001000 00:23 41466291                   /usr/lib64/libpthread.so.0
7f95d120d000-7f95d120e000 r--p 00001000 00:23 41466291                   /usr/lib64/libpthread.so.0
7f95d120e000-7f95d120f000 rw-p 00000000 00:00 0 
7f95d120f000-7f95d1210000 r-xp 00000000 00:23 41466284                   /usr/lib64/libdl.so.2
7f95d1210000-7f95d1211000 r--p 00001000 00:23 41466284                   /usr/lib64/libdl.so.2
7f95d1211000-7f95d1212000 r--p 00001000 00:23 41466284                   /usr/lib64/libdl.so.2
7f95d1212000-7f95d1213000 rw-p 00000000 00:00 0 
7f95d1213000-7f95d1385000 r-xp 00000000 00:23 41466283                   /usr/lib64/libc.so.6
7f95d1385000-7f95d13fe000 r--p 00172000 00:23 41466283                   /usr/lib64/libc.so.6
7f95d13fe000-7f95d1402000 r--p 001eb000 00:23 41466283                   /usr/lib64/libc.so.6
7f95d1402000-7f95d1404000 rw-p 001ef000 00:23 41466283                   /usr/lib64/libc.so.6
7f95d1404000-7f95d140c000 rw-p 00000000 00:00 0 
7f95d140c000-7f95d140d000 r--s 00000000 00:07 1383                       /dev/nvidiactl
7f95d140d000-7f95d140e000 rw-p 00000000 00:00 0 
7f95d140e000-7f95d140f000 r-xp 00033000 00:2a 7369                       /tmp/lwjgl_seal/3.4.0-snapshot/x64/liblwjgl.so
7f95d140f000-7f95d1418000 rw-p 00000000 00:00 0 
7f95d1418000-7f95d141f000 ---p 00000000 00:00 0 
7f95d141f000-7f95d1427000 rw-s 00000000 00:2a 7737                       /tmp/hsperfdata_seal/33359
7f95d1427000-7f95d1428000 ---p 00000000 00:00 0 
7f95d1428000-7f95d1429000 r--p 00000000 00:00 0 
7f95d1429000-7f95d142a000 ---p 00000000 00:00 0 
7f95d142a000-7f95d142d000 r--p 00000000 00:23 3690997                    /home/seal/.sdkman/candidates/java/25-tem/lib/libjli.so
7f95d142d000-7f95d143e000 r-xp 00003000 00:23 3690997                    /home/seal/.sdkman/candidates/java/25-tem/lib/libjli.so
7f95d143e000-7f95d1445000 r--p 00014000 00:23 3690997                    /home/seal/.sdkman/candidates/java/25-tem/lib/libjli.so
7f95d1445000-7f95d1446000 r--p 0001a000 00:23 3690997                    /home/seal/.sdkman/candidates/java/25-tem/lib/libjli.so
7f95d1446000-7f95d1447000 rw-p 0001b000 00:23 3690997                    /home/seal/.sdkman/candidates/java/25-tem/lib/libjli.so
7f95d1447000-7f95d1449000 rw-p 00000000 00:00 0 
7f95d1449000-7f95d144d000 r--p 00000000 00:00 0                          [vvar]
7f95d144d000-7f95d144f000 r--p 00000000 00:00 0                          [vvar_vclock]
7f95d144f000-7f95d1451000 r-xp 00000000 00:00 0                          [vdso]
7f95d1451000-7f95d147c000 r-xp 00000000 00:23 41466280                   /usr/lib64/ld-linux-x86-64.so.2
7f95d147c000-7f95d1488000 r--p 0002b000 00:23 41466280                   /usr/lib64/ld-linux-x86-64.so.2
7f95d1488000-7f95d148a000 r--p 00037000 00:23 41466280                   /usr/lib64/ld-linux-x86-64.so.2
7f95d148a000-7f95d148b000 rw-p 00039000 00:23 41466280                   /usr/lib64/ld-linux-x86-64.so.2
7f95d148b000-7f95d148c000 rw-p 00000000 00:00 0 
7ffd0b1bd000-7ffd0b1df000 rw-p 00000000 00:00 0                          [stack]
ffffffffff600000-ffffffffff601000 --xp 00000000 00:00 0                  [vsyscall]
Total number of mappings: 727

JVMTI agents: none


VM Arguments:
jvm_args: -Dorg.lwjgl.glfw.libname=glfw 
java_command: build/libs/NanoCraft-snap.jar
java_class_path (initial): build/libs/NanoCraft-snap.jar
Launcher Type: SUN_STANDARD

[Global flags]
     intx CICompilerCount                          = 12                                        {product} {ergonomic}
     uint ConcGCThreads                            = 4                                         {product} {ergonomic}
     uint G1ConcRefinementThreads                  = 15                                        {product} {ergonomic}
   size_t G1HeapRegionSize                         = 16777216                                  {product} {ergonomic}
   size_t InitialHeapSize                          = 2113929216                                {product} {ergonomic}
   size_t MarkStackSize                            = 4194304                                   {product} {ergonomic}
   size_t MarkStackSizeMax                         = 536870912                                 {product} {ergonomic}
   size_t MaxHeapSize                              = 32178700288                               {product} {ergonomic}
   size_t MaxNewSize                               = 19293798400                               {product} {ergonomic}
   size_t MinHeapDeltaBytes                        = 16777216                                  {product} {ergonomic}
   size_t MinHeapSize                              = 16777216                                  {product} {ergonomic}
    uintx NonNMethodCodeHeapSize                   = 7602176                                {pd product} {ergonomic}
    uintx NonProfiledCodeHeapSize                  = 122032128                              {pd product} {ergonomic}
    uintx ProfiledCodeHeapSize                     = 122023936                              {pd product} {ergonomic}
    uintx ReservedCodeCacheSize                    = 251658240                              {pd product} {ergonomic}
     bool SegmentedCodeCache                       = true                                      {product} {ergonomic}
   size_t SoftMaxHeapSize                          = 32178700288                            {manageable} {ergonomic}
     bool UseCompressedOops                        = true                           {product lp64_product} {ergonomic}
     bool UseG1GC                                  = true                                      {product} {ergonomic}

Logging:
Log output configuration:
 #0: stdout all=warning uptime,level,tags foldmultilines=false
 #1: stderr all=off uptime,level,tags foldmultilines=false

Release file:
IMPLEMENTOR="Eclipse Adoptium"
IMPLEMENTOR_VERSION="Temurin-25+36"
JAVA_RUNTIME_VERSION="25+36-LTS"
JAVA_VERSION="25"
JAVA_VERSION_DATE="2025-09-16"
LIBC="gnu"
MODULES="java.base java.compiler java.datatransfer java.xml java.prefs java.desktop java.instrument java.logging java.management java.security.sasl java.naming java.rmi java.management.rmi java.net.http java.scripting java.security.jgss java.transaction.xa java.sql java.sql.rowset java.xml.crypto java.se java.smartcardio jdk.accessibility jdk.internal.jvmstat jdk.attach jdk.charsets jdk.internal.opt jdk.zipfs jdk.compiler jdk.crypto.cryptoki jdk.crypto.ec jdk.dynalink jdk.internal.ed jdk.editpad jdk.internal.vm.ci jdk.graal.compiler jdk.graal.compiler.management jdk.hotspot.agent jdk.httpserver jdk.incubator.vector jdk.internal.le jdk.internal.md jdk.jartool jdk.javadoc jdk.jcmd jdk.management jdk.management.agent jdk.jconsole jdk.jdeps jdk.jdwp.agent jdk.jdi jdk.jfr jdk.jlink jdk.jpackage jdk.jshell jdk.jsobject jdk.jstatd jdk.localedata jdk.management.jfr jdk.naming.dns jdk.naming.rmi jdk.net jdk.nio.mapmode jdk.sctp jdk.security.auth jdk.security.jgss jdk.unsupported jdk.unsupported.desktop jdk.xml.dom"
OS_ARCH="x86_64"
OS_NAME="Linux"
SOURCE=".:git:ef82ae723551"
BUILD_SOURCE="git:b7337f50fb2a765519e79674ae790c2a7450149e"
BUILD_SOURCE_REPO="https://github.com/adoptium/temurin-build.git"
SOURCE_REPO="https://github.com/adoptium/jdk.git"
FULL_VERSION="25+36-LTS"
SEMANTIC_VERSION="25+36"
BUILD_INFO="OS: Linux Version: 6.8.0-1031-azure"
JVM_VARIANT="Hotspot"
JVM_VERSION="25+36-LTS"
IMAGE_TYPE="JDK"

Environment Variables:
JAVA_HOME=/home/seal/.sdkman/candidates/java/current
PATH=/home/seal/.sdkman/candidates/java/current/bin:/home/seal/.local/bin:/home/seal/bin:/usr/local/bin:/usr/bin:/usr/local/sbin:/usr/sbin
SHELL=/bin/bash
DISPLAY=:0
LANG=en_US.UTF-8
LC_NUMERIC=C
LC_TIME=C
TERM=xterm-256color

Active Locale:
LC_ALL=LC_CTYPE=en_US.UTF-8;LC_NUMERIC=C;LC_TIME=C;LC_COLLATE=en_US.UTF-8;LC_MONETARY=en_US.UTF-8;LC_MESSAGES=en_US.UTF-8;LC_PAPER=en_US.UTF-8;LC_NAME=en_US.UTF-8;LC_ADDRESS=en_US.UTF-8;LC_TELEPHONE=en_US.UTF-8;LC_MEASUREMENT=C;LC_IDENTIFICATION=en_US.UTF-8
LC_COLLATE=en_US.UTF-8
LC_CTYPE=en_US.UTF-8
LC_MESSAGES=en_US.UTF-8
LC_MONETARY=en_US.UTF-8
LC_NUMERIC=C
LC_TIME=C

Signal Handlers:
   SIGSEGV: crash_handler in libjvm.so, mask=11100100010111111101111111111110, flags=SA_RESTART|SA_SIGINFO, unblocked
    SIGBUS: crash_handler in libjvm.so, mask=11100100010111111101111111111110, flags=SA_RESTART|SA_SIGINFO, unblocked
    SIGFPE: crash_handler in libjvm.so, mask=11100100010111111101111111111110, flags=SA_RESTART|SA_SIGINFO, unblocked
   SIGPIPE: javaSignalHandler in libjvm.so, mask=11100100010111111101111111111110, flags=SA_RESTART|SA_SIGINFO, blocked
   SIGXFSZ: javaSignalHandler in libjvm.so, mask=11100100010111111101111111111110, flags=SA_RESTART|SA_SIGINFO, blocked
    SIGILL: crash_handler in libjvm.so, mask=11100100010111111101111111111110, flags=SA_RESTART|SA_SIGINFO, unblocked
   SIGUSR2: SR_handler in libjvm.so, mask=00000000000000000000000000000000, flags=SA_RESTART|SA_SIGINFO, blocked
    SIGHUP: UserHandler in libjvm.so, mask=11100100010111111101111111111110, flags=SA_RESTART|SA_SIGINFO, blocked
    SIGINT: UserHandler in libjvm.so, mask=11100100010111111101111111111110, flags=SA_RESTART|SA_SIGINFO, blocked
   SIGTERM: UserHandler in libjvm.so, mask=11100100010111111101111111111110, flags=SA_RESTART|SA_SIGINFO, blocked
   SIGQUIT: UserHandler in libjvm.so, mask=11100100010111111101111111111110, flags=SA_RESTART|SA_SIGINFO, blocked
   SIGTRAP: crash_handler in libjvm.so, mask=11100100010111111101111111111110, flags=SA_RESTART|SA_SIGINFO, unblocked


Compilation memory statistics disabled.

Periodic native trim disabled

---------------  S Y S T E M  ---------------

OS:
Fedora release 44 (Forty Four)
uname: Linux 7.1.12-200.fc44.x86_64 #1 SMP PREEMPT_DYNAMIC Fri Aug 28 14:00:18 UTC 2026 x86_64
OS uptime: 0 days 9:54 hours
libc: glibc 2.43 NPTL 2.43 
rlimit (soft/hard): STACK 8192k/infinity , CORE infinity/infinity , NPROC 513653/513653 , NOFILE 524288/524288 , AS infinity/infinity , CPU infinity/infinity , DATA infinity/infinity , FSIZE infinity/infinity , MEMLOCK 8192k/8192k
load average: 1.19 1.16 1.01

/proc/meminfo:
MemTotal:       131553804 kB
MemFree:        26081252 kB
MemAvailable:   44513204 kB
Buffers:            4120 kB
Cached:         69048668 kB
SwapCached:            0 kB
Active:         89950100 kB
Inactive:       12096208 kB
Active(anon):   83578848 kB
Inactive(anon):        0 kB
Active(file):    6371252 kB
Inactive(file): 12096208 kB
Unevictable:          48 kB
Mlocked:              48 kB
SwapTotal:       8388604 kB
SwapFree:        8388604 kB
Zswap:                 0 kB
Zswapped:              0 kB
Dirty:              7172 kB
Writeback:             0 kB
AnonPages:      32993736 kB
Mapped:         53491820 kB
Shmem:          51089500 kB
KReclaimable:    1218084 kB
Slab:            1741984 kB
SReclaimable:    1218084 kB
SUnreclaim:       523900 kB
KernelStack:       42544 kB
PageTables:       246872 kB
SecPageTables:      7412 kB
NFS_Unstable:          0 kB
Bounce:                0 kB
WritebackTmp:          0 kB
CommitLimit:    74165504 kB
Committed_AS:   132723624 kB
VmallocTotal:   34359738367 kB
VmallocUsed:      313760 kB
VmallocChunk:          0 kB
Percpu:            18080 kB
HardwareCorrupted:     0 kB
AnonHugePages:   3233792 kB
ShmemHugePages:        0 kB
ShmemPmdMapped:        0 kB
FileHugePages:     20480 kB
FilePmdMapped:     12288 kB
CmaTotal:              0 kB
CmaFree:               0 kB
Unaccepted:            0 kB
Balloon:               0 kB
GPUActive:             0 kB
GPUReclaim:            0 kB
HugePages_Total:       0
HugePages_Free:        0
HugePages_Rsvd:        0
HugePages_Surp:        0
Hugepagesize:       2048 kB
Hugetlb:               0 kB
DirectMap4k:     3546224 kB
DirectMap2M:    64272384 kB
DirectMap1G:    66060288 kB

/sys/kernel/mm/transparent_hugepage/enabled: always [madvise] never
/sys/kernel/mm/transparent_hugepage/hpage_pmd_size: 2097152
/sys/kernel/mm/transparent_hugepage/shmem_enabled: always within_size advise [never] deny force
/sys/kernel/mm/transparent_hugepage/defrag (defrag/compaction efforts parameter): always defer defer+madvise [madvise] never

Process Memory:
Virtual Size: 35859632K (peak: 35859632K)
Resident Set Size: 174544K (peak: 174544K) (anon: 69656K, file: 103004K, shmem: 1884K)
Swapped out: 0K
C-Heap outstanding allocations: 190478K, retained: 4701K
glibc malloc tunables: (default)

/proc/sys/kernel/threads-max (system-wide limit on the number of threads): 1027307
/proc/sys/vm/max_map_count (maximum number of memory map areas a process may have): 1048576
/proc/sys/vm/swappiness (control to define how aggressively the kernel swaps out anonymous memory): 10
/proc/sys/kernel/pid_max (system-wide limit on number of process identifiers): 4194304

container information not found.
Steal ticks since vm start: 0
Steal ticks percentage since vm start:  0.000

CPU: total 20 (initial active 20) (10 cores per cpu, 2 threads per core) family 6 model 85 stepping 4 microcode 0x2007006, cx8, cmov, fxsr, ht, mmx, 3dnowpref, sse, sse2, sse3, ssse3, sse4.1, sse4.2, popcnt, lzcnt, tsc, tscinvbit, avx, avx2, aes, erms, clmul, bmi1, bmi2, rtm, adx, fma, vzeroupper, clflush, clflushopt, clwb, rdtscp, f16c
CPU Model and flags from /proc/cpuinfo:
model name	: Intel(R) Core(TM) i9-9820X CPU @ 3.30GHz
flags		: fpu vme de pse tsc msr pae mce cx8 apic sep mtrr pge mca cmov pat pse36 clflush dts acpi mmx fxsr sse sse2 ss ht tm pbe syscall nx pdpe1gb rdtscp lm constant_tsc art arch_perfmon pebs bts rep_good nopl xtopology nonstop_tsc cpuid aperfmperf pni pclmulqdq dtes64 monitor ds_cpl vmx est tm2 ssse3 sdbg fma cx16 xtpr pdcm pcid dca sse4_1 sse4_2 x2apic movbe popcnt tsc_deadline_timer aes xsave avx f16c rdrand lahf_lm abm 3dnowprefetch cpuid_fault epb cat_l3 cdp_l3 pti ssbd mba ibrs ibpb stibp tpr_shadow flexpriority ept vpid ept_ad fsgsbase tsc_adjust bmi1 hle avx2 smep bmi2 erms invpcid rtm cqm mpx rdt_a avx512f avx512dq rdseed adx smap clflushopt clwb intel_pt avx512cd avx512bw avx512vl xsaveopt xsavec xgetbv1 xsaves cqm_llc cqm_occup_llc cqm_mbm_total cqm_mbm_local dtherm ida arat pln pts hwp hwp_act_window hwp_epp hwp_pkg_req vnmi md_clear flush_l1d arch_capabilities

Online cpus: 0-19
Offline cpus: 
BIOS frequency limitation: <Not Available>
Frequency switch latency (ns): 0
Available cpu frequencies: <Not Available>
Current governor: performance
Core performance/turbo boost: <Not Available>

Memory: 4k page, physical 131553804k(44513204k free), swap 8388604k(8388604k free)
Page Sizes: 4k

vm_info: OpenJDK 64-Bit Server VM (25+36-LTS) for linux-amd64 JRE (25+36-LTS), built on 2025-09-16T00:00:00Z with gcc 14.2.0

END.
