#
# A fatal error has been detected by the Java Runtime Environment:
#
#  SIGSEGV (0xb) at pc=0x00000000640adf71, pid=32934, tid=32935
#
# JRE version: OpenJDK Runtime Environment Temurin-25+36 (25.0+36) (build 25+36-LTS)
# Java VM: OpenJDK 64-Bit Server VM Temurin-25+36 (25+36-LTS, mixed mode, sharing, tiered, compressed oops, compressed class ptrs, g1 gc, linux-amd64)
# Problematic frame:
# C  0x00000000640adf71
#
# Core dump will be written. Default location: Core dumps may be processed with "/usr/lib/systemd/systemd-coredump %P %u %g %s %t %c %h %d %F" (or dumping to /home/seal/Projects/NanoCraft/core.32934)
#
# If you would like to submit a bug report, please visit:
#   https://github.com/adoptium/adoptium-support/issues
# The crash happened outside the Java Virtual Machine in native code.
# See problematic frame for where to report the bug.
#

---------------  S U M M A R Y ------------

Command Line: -Dorg.lwjgl.glfw.libname=glfw build/libs/NanoCraft-snap.jar

Host: Intel(R) Core(TM) i9-9820X CPU @ 3.30GHz, 20 cores, 125G, Fedora release 44 (Forty Four)
Time: Wed Sep  2 08:11:17 2026 PDT elapsed time: 0.353173 seconds (0d 0h 0m 0s)

---------------  T H R E A D  ---------------

Current thread (0x00007f126802b950):  JavaThread "main"             [_thread_in_native, id=32935, stack(0x00007f126c3e9000,0x00007f126c4e9000) (1024K)]

Stack: [0x00007f126c3e9000,0x00007f126c4e9000],  sp=0x00007f126c4e6ec8,  free space=1015k
Native frames: (J=compiled Java code, j=interpreted, Vv=VM code, C=native code)
C  0x00000000640adf71
Java frames: (J=compiled Java code, j=interpreted, Vv=VM code)
j  org.lwjgl.opengl.GL12C.nglTexSubImage3D(IIIIIIIIIIJ)V+0
j  org.lwjgl.opengl.GL12C.glTexSubImage3D(IIIIIIIIIILjava/nio/ByteBuffer;)V+21
j  org.lwjgl.opengl.GL12.glTexSubImage3D(IIIIIIIIIILjava/nio/ByteBuffer;)V+18
j  org.sutormin.nanocraft.Texture.createTexture()V+132
j  org.sutormin.nanocraft.Texture.<init>(Ljava/lang/String;)V+12
j  org.sutormin.nanocraft.NanoCraft.init()V+201
j  org.sutormin.nanocraft.NanoCraft.run()V+1
j  org.sutormin.nanocraft.Main.main()V+7
v  ~StubRoutines::call_stub 0x00007f125785ffa6

siginfo: si_signo: 11 (SIGSEGV), si_code: 2 (SEGV_ACCERR), si_addr: 0x00007f12689d2000

Registers:
RAX=0x00007f11c3f81c00, RBX=0x0000000000000000, RCX=0x0000000000000003, RDX=0x0000000000000000
RSP=0x00007f126c4e6ec8, RBP=0x0000000000000a86, RSI=0x00007f12689d1ffe, RDI=0x00007f119c014608
R8 =0x0000000000001000, R9 =0x00007f12689abf00, R10=0x00007f12689d0f90, R11=0x00007f119c013020
R12=0x0000000064000000, R13=0x00007f11c24f3eb0, R14=0x0000000000000000, R15=0x0000000000000006
RIP=0x00000000640adf71, EFLAGS=0x0000000000010202, CSGSFS=0x002b000000000033, ERR=0x0000000000000004
  TRAPNO=0x000000000000000e

XMM[0]=0x0000000000000000 0x0000000000000000
XMM[1]=0x000030840fed85e8 0x8b41fb8b49f28b49
XMM[2]=0xf7d9f74800000005 0x8f0f00000003b900
XMM[3]=0xf10348da0b16b70f 0x10e3c1025eb60fdd
XMM[4]=0xc35d5b5e5fe075fc 0x5f89cdff00ffffff
XMM[5]=0xe38104c78348f103 0x48da0b16b70f10e3
XMM[6]=0xc1025eb60fddf7d9 0xf748000000058f0f
XMM[7]=0x00000003b9000000 0x30840fed85e88b41
XMM[8]=0x0000000000000000 0x0000000000000000
XMM[9]=0x0000000000000001 0x0000000000000001
XMM[10]=0x0000000000000002 0x0000000000000002
XMM[11]=0xffffffffffffffff 0xffffffffffffffff
XMM[12]=0x0000000000000001 0x0000000000000001
XMM[13]=0x0000000000000000 0x00ff003000300030
XMM[14]=0x0000000000000000 0x3ff0000000000000
XMM[15]=0x0000000000000000 0x404bbdbdbdbdbdbe
  MXCSR=0x00001fa2


Register to memory mapping:

RAX=0x00007f11c3f81c00: <offset 0x0000000002181c00> in /lib64/libnvidia-eglcore.so.580.173.02 at 0x00007f11c1e00000
RBX=0x0 is null
RCX=0x0000000000000003 is an unknown value
RDX=0x0 is null
RSP=0x00007f126c4e6ec8 is pointing into the stack for thread: 0x00007f126802b950
RBP=0x0000000000000a86 is an unknown value
RSI=0x00007f12689d1ffe points into unknown readable memory: 00 00
RDI=0x00007f119c014608 points into unknown readable memory: 0x0000000000000000 | 00 00 00 00 00 00 00 00
R8 =0x0000000000001000 is an unknown value
R9 =0x00007f12689abf00 points into unknown readable memory: 0x0010080000000003 | 03 00 00 00 00 08 10 00
R10=0x00007f12689d0f90 points into unknown readable memory: 0x0000000000000000 | 00 00 00 00 00 00 00 00
R11=0x00007f119c013020 points into unknown readable memory: 0x0000000000000000 | 00 00 00 00 00 00 00 00
R12=0x0000000064000000 points into unknown readable memory: 0x00007f1268604090 | 90 40 60 68 12 7f 00 00
R13=0x00007f11c24f3eb0: <offset 0x00000000006f3eb0> in /lib64/libnvidia-eglcore.so.580.173.02 at 0x00007f11c1e00000
R14=0x0 is null
R15=0x0000000000000006 is an unknown value

Top of Stack: (sp=0x00007f126c4e6ec8)
0x00007f126c4e6ec8:   00007f12689d0f90 00007f119c013020   ...h.... 0......
0x00007f126c4e6ed8:   00007f126c4e7070 0000000000001000   ppNl............
0x00007f126c4e6ee8:   00007f11c24f47fd ffffffff00000003   .GO.............
0x00007f126c4e6ef8:   0000000100001000 00007f126c4e7070   ........ppNl....
0x00007f126c4e6f08:   00007f126c4e7070 00007f12689a73b0   ppNl.....s.h....
0x00007f126c4e6f18:   0000000064000000 00007f11c24f47a0   ...d.....GO.....
0x00007f126c4e6f28:   00007f12689a6e50 0000000000000000   Pn.h............
0x00007f126c4e6f38:   00007f11c24fe9af 0000000400000001   ..O.............
0x00007f126c4e6f48:   0000000000001000 0000000500004f4f   ........OO......
0x00007f126c4e6f58:   0000000000000000 0000000000000000   ................
0x00007f126c4e6f68:   0000000000000000 00007f12689a6e50   ........Pn.h....
0x00007f126c4e6f78:   00007f12689a73b0 00007f12689a6e50   .s.h....Pn.h....
0x00007f126c4e6f88:   0000000064000000 00007f126c4e7070   ...d....ppNl....
0x00007f126c4e6f98:   0000000000000019 0000000000000000   ................
0x00007f126c4e6fa8:   00007f11c26033ea 0000000000000000   .3`.............
0x00007f126c4e6fb8:   0000100000001000 00007f1200001000   ................
0x00007f126c4e6fc8:   0000100000000001 0000000000000000   ................
0x00007f126c4e6fd8:   0000000000000000 00007f11c3f80e20   ........ .......
0x00007f126c4e6fe8:   00007f11c3f7a200 0000000100000000   ................
0x00007f126c4e6ff8:   0000001200000001 00007f1268254cd8   .........L%h....
0x00007f126c4e7008:   0000000024058210 ffffffff00000004   ...$............
0x00007f126c4e7018:   ffffffffffffffff 0b007f0000000038   ........8.......
0x00007f126c4e7028:   00007f126dc0a558 0000000000000000   X..m............
0x00007f126c4e7038:   00007f126802d4f8 00007f1257869437   ...h....7..W....
0x00007f126c4e7048:   00007f126c4e7100 00007f126c4e71e0   .qNl.....qNl....
0x00007f126c4e7058:   00007f126c4e70c0 00007f126c4e7080   .pNl.....pNl....
0x00007f126c4e7068:   00007f126cb43297 00007f126c4e0819   .2.l......Nl....
0x00007f126c4e7078:   00007f12689c1f90 00007f12689d0f90   ...h.......h....
0x00007f126c4e7088:   0000000000000000 00007f11f85da4f8   ..........].....
0x00007f126c4e7098:   0000000000000000 0000000300003000   .........0......
0x00007f126c4e70a8:   0000000300000003 0000000000000001   ................
0x00007f126c4e70b8:   0000000000000000 00007f126dc0a2f0   ...........m....

Instructions: (pc=0x00000000640adf71)
  0x00000000640ade71:   00 00 00 00 00 00 00 00 00 00 00 00 00 00 00 00
  0x00000000640ade81:   00 00 00 00 00 00 00 00 00 00 00 00 00 00 00 00
  0x00000000640ade91:   00 00 00 00 00 00 00 00 00 00 00 00 00 00 00 00
  0x00000000640adea1:   00 00 00 00 00 00 00 00 00 00 00 00 00 00 00 00
  0x00000000640adeb1:   00 00 00 00 00 00 00 00 00 00 00 00 00 00 00 00
  0x00000000640adec1:   00 00 00 00 00 00 00 00 00 00 00 00 00 00 00 00
  0x00000000640aded1:   00 00 00 00 00 00 00 00 00 00 00 00 00 00 00 00
  0x00000000640adee1:   00 00 00 00 00 00 00 00 00 00 00 00 00 00 00 00
  0x00000000640adef1:   00 00 00 00 00 00 00 00 00 00 00 00 00 00 00 00
  0x00000000640adf01:   00 00 00 00 00 00 00 00 00 00 00 00 00 00 00 00
  0x00000000640adf11:   00 00 00 00 00 00 00 00 00 00 00 00 00 00 00 00
  0x00000000640adf21:   00 00 00 00 00 00 00 00 00 00 00 00 00 00 00 00
  0x00000000640adf31:   00 00 00 00 00 00 00 80 ff ff ff 00 1f 00 00 55
  0x00000000640adf41:   48 8b ec 53 56 57 4c 8b c2 4c 8b de 4c 8b d7 49
  0x00000000640adf51:   8b f2 49 8b fb 41 8b e8 85 ed 0f 84 30 00 00 00
  0x00000000640adf61:   b9 03 00 00 00 0f 8f 05 00 00 00 48 f7 d9 f7 dd
=>0x00000000640adf71:   0f b6 5e 02 c1 e3 10 0f b7 16 0b da 48 03 f1 48
  0x00000000640adf81:   83 c7 04 81 e3 ff ff ff 00 ff cd 89 5f fc 75 e0
  0x00000000640adf91:   5f 5e 5b 5d c3 00 00 00 00 00 00 00 00 00 00 00
  0x00000000640adfa1:   00 00 00 00 00 00 00 00 00 00 00 00 00 00 00 00
  0x00000000640adfb1:   00 00 00 00 00 00 00 c0 ff ff ff 80 00 00 00 48
  0x00000000640adfc1:   b8 c8 7c 09 64 00 00 00 00 48 8b 00 49 ba 10 c3
  0x00000000640adfd1:   04 64 00 00 00 00 48 83 ec 28 48 83 c4 28 c3 00
  0x00000000640adfe1:   00 00 00 00 00 00 00 00 00 00 00 00 00 00 00 00
  0x00000000640adff1:   00 00 00 00 00 00 00 00 00 00 00 40 00 00 00 ??
  0x00000000640ae001:   ?? ?? ?? ?? ?? ?? ?? ?? ?? ?? ?? ?? ?? ?? ?? ??
  0x00000000640ae011:   ?? ?? ?? ?? ?? ?? ?? ?? ?? ?? ?? ?? ?? ?? ?? ??
  0x00000000640ae021:   ?? ?? ?? ?? ?? ?? ?? ?? ?? ?? ?? ?? ?? ?? ?? ??
  0x00000000640ae031:   ?? ?? ?? ?? ?? ?? ?? ?? ?? ?? ?? ?? ?? ?? ?? ??
  0x00000000640ae041:   ?? ?? ?? ?? ?? ?? ?? ?? ?? ?? ?? ?? ?? ?? ?? ??
  0x00000000640ae051:   ?? ?? ?? ?? ?? ?? ?? ?? ?? ?? ?? ?? ?? ?? ?? ??
  0x00000000640ae061:   ?? ?? ?? ?? ?? ?? ?? ?? ?? ?? ?? ?? ?? ?? ?? ??


Stack slot to memory mapping:

stack at sp + 0 slots: 0x00007f12689d0f90 points into unknown readable memory: 0x0000000000000000 | 00 00 00 00 00 00 00 00
stack at sp + 1 slots: 0x00007f119c013020 points into unknown readable memory: 0x0000000000000000 | 00 00 00 00 00 00 00 00
stack at sp + 2 slots: 0x00007f126c4e7070 is pointing into the stack for thread: 0x00007f126802b950
stack at sp + 3 slots: 0x0000000000001000 is an unknown value
stack at sp + 4 slots: 0x00007f11c24f47fd: <offset 0x00000000006f47fd> in /lib64/libnvidia-eglcore.so.580.173.02 at 0x00007f11c1e00000
stack at sp + 5 slots: 0xffffffff00000003 is an unknown value
stack at sp + 6 slots: 0x0000000100001000 is an unallocated location in the heap
stack at sp + 7 slots: 0x00007f126c4e7070 is pointing into the stack for thread: 0x00007f126802b950

Lock stack of current Java thread (top to bottom):


---------------  P R O C E S S  ---------------

Threads class SMR info:
_java_thread_list=0x00007f11c804b8e0, length=13, elements={
0x00007f126802b950, 0x00007f126811a050, 0x00007f126811b090, 0x00007f126811c4a0,
0x00007f126811ddc0, 0x00007f126811f640, 0x00007f12681214c0, 0x00007f1268122eb0,
0x00007f126812f960, 0x00007f12681320f0, 0x00007f11d402c840, 0x00007f11d0002be0,
0x00007f11d019b1a0
}

Java Threads: ( => current thread )
=>0x00007f126802b950 JavaThread "main"                              [_thread_in_native, id=32935, stack(0x00007f126c3e9000,0x00007f126c4e9000) (1024K)]
  0x00007f126811a050 JavaThread "Reference Handler"          daemon [_thread_blocked, id=32947, stack(0x00007f1228788000,0x00007f1228889000) (1028K)]
  0x00007f126811b090 JavaThread "Finalizer"                  daemon [_thread_blocked, id=32948, stack(0x00007f1228586000,0x00007f1228687000) (1028K)]
  0x00007f126811c4a0 JavaThread "Signal Dispatcher"          daemon [_thread_blocked, id=32949, stack(0x00007f12283aa000,0x00007f12284aa000) (1024K)]
  0x00007f126811ddc0 JavaThread "Service Thread"             daemon [_thread_blocked, id=32950, stack(0x00007f12282aa000,0x00007f12283aa000) (1024K)]
  0x00007f126811f640 JavaThread "Monitor Deflation Thread"   daemon [_thread_blocked, id=32951, stack(0x00007f12281aa000,0x00007f12282aa000) (1024K)]
  0x00007f12681214c0 JavaThread "C2 CompilerThread0"         daemon [_thread_in_native, id=32952, stack(0x00007f12280aa000,0x00007f12281aa000) (1024K)]
  0x00007f1268122eb0 JavaThread "C1 CompilerThread0"         daemon [_thread_blocked, id=32953, stack(0x00007f1219f00000,0x00007f121a000000) (1024K)]
  0x00007f126812f960 JavaThread "Notification Thread"        daemon [_thread_blocked, id=32954, stack(0x00007f1219e00000,0x00007f1219f00000) (1024K)]
  0x00007f12681320f0 JavaThread "Common-Cleaner"             daemon [_thread_blocked, id=32955, stack(0x00007f1219d00000,0x00007f1219e00000) (1024K)]
  0x00007f11d402c840 JavaThread "C1 CompilerThread1"         daemon [_thread_blocked, id=32956, stack(0x00007f1219c00000,0x00007f1219d00000) (1024K)]
  0x00007f11d0002be0 JavaThread "C1 CompilerThread2"         daemon [_thread_blocked, id=32957, stack(0x00007f1219b00000,0x00007f1219c00000) (1024K)]
  0x00007f11d019b1a0 JavaThread "C1 CompilerThread3"         daemon [_thread_blocked, id=32959, stack(0x00007f1219881000,0x00007f1219981000) (1024K)]
Total: 13

Other Threads:
  0x00007f12681104c0 VMThread "VM Thread"                           [id=32946, stack(0x00007f1228688000,0x00007f1228788000) (1024K)]
  0x00007f12680ffc80 WatcherThread "VM Periodic Task Thread"        [id=32945, stack(0x00007f122888a000,0x00007f122898a000) (1024K)]
  0x00007f126805bd40 WorkerThread "GC Thread#0"                     [id=32936, stack(0x00007f1229c9e000,0x00007f1229d9e000) (1024K)]
  0x00007f1268073db0 ConcurrentGCThread "G1 Main Marker"            [id=32937, stack(0x00007f1229b9d000,0x00007f1229c9d000) (1024K)]
  0x00007f1268074fb0 WorkerThread "G1 Conc#0"                       [id=32938, stack(0x00007f1229a9c000,0x00007f1229b9c000) (1024K)]
  0x00007f12680e81d0 ConcurrentGCThread "G1 Refine#0"               [id=32939, stack(0x00007f1228a8c000,0x00007f1228b8c000) (1024K)]
  0x00007f12680e93c0 ConcurrentGCThread "G1 Service"                [id=32940, stack(0x00007f122898b000,0x00007f1228a8b000) (1024K)]
Total: 7

Threads with active compile tasks:
C2 CompilerThread0  360  842       4       sun.security.provider.SHA::implCompress0 (478 bytes)
Total: 1

VM state: not at safepoint (normal execution)

VM Mutex/Monitor currently owned by a thread: None

Heap address: 0x0000000082000000, size: 30688 MB, Compressed Oops mode: Zero based, Oop shift amount: 3

CDS archive(s) mapped at: [0x0000000023000000-0x0000000023d8c000-0x0000000023d8c000), size 14204928, SharedBaseAddress: 0x0000000023000000, ArchiveRelocationMode: 1.
Compressed class space mapped at: 0x0000000024000000-0x0000000064000000, reserved size: 1073741824
UseCompressedClassPointers 1, UseCompactObjectHeaders 0
Narrow klass pointer bits 32, Max shift 3
Narrow klass base: 0x0000000023000000, Narrow klass shift: 0
Encoding Range: [0x0000000023000000 - 0x0000000123000000), (4294967296 bytes)
Klass Range:    [0x0000000023001000 - 0x0000000064000000), (1090514944 bytes)
Klass ID Range:  [4096 - 1090519033) (1090514937)
Protection zone: [0x0000000023000000 - 0x0000000023001000), (4096 bytes)

GC Precious Log:
 CardTable entry size: 512
 Card Set container configuration: InlinePtr #cards 3 size 8 Array Of Cards #cards 128 size 272 Howl #buckets 8 coarsen threshold 29491 Howl Bitmap #cards 4096 size 528 coarsen threshold 3686 Card regions per heap region 1 cards per card region 32768
 CPUs: 20 total, 20 available
 Memory: 125G
 Large Page Support: Disabled
 NUMA Support: Disabled
 Compressed Oops: Enabled (Zero based)
 Heap Region Size: 16M
 Heap Min Capacity: 16M
 Heap Initial Capacity: 2016M
 Heap Max Capacity: 30688M
 Pre-touch: Disabled
 Parallel Workers: 15
 Concurrent Workers: 4
 Concurrent Refinement Workers: 15
 Periodic GC: Disabled

Heap:
 garbage-first heap   total reserved 31424512K, committed 2080768K, used 1155K [0x0000000082000000, 0x0000000800000000)
  region size 16384K, 1 young (16384K), 0 survivors (0K)

Heap Regions: E=young(eden), S=young(survivor), O=old, HS=humongous(starts), HC=humongous(continues), CS=collection set, F=free, TAMS=top-at-mark-start, PB=parsable bottom
|   0|0x0000000082000000, 0x0000000082000000, 0x0000000083000000|  0%| F|  |TAMS 0x0000000082000000| PB 0x0000000082000000| Untracked |  0
|   1|0x0000000083000000, 0x0000000083000000, 0x0000000084000000|  0%| F|  |TAMS 0x0000000083000000| PB 0x0000000083000000| Untracked |  0
|   2|0x0000000084000000, 0x0000000084000000, 0x0000000085000000|  0%| F|  |TAMS 0x0000000084000000| PB 0x0000000084000000| Untracked |  0
|   3|0x0000000085000000, 0x0000000085000000, 0x0000000086000000|  0%| F|  |TAMS 0x0000000085000000| PB 0x0000000085000000| Untracked |  0
|   4|0x0000000086000000, 0x0000000086000000, 0x0000000087000000|  0%| F|  |TAMS 0x0000000086000000| PB 0x0000000086000000| Untracked |  0
|   5|0x0000000087000000, 0x0000000087000000, 0x0000000088000000|  0%| F|  |TAMS 0x0000000087000000| PB 0x0000000087000000| Untracked |  0
|   6|0x0000000088000000, 0x0000000088000000, 0x0000000089000000|  0%| F|  |TAMS 0x0000000088000000| PB 0x0000000088000000| Untracked |  0
|   7|0x0000000089000000, 0x0000000089000000, 0x000000008a000000|  0%| F|  |TAMS 0x0000000089000000| PB 0x0000000089000000| Untracked |  0
|   8|0x000000008a000000, 0x000000008a000000, 0x000000008b000000|  0%| F|  |TAMS 0x000000008a000000| PB 0x000000008a000000| Untracked |  0
|   9|0x000000008b000000, 0x000000008b000000, 0x000000008c000000|  0%| F|  |TAMS 0x000000008b000000| PB 0x000000008b000000| Untracked |  0
|  10|0x000000008c000000, 0x000000008c000000, 0x000000008d000000|  0%| F|  |TAMS 0x000000008c000000| PB 0x000000008c000000| Untracked |  0
|  11|0x000000008d000000, 0x000000008d000000, 0x000000008e000000|  0%| F|  |TAMS 0x000000008d000000| PB 0x000000008d000000| Untracked |  0
|  12|0x000000008e000000, 0x000000008e000000, 0x000000008f000000|  0%| F|  |TAMS 0x000000008e000000| PB 0x000000008e000000| Untracked |  0
|  13|0x000000008f000000, 0x000000008f000000, 0x0000000090000000|  0%| F|  |TAMS 0x000000008f000000| PB 0x000000008f000000| Untracked |  0
|  14|0x0000000090000000, 0x0000000090000000, 0x0000000091000000|  0%| F|  |TAMS 0x0000000090000000| PB 0x0000000090000000| Untracked |  0
|  15|0x0000000091000000, 0x0000000091000000, 0x0000000092000000|  0%| F|  |TAMS 0x0000000091000000| PB 0x0000000091000000| Untracked |  0
|  16|0x0000000092000000, 0x0000000092000000, 0x0000000093000000|  0%| F|  |TAMS 0x0000000092000000| PB 0x0000000092000000| Untracked |  0
|  17|0x0000000093000000, 0x0000000093000000, 0x0000000094000000|  0%| F|  |TAMS 0x0000000093000000| PB 0x0000000093000000| Untracked |  0
|  18|0x0000000094000000, 0x0000000094000000, 0x0000000095000000|  0%| F|  |TAMS 0x0000000094000000| PB 0x0000000094000000| Untracked |  0
|  19|0x0000000095000000, 0x0000000095000000, 0x0000000096000000|  0%| F|  |TAMS 0x0000000095000000| PB 0x0000000095000000| Untracked |  0
|  20|0x0000000096000000, 0x0000000096000000, 0x0000000097000000|  0%| F|  |TAMS 0x0000000096000000| PB 0x0000000096000000| Untracked |  0
|  21|0x0000000097000000, 0x0000000097000000, 0x0000000098000000|  0%| F|  |TAMS 0x0000000097000000| PB 0x0000000097000000| Untracked |  0
|  22|0x0000000098000000, 0x0000000098000000, 0x0000000099000000|  0%| F|  |TAMS 0x0000000098000000| PB 0x0000000098000000| Untracked |  0
|  23|0x0000000099000000, 0x0000000099000000, 0x000000009a000000|  0%| F|  |TAMS 0x0000000099000000| PB 0x0000000099000000| Untracked |  0
|  24|0x000000009a000000, 0x000000009a000000, 0x000000009b000000|  0%| F|  |TAMS 0x000000009a000000| PB 0x000000009a000000| Untracked |  0
|  25|0x000000009b000000, 0x000000009b000000, 0x000000009c000000|  0%| F|  |TAMS 0x000000009b000000| PB 0x000000009b000000| Untracked |  0
|  26|0x000000009c000000, 0x000000009c000000, 0x000000009d000000|  0%| F|  |TAMS 0x000000009c000000| PB 0x000000009c000000| Untracked |  0
|  27|0x000000009d000000, 0x000000009d000000, 0x000000009e000000|  0%| F|  |TAMS 0x000000009d000000| PB 0x000000009d000000| Untracked |  0
|  28|0x000000009e000000, 0x000000009e000000, 0x000000009f000000|  0%| F|  |TAMS 0x000000009e000000| PB 0x000000009e000000| Untracked |  0
|  29|0x000000009f000000, 0x000000009f000000, 0x00000000a0000000|  0%| F|  |TAMS 0x000000009f000000| PB 0x000000009f000000| Untracked |  0
|  30|0x00000000a0000000, 0x00000000a0000000, 0x00000000a1000000|  0%| F|  |TAMS 0x00000000a0000000| PB 0x00000000a0000000| Untracked |  0
|  31|0x00000000a1000000, 0x00000000a1000000, 0x00000000a2000000|  0%| F|  |TAMS 0x00000000a1000000| PB 0x00000000a1000000| Untracked |  0
|  32|0x00000000a2000000, 0x00000000a2000000, 0x00000000a3000000|  0%| F|  |TAMS 0x00000000a2000000| PB 0x00000000a2000000| Untracked |  0
|  33|0x00000000a3000000, 0x00000000a3000000, 0x00000000a4000000|  0%| F|  |TAMS 0x00000000a3000000| PB 0x00000000a3000000| Untracked |  0
|  34|0x00000000a4000000, 0x00000000a4000000, 0x00000000a5000000|  0%| F|  |TAMS 0x00000000a4000000| PB 0x00000000a4000000| Untracked |  0
|  35|0x00000000a5000000, 0x00000000a5000000, 0x00000000a6000000|  0%| F|  |TAMS 0x00000000a5000000| PB 0x00000000a5000000| Untracked |  0
|  36|0x00000000a6000000, 0x00000000a6000000, 0x00000000a7000000|  0%| F|  |TAMS 0x00000000a6000000| PB 0x00000000a6000000| Untracked |  0
|  37|0x00000000a7000000, 0x00000000a7000000, 0x00000000a8000000|  0%| F|  |TAMS 0x00000000a7000000| PB 0x00000000a7000000| Untracked |  0
|  38|0x00000000a8000000, 0x00000000a8000000, 0x00000000a9000000|  0%| F|  |TAMS 0x00000000a8000000| PB 0x00000000a8000000| Untracked |  0
|  39|0x00000000a9000000, 0x00000000a9000000, 0x00000000aa000000|  0%| F|  |TAMS 0x00000000a9000000| PB 0x00000000a9000000| Untracked |  0
|  40|0x00000000aa000000, 0x00000000aa000000, 0x00000000ab000000|  0%| F|  |TAMS 0x00000000aa000000| PB 0x00000000aa000000| Untracked |  0
|  41|0x00000000ab000000, 0x00000000ab000000, 0x00000000ac000000|  0%| F|  |TAMS 0x00000000ab000000| PB 0x00000000ab000000| Untracked |  0
|  42|0x00000000ac000000, 0x00000000ac000000, 0x00000000ad000000|  0%| F|  |TAMS 0x00000000ac000000| PB 0x00000000ac000000| Untracked |  0
|  43|0x00000000ad000000, 0x00000000ad000000, 0x00000000ae000000|  0%| F|  |TAMS 0x00000000ad000000| PB 0x00000000ad000000| Untracked |  0
|  44|0x00000000ae000000, 0x00000000ae000000, 0x00000000af000000|  0%| F|  |TAMS 0x00000000ae000000| PB 0x00000000ae000000| Untracked |  0
|  45|0x00000000af000000, 0x00000000af000000, 0x00000000b0000000|  0%| F|  |TAMS 0x00000000af000000| PB 0x00000000af000000| Untracked |  0
|  46|0x00000000b0000000, 0x00000000b0000000, 0x00000000b1000000|  0%| F|  |TAMS 0x00000000b0000000| PB 0x00000000b0000000| Untracked |  0
|  47|0x00000000b1000000, 0x00000000b1000000, 0x00000000b2000000|  0%| F|  |TAMS 0x00000000b1000000| PB 0x00000000b1000000| Untracked |  0
|  48|0x00000000b2000000, 0x00000000b2000000, 0x00000000b3000000|  0%| F|  |TAMS 0x00000000b2000000| PB 0x00000000b2000000| Untracked |  0
|  49|0x00000000b3000000, 0x00000000b3000000, 0x00000000b4000000|  0%| F|  |TAMS 0x00000000b3000000| PB 0x00000000b3000000| Untracked |  0
|  50|0x00000000b4000000, 0x00000000b4000000, 0x00000000b5000000|  0%| F|  |TAMS 0x00000000b4000000| PB 0x00000000b4000000| Untracked |  0
|  51|0x00000000b5000000, 0x00000000b5000000, 0x00000000b6000000|  0%| F|  |TAMS 0x00000000b5000000| PB 0x00000000b5000000| Untracked |  0
|  52|0x00000000b6000000, 0x00000000b6000000, 0x00000000b7000000|  0%| F|  |TAMS 0x00000000b6000000| PB 0x00000000b6000000| Untracked |  0
|  53|0x00000000b7000000, 0x00000000b7000000, 0x00000000b8000000|  0%| F|  |TAMS 0x00000000b7000000| PB 0x00000000b7000000| Untracked |  0
|  54|0x00000000b8000000, 0x00000000b8000000, 0x00000000b9000000|  0%| F|  |TAMS 0x00000000b8000000| PB 0x00000000b8000000| Untracked |  0
|  55|0x00000000b9000000, 0x00000000b9000000, 0x00000000ba000000|  0%| F|  |TAMS 0x00000000b9000000| PB 0x00000000b9000000| Untracked |  0
|  56|0x00000000ba000000, 0x00000000ba000000, 0x00000000bb000000|  0%| F|  |TAMS 0x00000000ba000000| PB 0x00000000ba000000| Untracked |  0
|  57|0x00000000bb000000, 0x00000000bb000000, 0x00000000bc000000|  0%| F|  |TAMS 0x00000000bb000000| PB 0x00000000bb000000| Untracked |  0
|  58|0x00000000bc000000, 0x00000000bc000000, 0x00000000bd000000|  0%| F|  |TAMS 0x00000000bc000000| PB 0x00000000bc000000| Untracked |  0
|  59|0x00000000bd000000, 0x00000000bd000000, 0x00000000be000000|  0%| F|  |TAMS 0x00000000bd000000| PB 0x00000000bd000000| Untracked |  0
|  60|0x00000000be000000, 0x00000000be000000, 0x00000000bf000000|  0%| F|  |TAMS 0x00000000be000000| PB 0x00000000be000000| Untracked |  0
|  61|0x00000000bf000000, 0x00000000bf000000, 0x00000000c0000000|  0%| F|  |TAMS 0x00000000bf000000| PB 0x00000000bf000000| Untracked |  0
|  62|0x00000000c0000000, 0x00000000c0000000, 0x00000000c1000000|  0%| F|  |TAMS 0x00000000c0000000| PB 0x00000000c0000000| Untracked |  0
|  63|0x00000000c1000000, 0x00000000c1000000, 0x00000000c2000000|  0%| F|  |TAMS 0x00000000c1000000| PB 0x00000000c1000000| Untracked |  0
|  64|0x00000000c2000000, 0x00000000c2000000, 0x00000000c3000000|  0%| F|  |TAMS 0x00000000c2000000| PB 0x00000000c2000000| Untracked |  0
|  65|0x00000000c3000000, 0x00000000c3000000, 0x00000000c4000000|  0%| F|  |TAMS 0x00000000c3000000| PB 0x00000000c3000000| Untracked |  0
|  66|0x00000000c4000000, 0x00000000c4000000, 0x00000000c5000000|  0%| F|  |TAMS 0x00000000c4000000| PB 0x00000000c4000000| Untracked |  0
|  67|0x00000000c5000000, 0x00000000c5000000, 0x00000000c6000000|  0%| F|  |TAMS 0x00000000c5000000| PB 0x00000000c5000000| Untracked |  0
|  68|0x00000000c6000000, 0x00000000c6000000, 0x00000000c7000000|  0%| F|  |TAMS 0x00000000c6000000| PB 0x00000000c6000000| Untracked |  0
|  69|0x00000000c7000000, 0x00000000c7000000, 0x00000000c8000000|  0%| F|  |TAMS 0x00000000c7000000| PB 0x00000000c7000000| Untracked |  0
|  70|0x00000000c8000000, 0x00000000c8000000, 0x00000000c9000000|  0%| F|  |TAMS 0x00000000c8000000| PB 0x00000000c8000000| Untracked |  0
|  71|0x00000000c9000000, 0x00000000c9000000, 0x00000000ca000000|  0%| F|  |TAMS 0x00000000c9000000| PB 0x00000000c9000000| Untracked |  0
|  72|0x00000000ca000000, 0x00000000ca000000, 0x00000000cb000000|  0%| F|  |TAMS 0x00000000ca000000| PB 0x00000000ca000000| Untracked |  0
|  73|0x00000000cb000000, 0x00000000cb000000, 0x00000000cc000000|  0%| F|  |TAMS 0x00000000cb000000| PB 0x00000000cb000000| Untracked |  0
|  74|0x00000000cc000000, 0x00000000cc000000, 0x00000000cd000000|  0%| F|  |TAMS 0x00000000cc000000| PB 0x00000000cc000000| Untracked |  0
|  75|0x00000000cd000000, 0x00000000cd000000, 0x00000000ce000000|  0%| F|  |TAMS 0x00000000cd000000| PB 0x00000000cd000000| Untracked |  0
|  76|0x00000000ce000000, 0x00000000ce000000, 0x00000000cf000000|  0%| F|  |TAMS 0x00000000ce000000| PB 0x00000000ce000000| Untracked |  0
|  77|0x00000000cf000000, 0x00000000cf000000, 0x00000000d0000000|  0%| F|  |TAMS 0x00000000cf000000| PB 0x00000000cf000000| Untracked |  0
|  78|0x00000000d0000000, 0x00000000d0000000, 0x00000000d1000000|  0%| F|  |TAMS 0x00000000d0000000| PB 0x00000000d0000000| Untracked |  0
|  79|0x00000000d1000000, 0x00000000d1000000, 0x00000000d2000000|  0%| F|  |TAMS 0x00000000d1000000| PB 0x00000000d1000000| Untracked |  0
|  80|0x00000000d2000000, 0x00000000d2000000, 0x00000000d3000000|  0%| F|  |TAMS 0x00000000d2000000| PB 0x00000000d2000000| Untracked |  0
|  81|0x00000000d3000000, 0x00000000d3000000, 0x00000000d4000000|  0%| F|  |TAMS 0x00000000d3000000| PB 0x00000000d3000000| Untracked |  0
|  82|0x00000000d4000000, 0x00000000d4000000, 0x00000000d5000000|  0%| F|  |TAMS 0x00000000d4000000| PB 0x00000000d4000000| Untracked |  0
|  83|0x00000000d5000000, 0x00000000d5000000, 0x00000000d6000000|  0%| F|  |TAMS 0x00000000d5000000| PB 0x00000000d5000000| Untracked |  0
|  84|0x00000000d6000000, 0x00000000d6000000, 0x00000000d7000000|  0%| F|  |TAMS 0x00000000d6000000| PB 0x00000000d6000000| Untracked |  0
|  85|0x00000000d7000000, 0x00000000d7000000, 0x00000000d8000000|  0%| F|  |TAMS 0x00000000d7000000| PB 0x00000000d7000000| Untracked |  0
|  86|0x00000000d8000000, 0x00000000d8000000, 0x00000000d9000000|  0%| F|  |TAMS 0x00000000d8000000| PB 0x00000000d8000000| Untracked |  0
|  87|0x00000000d9000000, 0x00000000d9000000, 0x00000000da000000|  0%| F|  |TAMS 0x00000000d9000000| PB 0x00000000d9000000| Untracked |  0
|  88|0x00000000da000000, 0x00000000da000000, 0x00000000db000000|  0%| F|  |TAMS 0x00000000da000000| PB 0x00000000da000000| Untracked |  0
|  89|0x00000000db000000, 0x00000000db000000, 0x00000000dc000000|  0%| F|  |TAMS 0x00000000db000000| PB 0x00000000db000000| Untracked |  0
|  90|0x00000000dc000000, 0x00000000dc000000, 0x00000000dd000000|  0%| F|  |TAMS 0x00000000dc000000| PB 0x00000000dc000000| Untracked |  0
|  91|0x00000000dd000000, 0x00000000dd000000, 0x00000000de000000|  0%| F|  |TAMS 0x00000000dd000000| PB 0x00000000dd000000| Untracked |  0
|  92|0x00000000de000000, 0x00000000de000000, 0x00000000df000000|  0%| F|  |TAMS 0x00000000de000000| PB 0x00000000de000000| Untracked |  0
|  93|0x00000000df000000, 0x00000000df000000, 0x00000000e0000000|  0%| F|  |TAMS 0x00000000df000000| PB 0x00000000df000000| Untracked |  0
|  94|0x00000000e0000000, 0x00000000e0000000, 0x00000000e1000000|  0%| F|  |TAMS 0x00000000e0000000| PB 0x00000000e0000000| Untracked |  0
|  95|0x00000000e1000000, 0x00000000e1000000, 0x00000000e2000000|  0%| F|  |TAMS 0x00000000e1000000| PB 0x00000000e1000000| Untracked |  0
|  96|0x00000000e2000000, 0x00000000e2000000, 0x00000000e3000000|  0%| F|  |TAMS 0x00000000e2000000| PB 0x00000000e2000000| Untracked |  0
|  97|0x00000000e3000000, 0x00000000e3000000, 0x00000000e4000000|  0%| F|  |TAMS 0x00000000e3000000| PB 0x00000000e3000000| Untracked |  0
|  98|0x00000000e4000000, 0x00000000e4000000, 0x00000000e5000000|  0%| F|  |TAMS 0x00000000e4000000| PB 0x00000000e4000000| Untracked |  0
|  99|0x00000000e5000000, 0x00000000e5000000, 0x00000000e6000000|  0%| F|  |TAMS 0x00000000e5000000| PB 0x00000000e5000000| Untracked |  0
| 100|0x00000000e6000000, 0x00000000e6000000, 0x00000000e7000000|  0%| F|  |TAMS 0x00000000e6000000| PB 0x00000000e6000000| Untracked |  0
| 101|0x00000000e7000000, 0x00000000e7000000, 0x00000000e8000000|  0%| F|  |TAMS 0x00000000e7000000| PB 0x00000000e7000000| Untracked |  0
| 102|0x00000000e8000000, 0x00000000e8000000, 0x00000000e9000000|  0%| F|  |TAMS 0x00000000e8000000| PB 0x00000000e8000000| Untracked |  0
| 103|0x00000000e9000000, 0x00000000e9000000, 0x00000000ea000000|  0%| F|  |TAMS 0x00000000e9000000| PB 0x00000000e9000000| Untracked |  0
| 104|0x00000000ea000000, 0x00000000ea000000, 0x00000000eb000000|  0%| F|  |TAMS 0x00000000ea000000| PB 0x00000000ea000000| Untracked |  0
| 105|0x00000000eb000000, 0x00000000eb000000, 0x00000000ec000000|  0%| F|  |TAMS 0x00000000eb000000| PB 0x00000000eb000000| Untracked |  0
| 106|0x00000000ec000000, 0x00000000ec000000, 0x00000000ed000000|  0%| F|  |TAMS 0x00000000ec000000| PB 0x00000000ec000000| Untracked |  0
| 107|0x00000000ed000000, 0x00000000ed000000, 0x00000000ee000000|  0%| F|  |TAMS 0x00000000ed000000| PB 0x00000000ed000000| Untracked |  0
| 108|0x00000000ee000000, 0x00000000ee000000, 0x00000000ef000000|  0%| F|  |TAMS 0x00000000ee000000| PB 0x00000000ee000000| Untracked |  0
| 109|0x00000000ef000000, 0x00000000ef000000, 0x00000000f0000000|  0%| F|  |TAMS 0x00000000ef000000| PB 0x00000000ef000000| Untracked |  0
| 110|0x00000000f0000000, 0x00000000f0000000, 0x00000000f1000000|  0%| F|  |TAMS 0x00000000f0000000| PB 0x00000000f0000000| Untracked |  0
| 111|0x00000000f1000000, 0x00000000f1000000, 0x00000000f2000000|  0%| F|  |TAMS 0x00000000f1000000| PB 0x00000000f1000000| Untracked |  0
| 112|0x00000000f2000000, 0x00000000f2000000, 0x00000000f3000000|  0%| F|  |TAMS 0x00000000f2000000| PB 0x00000000f2000000| Untracked |  0
| 113|0x00000000f3000000, 0x00000000f3000000, 0x00000000f4000000|  0%| F|  |TAMS 0x00000000f3000000| PB 0x00000000f3000000| Untracked |  0
| 114|0x00000000f4000000, 0x00000000f4000000, 0x00000000f5000000|  0%| F|  |TAMS 0x00000000f4000000| PB 0x00000000f4000000| Untracked |  0
| 115|0x00000000f5000000, 0x00000000f5000000, 0x00000000f6000000|  0%| F|  |TAMS 0x00000000f5000000| PB 0x00000000f5000000| Untracked |  0
| 116|0x00000000f6000000, 0x00000000f6000000, 0x00000000f7000000|  0%| F|  |TAMS 0x00000000f6000000| PB 0x00000000f6000000| Untracked |  0
| 117|0x00000000f7000000, 0x00000000f7000000, 0x00000000f8000000|  0%| F|  |TAMS 0x00000000f7000000| PB 0x00000000f7000000| Untracked |  0
| 118|0x00000000f8000000, 0x00000000f8000000, 0x00000000f9000000|  0%| F|  |TAMS 0x00000000f8000000| PB 0x00000000f8000000| Untracked |  0
| 119|0x00000000f9000000, 0x00000000f9000000, 0x00000000fa000000|  0%| F|  |TAMS 0x00000000f9000000| PB 0x00000000f9000000| Untracked |  0
| 120|0x00000000fa000000, 0x00000000fa000000, 0x00000000fb000000|  0%| F|  |TAMS 0x00000000fa000000| PB 0x00000000fa000000| Untracked |  0
| 121|0x00000000fb000000, 0x00000000fb000000, 0x00000000fc000000|  0%| F|  |TAMS 0x00000000fb000000| PB 0x00000000fb000000| Untracked |  0
| 122|0x00000000fc000000, 0x00000000fc000000, 0x00000000fd000000|  0%| F|  |TAMS 0x00000000fc000000| PB 0x00000000fc000000| Untracked |  0
| 123|0x00000000fd000000, 0x00000000fd000000, 0x00000000fe000000|  0%| F|  |TAMS 0x00000000fd000000| PB 0x00000000fd000000| Untracked |  0
| 124|0x00000000fe000000, 0x00000000fe000000, 0x00000000ff000000|  0%| F|  |TAMS 0x00000000fe000000| PB 0x00000000fe000000| Untracked |  0
| 125|0x00000000ff000000, 0x00000000fff5cae8, 0x0000000100000000| 96%| E|  |TAMS 0x00000000ff000000| PB 0x00000000ff000000| Complete |  0
|1917|0x00000007ff000000, 0x00000007ff120f88, 0x0000000800000000|  7%| O|  |TAMS 0x00000007ff000000| PB 0x00000007ff000000| Untracked |  0

Card table byte_map: [0x00007f1247e12000,0x00007f124ba02000] _byte_map_base: 0x00007f1247a02000

Marking Bits: (CMBitMap*) 0x00007f126805ca90
 Bits: [0x00007f1229e92000, 0x00007f1247e12000)

Polling page: 0x00007f126dfe1000

Metaspace:
Metaspace        used 3666K, committed 3840K, reserved 1114112K
 class space     used 182K, committed 256K, reserved 1048576K

Usage:
  Non-class:      3.40 MB used.
      Class:    182.66 KB used.
       Both:      3.58 MB used.

Virtual space:
  Non-class space:       64.00 MB reserved,       3.50 MB (  5%) committed,  1 nodes.
      Class space:        1.00 GB reserved,     256.00 KB ( <1%) committed,  1 nodes.
             Both:        1.06 GB reserved,       3.75 MB ( <1%) committed. 

Chunk freelists:
   Non-Class:  10.09 MB
       Class:  15.64 MB
        Both:  25.73 MB

MaxMetaspaceSize: unlimited
CompressedClassSpaceSize: 1.00 GB
Initial GC threshold: 21.00 MB
Current GC threshold: 21.00 MB
CDS: on
 - commit_granule_bytes: 65536.
 - commit_granule_words: 8192.
 - virtual_space_node_default_size: 8388608.
 - enlarge_chunks_in_place: 1.
UseCompressedClassPointers 1, UseCompactObjectHeaders 0
Narrow klass pointer bits 32, Max shift 3
Narrow klass base: 0x0000000023000000, Narrow klass shift: 0
Encoding Range: [0x0000000023000000 - 0x0000000123000000), (4294967296 bytes)
Klass Range:    [0x0000000023001000 - 0x0000000064000000), (1090514944 bytes)
Klass ID Range:  [4096 - 1090519033) (1090514937)
Protection zone: [0x0000000023000000 - 0x0000000023001000), (4096 bytes)


Internal statistics:

num_allocs_failed_limit: 0.
num_arena_births: 72.
num_arena_deaths: 0.
num_vsnodes_births: 2.
num_vsnodes_deaths: 0.
num_space_committed: 59.
num_space_uncommitted: 0.
num_chunks_returned_to_freelist: 0.
num_chunks_taken_from_freelist: 174.
num_chunk_merges: 0.
num_chunk_splits: 112.
num_chunks_enlarged: 67.
num_inconsistent_stats: 0.

CodeHeap 'non-profiled nmethods': size=119172Kb used=197Kb max_used=197Kb free=118974Kb
 bounds [0x00007f1257f9f000, 0x00007f125820f000, 0x00007f125f400000]
CodeHeap 'profiled nmethods': size=119164Kb used=1052Kb max_used=1052Kb free=118111Kb
 bounds [0x00007f1250400000, 0x00007f1250670000, 0x00007f125785f000]
CodeHeap 'non-nmethods': size=7424Kb used=3819Kb max_used=3836Kb free=3604Kb
 bounds [0x00007f125785f000, 0x00007f1257c2f000, 0x00007f1257f9f000]
CodeCache: size=245760Kb, used=5068Kb, max_used=5085Kb, free=240689Kb
 total_blobs=1950, nmethods=842, adapters=1010, full_count=0
Compilation: enabled, stopped_count=0, restarted_count=0

Compilation events (20 events):
Event: 0.334 Thread 0x00007f12681214c0 nmethod 830 0x00007f1257fceb88 code [0x00007f1257fcec80, 0x00007f1257fceeb0]
Event: 0.334 Thread 0x00007f12681214c0  831       4       org.lwjgl.system.MemoryStack::pop (22 bytes)
Event: 0.334 Thread 0x00007f12681214c0 nmethod 831 0x00007f1257fcef08 code [0x00007f1257fcf000, 0x00007f1257fcf0e0]
Event: 0.336 Thread 0x00007f12681214c0  834       4       java.lang.StringLatin1::indexOfChar (33 bytes)
Event: 0.337 Thread 0x00007f11d0002be0  835       3       jdk.internal.ref.CleanerImpl::getCleanerImpl (13 bytes)
Event: 0.337 Thread 0x00007f11d019b1a0  836       3       java.lang.ref.Cleaner$1::apply (9 bytes)
Event: 0.337 Thread 0x00007f11d402c840  837       3       java.lang.ref.Cleaner$1::apply (5 bytes)
Event: 0.337 Thread 0x00007f11d0002be0 nmethod 835 0x00007f1250505b08 code [0x00007f1250505c00, 0x00007f1250505e88]
Event: 0.337 Thread 0x00007f11d019b1a0 nmethod 836 0x00007f1250505f08 code [0x00007f1250506000, 0x00007f1250506248]
Event: 0.337 Thread 0x00007f11d402c840 nmethod 837 0x00007f1250506288 code [0x00007f1250506380, 0x00007f1250506490]
Event: 0.337 Thread 0x00007f12681214c0 nmethod 834 0x00007f1257fcf208 code [0x00007f1257fcf300, 0x00007f1257fcf4a8]
Event: 0.338 Thread 0x00007f11d0002be0  838       3       java.lang.Module::isNamed (13 bytes)
Event: 0.339 Thread 0x00007f11d0002be0 nmethod 838 0x00007f1250506588 code [0x00007f1250506680, 0x00007f12505067d8]
Event: 0.339 Thread 0x00007f11d402c840  839       1       java.net.URL::getPath (5 bytes)
Event: 0.339 Thread 0x00007f11d402c840 nmethod 839 0x00007f1257fcf508 code [0x00007f1257fcf600, 0x00007f1257fcf6c0]
Event: 0.343 Thread 0x00007f11d0002be0  840       3       java.util.regex.Pattern$Slice::match (79 bytes)
Event: 0.343 Thread 0x00007f11d019b1a0  841       3       java.util.regex.Pattern$Node::match (27 bytes)
Event: 0.343 Thread 0x00007f11d019b1a0 nmethod 841 0x00007f1250506888 code [0x00007f1250506980, 0x00007f1250506ae0]
Event: 0.343 Thread 0x00007f11d0002be0 nmethod 840 0x00007f1250506b88 code [0x00007f1250506c80, 0x00007f12505070e0]
Event: 0.343 Thread 0x00007f12681214c0  842       4       sun.security.provider.SHA::implCompress0 (478 bytes)

GC Heap Usage History (0 events):
No events

Metaspace Usage History (0 events):
No events

Dll operation events (10 events):
Event: 0.002 Loaded shared library /home/seal/.sdkman/candidates/java/25-tem/lib/libjava.so
Event: 0.016 Loaded shared library /home/seal/.sdkman/candidates/java/25-tem/lib/libsimdsort.so
Event: 0.019 Loaded shared library /home/seal/.sdkman/candidates/java/25-tem/lib/libnio.so
Event: 0.030 Loaded shared library /home/seal/.sdkman/candidates/java/25-tem/lib/libzip.so
Event: 0.036 Loaded shared library /home/seal/.sdkman/candidates/java/25-tem/lib/libverify.so
Event: 0.063 Loaded shared library /home/seal/.sdkman/candidates/java/25-tem/lib/libjimage.so
Event: 0.069 Loaded shared library /home/seal/.sdkman/candidates/java/25-tem/lib/libnet.so
Event: 0.073 Loaded shared library /tmp/lwjgl_seal/3.4.0-snapshot/x64/liblwjgl.so
Event: 0.310 Loaded shared library /tmp/lwjgl_seal/3.4.0-snapshot/x64/liblwjgl_opengl.so
Event: 0.343 Loaded shared library /tmp/lwjgl_seal/3.4.0-snapshot/x64/liblwjgl_stb.so

Deoptimization events (20 events):
Event: 0.352 Thread 0x00007f126802b950 DEOPT PACKING pc=0x00007f125047f3cf sp=0x00007f126c4e6030
Event: 0.352 Thread 0x00007f126802b950 DEOPT UNPACKING pc=0x00007f12578affef sp=0x00007f126c4e54e8 mode 0
Event: 0.352 Thread 0x00007f126802b950 DEOPT PACKING pc=0x00007f125047f354 sp=0x00007f126c4e6030
Event: 0.352 Thread 0x00007f126802b950 DEOPT UNPACKING pc=0x00007f12578affef sp=0x00007f126c4e54e8 mode 0
Event: 0.352 Thread 0x00007f126802b950 DEOPT PACKING pc=0x00007f125047f275 sp=0x00007f126c4e6030
Event: 0.352 Thread 0x00007f126802b950 DEOPT UNPACKING pc=0x00007f12578affef sp=0x00007f126c4e54e8 mode 0
Event: 0.352 Thread 0x00007f126802b950 DEOPT PACKING pc=0x00007f125047f275 sp=0x00007f126c4e6030
Event: 0.352 Thread 0x00007f126802b950 DEOPT UNPACKING pc=0x00007f12578affef sp=0x00007f126c4e54e8 mode 0
Event: 0.352 Thread 0x00007f126802b950 DEOPT PACKING pc=0x00007f125047f275 sp=0x00007f126c4e6030
Event: 0.352 Thread 0x00007f126802b950 DEOPT UNPACKING pc=0x00007f12578affef sp=0x00007f126c4e54e8 mode 0
Event: 0.352 Thread 0x00007f126802b950 DEOPT PACKING pc=0x00007f125047f275 sp=0x00007f126c4e6030
Event: 0.352 Thread 0x00007f126802b950 DEOPT UNPACKING pc=0x00007f12578affef sp=0x00007f126c4e54e8 mode 0
Event: 0.352 Thread 0x00007f126802b950 DEOPT PACKING pc=0x00007f125047f3cf sp=0x00007f126c4e6030
Event: 0.352 Thread 0x00007f126802b950 DEOPT UNPACKING pc=0x00007f12578affef sp=0x00007f126c4e54e8 mode 0
Event: 0.352 Thread 0x00007f126802b950 DEOPT PACKING pc=0x00007f125047f3cf sp=0x00007f126c4e6030
Event: 0.352 Thread 0x00007f126802b950 DEOPT UNPACKING pc=0x00007f12578affef sp=0x00007f126c4e54e8 mode 0
Event: 0.352 Thread 0x00007f126802b950 DEOPT PACKING pc=0x00007f125047f354 sp=0x00007f126c4e6030
Event: 0.352 Thread 0x00007f126802b950 DEOPT UNPACKING pc=0x00007f12578affef sp=0x00007f126c4e54e8 mode 0
Event: 0.352 Thread 0x00007f126802b950 DEOPT PACKING pc=0x00007f125047f275 sp=0x00007f126c4e6030
Event: 0.352 Thread 0x00007f126802b950 DEOPT UNPACKING pc=0x00007f12578affef sp=0x00007f126c4e54e8 mode 0

Classes loaded (20 events):
Event: 0.132 Loading class java/lang/NoSuchFieldError
Event: 0.132 Loading class java/lang/NoSuchFieldError done
Event: 0.141 Loading class jdk/internal/reflect/MethodHandleIntegerFieldAccessorImpl
Event: 0.141 Loading class jdk/internal/reflect/MethodHandleIntegerFieldAccessorImpl done
Event: 0.316 Loading class java/lang/ProcessEnvironment
Event: 0.316 Loading class java/lang/ProcessEnvironment done
Event: 0.316 Loading class java/lang/ProcessEnvironment$Variable
Event: 0.316 Loading class java/lang/ProcessEnvironment$ExternalData
Event: 0.316 Loading class java/lang/ProcessEnvironment$ExternalData done
Event: 0.316 Loading class java/lang/ProcessEnvironment$Variable done
Event: 0.316 Loading class java/lang/ProcessImpl
Event: 0.316 Loading class java/lang/Process
Event: 0.316 Loading class java/lang/Process done
Event: 0.316 Loading class java/lang/ProcessImpl done
Event: 0.316 Loading class java/lang/ProcessImpl$LaunchMechanism
Event: 0.316 Loading class java/lang/ProcessImpl$LaunchMechanism done
Event: 0.316 Loading class java/lang/ProcessEnvironment$Value
Event: 0.316 Loading class java/lang/ProcessEnvironment$Value done
Event: 0.316 Loading class java/lang/ProcessEnvironment$StringEnvironment
Event: 0.316 Loading class java/lang/ProcessEnvironment$StringEnvironment done

Classes unloaded (0 events):
No events

Classes redefined (0 events):
No events

Internal exceptions (18 events):
Event: 0.049 Thread 0x00007f126802b950 Exception <a 'java/lang/NoSuchMethodError'{0x00000000ff162ac8}: 'void java.lang.invoke.DirectMethodHandle$Holder.invokeStatic(java.lang.Object, java.lang.Object)'> (0x00000000ff162ac8) 
thrown [src/hotspot/share/interpreter/linkResolver.cpp, line 803]
Event: 0.052 Thread 0x00007f126802b950 Exception <a 'java/lang/NoSuchMethodError'{0x00000000ff187e38}: 'void java.lang.System.load(java.lang.String, java.lang.Class)'> (0x00000000ff187e38) 
thrown [src/hotspot/share/interpreter/linkResolver.cpp, line 803]
Event: 0.052 Thread 0x00007f126802b950 Exception <a 'java/lang/NoSuchMethodError'{0x00000000ff188c90}: 'void java.lang.invoke.DirectMethodHandle$Holder.invokeSpecial(java.lang.Object, java.lang.Object, java.lang.Object)'> (0x00000000ff188c90) 
thrown [src/hotspot/share/interpreter/linkResolver.cpp, line 803]
Event: 0.055 Thread 0x00007f126802b950 Exception <a 'java/lang/NoSuchMethodError'{0x00000000ff1aea80}: 'java.lang.Object java.lang.invoke.DirectMethodHandle$Holder.invokeStatic(java.lang.Object, java.lang.Object, int)'> (0x00000000ff1aea80) 
thrown [src/hotspot/share/interpreter/linkResolver.cpp, line 803]
Event: 0.056 Thread 0x00007f126802b950 Exception <a 'java/lang/NoSuchMethodError'{0x00000000ff1c7da8}: 'void java.lang.invoke.DelegatingMethodHandle$Holder.delegate(java.lang.Object, java.lang.Object, int, java.lang.Object)'> (0x00000000ff1c7da8) 
thrown [src/hotspot/share/interpreter/linkResolver.cpp, line 803]
Event: 0.060 Thread 0x00007f126802b950 Exception <a 'java/lang/NoSuchMethodError'{0x00000000ff3f7228}: 'void java.lang.System.loadLibrary(java.lang.String, java.lang.Class)'> (0x00000000ff3f7228) 
thrown [src/hotspot/share/interpreter/linkResolver.cpp, line 803]
Event: 0.067 Thread 0x00007f126802b950 Exception <a 'java/lang/NoSuchMethodError'{0x00000000ff41cf30}: 'java.lang.Object java.lang.invoke.DirectMethodHandle$Holder.invokeStaticInit(java.lang.Object)'> (0x00000000ff41cf30) 
thrown [src/hotspot/share/interpreter/linkResolver.cpp, line 803]
Event: 0.111 Thread 0x00007f126802b950 Exception <a 'java/lang/NoSuchMethodError'{0x00000000ff5167d0}: 'int java.lang.invoke.DirectMethodHandle$Holder.invokeStaticInit(java.lang.Object, java.lang.Object, int, long)'> (0x00000000ff5167d0) 
thrown [src/hotspot/share/interpreter/linkResolver.cpp, line 803]
Event: 0.112 Thread 0x00007f126802b950 Exception <a 'java/lang/NoSuchMethodError'{0x00000000ff5258d8}: 'java.lang.Object java.lang.invoke.DirectMethodHandle$Holder.newInvokeSpecial(java.lang.Object, java.lang.Object, int)'> (0x00000000ff5258d8) 
thrown [src/hotspot/share/interpreter/linkResolver.cpp, line 803]
Event: 0.119 Thread 0x00007f126802b950 Exception <a 'java/lang/NoSuchMethodError'{0x00000000ff56fbd8}: 'int java.lang.invoke.DirectMethodHandle$Holder.invokeStaticInit(java.lang.Object, java.lang.Object, long, long)'> (0x00000000ff56fbd8) 
thrown [src/hotspot/share/interpreter/linkResolver.cpp, line 803]
Event: 0.120 Thread 0x00007f126802b950 Exception <a 'java/lang/NoSuchMethodError'{0x00000000ff57efe8}: 'java.lang.Object java.lang.invoke.DirectMethodHandle$Holder.newInvokeSpecial(java.lang.Object, java.lang.Object, long)'> (0x00000000ff57efe8) 
thrown [src/hotspot/share/interpreter/linkResolver.cpp, line 803]
Event: 0.120 Thread 0x00007f126802b950 Exception <a 'java/lang/NoSuchMethodError'{0x00000000ff587aa8}: 'java.lang.Object java.lang.invoke.Invokers$Holder.linkToTargetMethod(java.lang.Object, long, java.lang.Object)'> (0x00000000ff587aa8) 
thrown [src/hotspot/share/interpreter/linkResolver.cpp, line 803]
Event: 0.121 Thread 0x00007f126802b950 Exception <a 'java/lang/NoSuchMethodError'{0x00000000ff598120}: 'int java.lang.invoke.DirectMethodHandle$Holder.invokeStaticInit(java.lang.Object, java.lang.Object, java.lang.Object, long)'> (0x00000000ff598120) 
thrown [src/hotspot/share/interpreter/linkResolver.cpp, line 803]
Event: 0.141 Thread 0x00007f126802b950 Exception <a 'java/lang/NoSuchMethodError'{0x00000000ffa1a9f8}: 'int java.lang.invoke.Invokers$Holder.invokeExact_MT(java.lang.Object, java.lang.Object)'> (0x00000000ffa1a9f8) 
thrown [src/hotspot/share/interpreter/linkResolver.cpp, line 803]
Event: 0.307 Thread 0x00007f126802b950 Exception <a 'java/lang/NoSuchMethodError'{0x00000000ffa89e78}: 'void java.lang.System.load(java.lang.String, java.lang.Class)'> (0x00000000ffa89e78) 
thrown [src/hotspot/share/interpreter/linkResolver.cpp, line 803]
Event: 0.307 Thread 0x00007f126802b950 Exception <a 'java/lang/NoSuchMethodError'{0x00000000ffa91c58}: 'void java.lang.System.loadLibrary(java.lang.String, java.lang.Class)'> (0x00000000ffa91c58) 
thrown [src/hotspot/share/interpreter/linkResolver.cpp, line 803]
Event: 0.338 Thread 0x00007f126802b950 Exception <a 'java/lang/NoSuchMethodError'{0x00000000ffe14c48}: 'void java.lang.System.load(java.lang.String, java.lang.Class)'> (0x00000000ffe14c48) 
thrown [src/hotspot/share/interpreter/linkResolver.cpp, line 803]
Event: 0.339 Thread 0x00007f126802b950 Exception <a 'java/lang/NoSuchMethodError'{0x00000000ffe1ca28}: 'void java.lang.System.loadLibrary(java.lang.String, java.lang.Class)'> (0x00000000ffe1ca28) 
thrown [src/hotspot/share/interpreter/linkResolver.cpp, line 803]

VM Operations (0 events):
No events

Memory protections (15 events):
Event: 0.001 Protecting memory [0x00007f126c3e9000,0x00007f126c3ed000] with protection modes 0
Event: 0.008 Protecting memory [0x0000000023000000,0x0000000023001000] with protection modes 0
Event: 0.014 Protecting memory [0x00007f1228788000,0x00007f122878c000] with protection modes 0
Event: 0.014 Protecting memory [0x00007f1228586000,0x00007f122858a000] with protection modes 0
Event: 0.015 Protecting memory [0x00007f12283aa000,0x00007f12283ae000] with protection modes 0
Event: 0.015 Protecting memory [0x00007f12282aa000,0x00007f12282ae000] with protection modes 0
Event: 0.015 Protecting memory [0x00007f12281aa000,0x00007f12281ae000] with protection modes 0
Event: 0.015 Protecting memory [0x00007f12280aa000,0x00007f12280ae000] with protection modes 0
Event: 0.015 Protecting memory [0x00007f1219f00000,0x00007f1219f04000] with protection modes 0
Event: 0.017 Protecting memory [0x00007f1219e00000,0x00007f1219e04000] with protection modes 0
Event: 0.018 Protecting memory [0x00007f1219d00000,0x00007f1219d04000] with protection modes 0
Event: 0.020 Protecting memory [0x00007f1219c00000,0x00007f1219c04000] with protection modes 0
Event: 0.027 Protecting memory [0x00007f1219b00000,0x00007f1219b04000] with protection modes 0
Event: 0.030 Protecting memory [0x00007f1219a00000,0x00007f1219a04000] with protection modes 0
Event: 0.132 Protecting memory [0x00007f1219881000,0x00007f1219885000] with protection modes 0

Nmethod flushes (0 events):
No events

Events (15 events):
Event: 0.009 Thread 0x00007f126802b950 Thread added: 0x00007f126802b950
Event: 0.014 Thread 0x00007f126802b950 Thread added: 0x00007f126811a050
Event: 0.014 Thread 0x00007f126802b950 Thread added: 0x00007f126811b090
Event: 0.015 Thread 0x00007f126802b950 Thread added: 0x00007f126811c4a0
Event: 0.015 Thread 0x00007f126802b950 Thread added: 0x00007f126811ddc0
Event: 0.015 Thread 0x00007f126802b950 Thread added: 0x00007f126811f640
Event: 0.015 Thread 0x00007f126802b950 Thread added: 0x00007f12681214c0
Event: 0.015 Thread 0x00007f126802b950 Thread added: 0x00007f1268122eb0
Event: 0.017 Thread 0x00007f126802b950 Thread added: 0x00007f126812f960
Event: 0.018 Thread 0x00007f126802b950 Thread added: 0x00007f12681320f0
Event: 0.020 Thread 0x00007f1268122eb0 Thread added: 0x00007f11d402c840
Event: 0.027 Thread 0x00007f11d402c840 Thread added: 0x00007f11d0002be0
Event: 0.030 Thread 0x00007f12681214c0 Thread added: 0x00007f11e0080460
Event: 0.132 Thread 0x00007f11d402c840 Thread added: 0x00007f11d019b1a0
Event: 0.303 Thread 0x00007f11e0080460 Thread exited: 0x00007f11e0080460


Dynamic libraries:
23000000-23001000 ---p 00000000 00:00 0 
23001000-23d8c000 rw-p 00001000 00:23 3690992                            /home/seal/.sdkman/candidates/java/25-tem/lib/server/classes.jsa
23d8c000-24000000 ---p 00000000 00:00 0 
24000000-24020000 rw-p 00000000 00:00 0 
24020000-24040000 ---p 00000000 00:00 0 
24040000-24060000 rw-p 00000000 00:00 0 
24060000-64000000 ---p 00000000 00:00 0 
64000000-640ac000 rw-p 00000000 00:00 0 
640ac000-640ae000 r-xs 00000000 00:01 23327                              /memfd:/.glXXXXXX (deleted)
82000000-100000000 rw-p 00000000 00:00 0 
100000000-7ff000000 ---p 00000000 00:00 0 
7ff000000-7ff121000 rw-p 00dbf000 00:23 3690992                          /home/seal/.sdkman/candidates/java/25-tem/lib/server/classes.jsa
7ff121000-800000000 rw-p 00000000 00:00 0 
55e83a5a5000-55e83a5a6000 r--p 00000000 00:23 3690951                    /home/seal/.sdkman/candidates/java/25-tem/bin/java
55e83a5a6000-55e83a5a7000 r-xp 00001000 00:23 3690951                    /home/seal/.sdkman/candidates/java/25-tem/bin/java
55e83a5a7000-55e83a5a8000 r--p 00002000 00:23 3690951                    /home/seal/.sdkman/candidates/java/25-tem/bin/java
55e83a5a8000-55e83a5a9000 r--p 00002000 00:23 3690951                    /home/seal/.sdkman/candidates/java/25-tem/bin/java
55e83a5a9000-55e83a5aa000 rw-p 00003000 00:23 3690951                    /home/seal/.sdkman/candidates/java/25-tem/bin/java
55e86e54f000-55e86e598000 rw-p 00000000 00:00 0                          [heap]
7f119bfff000-7f11a40b0000 rw-p 00000000 00:00 0 
7f11a40b0000-7f11a8000000 ---p 00000000 00:00 0 
7f11ab800000-7f11afba1000 r--p 00000000 00:23 40950418                   /usr/lib64/libLLVM.so.22.1
7f11afba1000-7f11b407d000 r-xp 043a0000 00:23 40950418                   /usr/lib64/libLLVM.so.22.1
7f11b407d000-7f11b429e000 r--p 0887b000 00:23 40950418                   /usr/lib64/libLLVM.so.22.1
7f11b429e000-7f11b42a8000 rw-p 08a9b000 00:23 40950418                   /usr/lib64/libLLVM.so.22.1
7f11b42a8000-7f11b4354000 rw-p 00000000 00:00 0 
7f11b4400000-7f11b633c000 r-xp 00000000 00:23 42344638                   /usr/lib64/libgallium-26.1.8.so
7f11b633c000-7f11b75d8000 r--p 01f3c000 00:23 42344638                   /usr/lib64/libgallium-26.1.8.so
7f11b75d8000-7f11b774c000 r--p 031d7000 00:23 42344638                   /usr/lib64/libgallium-26.1.8.so
7f11b774c000-7f11b7782000 rw-p 0334b000 00:23 42344638                   /usr/lib64/libgallium-26.1.8.so
7f11b7782000-7f11b794e000 rw-p 00000000 00:00 0 
7f11b7a00000-7f11b7cab000 r--p 00000000 00:23 40425745                   /usr/lib64/libnvidia-gpucomp.so.580.173.02
7f11b7cab000-7f11bad99000 r-xp 002ab000 00:23 40425745                   /usr/lib64/libnvidia-gpucomp.so.580.173.02
7f11bad99000-7f11bbc09000 r--p 03399000 00:23 40425745                   /usr/lib64/libnvidia-gpucomp.so.580.173.02
7f11bbc09000-7f11bbc0a000 ---p 04209000 00:23 40425745                   /usr/lib64/libnvidia-gpucomp.so.580.173.02
7f11bbc0a000-7f11bbde1000 r--p 04209000 00:23 40425745                   /usr/lib64/libnvidia-gpucomp.so.580.173.02
7f11bbde1000-7f11bbeec000 rw-p 043e0000 00:23 40425745                   /usr/lib64/libnvidia-gpucomp.so.580.173.02
7f11bbeec000-7f11bbf8c000 rw-p 00000000 00:00 0 
7f11bc000000-7f11bc021000 rw-p 00000000 00:00 0 
7f11bc021000-7f11c0000000 ---p 00000000 00:00 0 
7f11c0e9b000-7f11c0f36000 r--p 00000000 00:23 24121550                   /usr/share/fonts/google-noto/NotoSans-Bold.ttf
7f11c0f36000-7f11c0fd1000 r--p 00000000 00:23 24121550                   /usr/share/fonts/google-noto/NotoSans-Bold.ttf
7f11c0fd1000-7f11c0fd6000 r--s 00000000 00:23 24178040                   /usr/lib/fontconfig/cache/cc8b894d3abbdf0310c48629c0737d80-le64.cache-9
7f11c0fd6000-7f11c0ff3000 r--s 00000000 00:23 24415993                   /usr/lib/fontconfig/cache/123d59b33ddb0e7c76bb24004bd5cfac-le64.cache-9
7f11c0ff3000-7f11c0ffb000 r--s 00000000 00:23 24415991                   /usr/lib/fontconfig/cache/4130dcac56abb43164f0d97f0032d05a-le64.cache-9
7f11c0ffb000-7f11c1000000 r--s 00000000 00:23 24178034                   /usr/lib/fontconfig/cache/131ab5cc1583381c4f7ce0194912c56d-le64.cache-9
7f11c1000000-7f11c1003000 r--s 00000000 00:23 41506238                   /usr/lib/fontconfig/cache/5f83c5e20bd7d0a7cb83b2e020f779d2-le64.cache-9
7f11c1003000-7f11c1004000 r--s 00000000 00:23 24178032                   /usr/lib/fontconfig/cache/b2307de753f1224d9542f27e8b3975ae-le64.cache-9
7f11c1004000-7f11c1006000 r--s 00000000 00:23 24178030                   /usr/lib/fontconfig/cache/01d40cee498be4726842ba21cbce24ab-le64.cache-9
7f11c1006000-7f11c1007000 r--s 00000000 00:23 24178028                   /usr/lib/fontconfig/cache/39377a11d38956c26ecfe23db50b3cd3-le64.cache-9
7f11c1007000-7f11c1009000 r--s 00000000 00:23 24178026                   /usr/lib/fontconfig/cache/9d9e7a658cb1f50f02561d1ed3ca8bca-le64.cache-9
7f11c1009000-7f11c100e000 r--s 00000000 00:23 24415989                   /usr/lib/fontconfig/cache/29c8f5b6bf15d25ebb2e963855ab41be-le64.cache-9
7f11c100e000-7f11c1070000 r--s 00000000 00:23 24178010                   /usr/lib/fontconfig/cache/d63f98f14a274bd69a5425fc33aaac6b-le64.cache-9
7f11c1070000-7f11c1083000 r--s 00000000 00:23 24178008                   /usr/lib/fontconfig/cache/42536ef14367b24656ac994a93d66238-le64.cache-9
7f11c1083000-7f11c108e000 r--s 00000000 00:23 24178006                   /usr/lib/fontconfig/cache/efcfae1a52990961975415036867654f-le64.cache-9
7f11c108e000-7f11c10a1000 r--s 00000000 00:23 24178004                   /usr/lib/fontconfig/cache/c4be257954870c0bf6972134c1de66d5-le64.cache-9
7f11c10a1000-7f11c10f7000 r--s 00000000 00:23 24415985                   /usr/lib/fontconfig/cache/7ee6df7a8311986241317a58487e0145-le64.cache-9
7f11c10f7000-7f11c1100000 r--s 00000000 00:23 24177996                   /usr/lib/fontconfig/cache/6ee3103884cce7b2fe6f32eba9089175-le64.cache-9
7f11c1100000-7f11c1901000 rw-p 00000000 00:00 0 
7f11c1acc000-7f11c1b4f000 r-xp 00000000 00:2a 7372                       /tmp/lwjgl_seal/3.4.0-snapshot/x64/liblwjgl_stb.so
7f11c1b4f000-7f11c1b64000 r--p 00083000 00:2a 7372                       /tmp/lwjgl_seal/3.4.0-snapshot/x64/liblwjgl_stb.so
7f11c1b64000-7f11c1b65000 r--p 00097000 00:2a 7372                       /tmp/lwjgl_seal/3.4.0-snapshot/x64/liblwjgl_stb.so
7f11c1b65000-7f11c1b66000 rw-p 00098000 00:2a 7372                       /tmp/lwjgl_seal/3.4.0-snapshot/x64/liblwjgl_stb.so
7f11c1b66000-7f11c1b7b000 r-xp 00000000 00:2a 7371                       /tmp/lwjgl_seal/3.4.0-snapshot/x64/liblwjgl_opengl.so
7f11c1b7b000-7f11c1bbe000 r--p 00015000 00:2a 7371                       /tmp/lwjgl_seal/3.4.0-snapshot/x64/liblwjgl_opengl.so
7f11c1bbe000-7f11c1bbf000 r--p 00057000 00:2a 7371                       /tmp/lwjgl_seal/3.4.0-snapshot/x64/liblwjgl_opengl.so
7f11c1bbf000-7f11c1bc0000 rw-p 00058000 00:2a 7371                       /tmp/lwjgl_seal/3.4.0-snapshot/x64/liblwjgl_opengl.so
7f11c1bc0000-7f11c1c40000 rw-s 00000000 00:07 1383                       /dev/nvidiactl
7f11c1c40000-7f11c1d40000 rw-s 00000000 00:07 1383                       /dev/nvidiactl
7f11c1d40000-7f11c1dc0000 rw-s 00000000 00:07 1383                       /dev/nvidiactl
7f11c1dc0000-7f11c1e00000 rw-s 00000000 00:07 1383                       /dev/nvidiactl
7f11c1e00000-7f11c2042000 r--p 00000000 00:23 40425739                   /usr/lib64/libnvidia-eglcore.so.580.173.02
7f11c2042000-7f11c2d06000 r-xp 00242000 00:23 40425739                   /usr/lib64/libnvidia-eglcore.so.580.173.02
7f11c2d06000-7f11c3da8000 r--p 00f06000 00:23 40425739                   /usr/lib64/libnvidia-eglcore.so.580.173.02
7f11c3da8000-7f11c3da9000 ---p 01fa8000 00:23 40425739                   /usr/lib64/libnvidia-eglcore.so.580.173.02
7f11c3da9000-7f11c3f21000 r--p 01fa8000 00:23 40425739                   /usr/lib64/libnvidia-eglcore.so.580.173.02
7f11c3f21000-7f11c3f75000 rw-p 02120000 00:23 40425739                   /usr/lib64/libnvidia-eglcore.so.580.173.02
7f11c3f75000-7f11c3f8b000 rw-p 00000000 00:00 0 
7f11c3f8b000-7f11c3f8c000 r--s 00000000 00:23 42506052                   /usr/lib/fontconfig/cache/6fcb01a03a016cc71057b587cdea6709-le64.cache-9
7f11c3f8c000-7f11c3f8f000 r--s 00000000 00:23 24178018                   /usr/lib/fontconfig/cache/71fe2b50576cdbc5f931776365d4a6ea-le64.cache-9
7f11c3f8f000-7f11c3f91000 r--s 00000000 00:23 24178016                   /usr/lib/fontconfig/cache/e5da922122f90e18ce9aab86d5c2b324-le64.cache-9
7f11c3f91000-7f11c3f93000 r--s 00000000 00:23 24178014                   /usr/lib/fontconfig/cache/9162ae45def2e036f06e4d1913f17ba7-le64.cache-9
7f11c3f93000-7f11c3f9a000 r--s 00000000 00:23 39071341                   /usr/lib/fontconfig/cache/614d1caaa4d7914789410f6367de37ca-le64.cache-9
7f11c3f9a000-7f11c3fa0000 r--s 00000000 00:23 38944733                   /usr/lib/fontconfig/cache/221930ae9526a9cb8049af2916f03412-le64.cache-9
7f11c3fa0000-7f11c3fc0000 rw-s 00000000 00:07 1383                       /dev/nvidiactl
7f11c3fc0000-7f11c4000000 rw-s 00000000 00:07 1383                       /dev/nvidiactl
7f11c4000000-7f11c4158000 rw-p 00000000 00:00 0 
7f11c4158000-7f11c8000000 ---p 00000000 00:00 0 
7f11c8000000-7f11c8120000 rw-p 00000000 00:00 0 
7f11c8120000-7f11cc000000 ---p 00000000 00:00 0 
7f11cc000000-7f11cc021000 rw-p 00000000 00:00 0 
7f11cc021000-7f11d0000000 ---p 00000000 00:00 0 
7f11d0000000-7f11d01ac000 rw-p 00000000 00:00 0 
7f11d01ac000-7f11d4000000 ---p 00000000 00:00 0 
7f11d4000000-7f11d43c4000 rw-p 00000000 00:00 0 
7f11d43c4000-7f11d8000000 ---p 00000000 00:00 0 
7f11d8000000-7f11d8021000 rw-p 00000000 00:00 0 
7f11d8021000-7f11dc000000 ---p 00000000 00:00 0 
7f11dc000000-7f11dc021000 rw-p 00000000 00:00 0 
7f11dc021000-7f11e0000000 ---p 00000000 00:00 0 
7f11e0000000-7f11e0226000 rw-p 00000000 00:00 0 
7f11e0226000-7f11e4000000 ---p 00000000 00:00 0 
7f11e4000000-7f11e4021000 rw-p 00000000 00:00 0 
7f11e4021000-7f11e8000000 ---p 00000000 00:00 0 
7f11e8000000-7f11e8001000 r--s 00000000 00:23 24178020                   /usr/lib/fontconfig/cache/2a90ec7ec7fc01d3a9f58fddf8db0237-le64.cache-9
7f11e8001000-7f11e8002000 r--s 00000000 00:23 24178012                   /usr/lib/fontconfig/cache/22f06f3be2d16d058da85b73ae1dc5b1-le64.cache-9
7f11e8002000-7f11e800b000 r--s 00000000 00:23 24415981                   /usr/lib/fontconfig/cache/6cdba951d5a16891afaaf2fee13e80e7-le64.cache-9
7f11e800b000-7f11e800e000 r--s 00000000 00:23 24415979                   /usr/lib/fontconfig/cache/feeafda3627faad7596d025cfacea73f-le64.cache-9
7f11e800e000-7f11e802e000 rw-s 00000000 00:07 1383                       /dev/nvidiactl
7f11e802e000-7f11e806e000 rw-s 00000000 00:07 1383                       /dev/nvidiactl
7f11e806e000-7f11e886f000 rw-p 00000000 00:00 0 
7f11e886f000-7f11e8a00000 rw-p 00000000 00:00 0 
7f11e8a00000-7f11e8b71000 r-xp 00000000 00:23 42115659                   /usr/lib64/libstdc++.so.6.0.36
7f11e8b71000-7f11e8c9c000 r--p 00171000 00:23 42115659                   /usr/lib64/libstdc++.so.6.0.36
7f11e8c9c000-7f11e8cad000 r--p 0029c000 00:23 42115659                   /usr/lib64/libstdc++.so.6.0.36
7f11e8cad000-7f11e8cae000 rw-p 002ad000 00:23 42115659                   /usr/lib64/libstdc++.so.6.0.36
7f11e8cae000-7f11e8cb2000 rw-p 00000000 00:00 0 
7f11e8cb2000-7f11e8cb4000 r--s 00000000 00:23 24177994                   /usr/lib/fontconfig/cache/383aa4c3ea81d46e4a1459cd427fba23-le64.cache-9
7f11e8cb4000-7f11e8cd4000 rw-s 00000000 00:07 1383                       /dev/nvidiactl
7f11e8cd4000-7f11e8d9e000 rw-p 00000000 00:00 0 
7f11e8d9e000-7f11e8da2000 r--p 00000000 00:23 40425735                   /usr/lib64/libnvidia-allocator.so.580.173.02
7f11e8da2000-7f11e8dbb000 r-xp 00004000 00:23 40425735                   /usr/lib64/libnvidia-allocator.so.580.173.02
7f11e8dbb000-7f11e8dc6000 r--p 0001d000 00:23 40425735                   /usr/lib64/libnvidia-allocator.so.580.173.02
7f11e8dc6000-7f11e8dc7000 r--p 00027000 00:23 40425735                   /usr/lib64/libnvidia-allocator.so.580.173.02
7f11e8dc7000-7f11e8dc8000 rw-p 00028000 00:23 40425735                   /usr/lib64/libnvidia-allocator.so.580.173.02
7f11e8dc8000-7f11e8dca000 rw-p 00000000 00:00 0 
7f11e8dca000-7f11e8ddf000 r-xp 00000000 00:23 24127271                   /usr/lib64/libtinfo.so.6.6
7f11e8ddf000-7f11e8df2000 r--p 00015000 00:23 24127271                   /usr/lib64/libtinfo.so.6.6
7f11e8df2000-7f11e8df6000 r--p 00028000 00:23 24127271                   /usr/lib64/libtinfo.so.6.6
7f11e8df6000-7f11e8df7000 rw-p 0002c000 00:23 24127271                   /usr/lib64/libtinfo.so.6.6
7f11e8df7000-7f11e8e1a000 r-xp 00000000 00:23 36518859                   /usr/lib64/libedit.so.0.0.78
7f11e8e1a000-7f11e8e2d000 r--p 00023000 00:23 36518859                   /usr/lib64/libedit.so.0.0.78
7f11e8e2d000-7f11e8e30000 r--p 00035000 00:23 36518859                   /usr/lib64/libedit.so.0.0.78
7f11e8e30000-7f11e8e31000 rw-p 00038000 00:23 36518859                   /usr/lib64/libedit.so.0.0.78
7f11e8e31000-7f11e8e34000 rw-p 00000000 00:00 0 
7f11e8e34000-7f11e8f3c000 r-xp 00000000 00:23 24175775                   /usr/lib64/libSPIRV-Tools.so
7f11e8f3c000-7f11e8fcf000 r--p 00108000 00:23 24175775                   /usr/lib64/libSPIRV-Tools.so
7f11e8fcf000-7f11e8fd2000 r--p 0019b000 00:23 24175775                   /usr/lib64/libSPIRV-Tools.so
7f11e8fd2000-7f11e8fd3000 rw-p 0019e000 00:23 24175775                   /usr/lib64/libSPIRV-Tools.so
7f11e8fd3000-7f11e909c000 r-xp 00000000 00:23 24127971                   /usr/lib64/libzstd.so.1.5.7
7f11e909c000-7f11e90ba000 r--p 000c9000 00:23 24127971                   /usr/lib64/libzstd.so.1.5.7
7f11e90ba000-7f11e90bc000 r--p 000e6000 00:23 24127971                   /usr/lib64/libzstd.so.1.5.7
7f11e90bc000-7f11e90bd000 rw-p 00000000 00:00 0 
7f11e90bd000-7f11e90f1000 r--p 00000000 00:23 40425727                   /usr/lib64/libEGL_nvidia.so.580.173.02
7f11e90f1000-7f11e9188000 r-xp 00034000 00:23 40425727                   /usr/lib64/libEGL_nvidia.so.580.173.02
7f11e9188000-7f11e91dc000 r--p 000cb000 00:23 40425727                   /usr/lib64/libEGL_nvidia.so.580.173.02
7f11e91dc000-7f11e91dd000 ---p 0011f000 00:23 40425727                   /usr/lib64/libEGL_nvidia.so.580.173.02
7f11e91dd000-7f11e91e5000 r--p 0011f000 00:23 40425727                   /usr/lib64/libEGL_nvidia.so.580.173.02
7f11e91e5000-7f11e91fb000 rw-p 00127000 00:23 40425727                   /usr/lib64/libEGL_nvidia.so.580.173.02
7f11e91fb000-7f11e9200000 rw-p 00000000 00:00 0 
7f11e9200000-7f11e9550000 r-xp 00000000 00:23 40496391                   /usr/lib64/libglycin-2.so.0
7f11e9550000-7f11e960b000 r--p 00350000 00:23 40496391                   /usr/lib64/libglycin-2.so.0
7f11e960b000-7f11e9624000 r--p 0040a000 00:23 40496391                   /usr/lib64/libglycin-2.so.0
7f11e9624000-7f11e9627000 rw-p 00423000 00:23 40496391                   /usr/lib64/libglycin-2.so.0
7f11e9627000-7f11e9629000 r--s 00000000 00:23 24177992                   /usr/lib/fontconfig/cache/cc4435afd06e20625c417ffcddec4f51-le64.cache-9
7f11e9629000-7f11e962c000 r--s 00000000 00:23 24177984                   /usr/lib/fontconfig/cache/18f520a508f13854f77176faf7889ae9-le64.cache-9
7f11e962c000-7f11e962f000 r--s 00000000 00:23 24177982                   /usr/lib/fontconfig/cache/3196f05a030874ca00722cbf1e991434-le64.cache-9
7f11e962f000-7f11e9632000 r--s 00000000 00:23 24415977                   /usr/lib/fontconfig/cache/a11fef9c6b59ddb48eba670bb9bf2c6a-le64.cache-9
7f11e9632000-7f11e9637000 r--s 00000000 00:23 24180446                   /usr/lib/fontconfig/cache/beeeeb3dfe132a8a0633a017c99ce0c0-le64.cache-9
7f11e9637000-7f11e963a000 rw-s 00000000 00:07 1383                       /dev/nvidiactl
7f11e963a000-7f11e9640000 r-xp 00000000 00:23 24174617                   /usr/lib64/libpciaccess.so.0.11.1
7f11e9640000-7f11e9643000 r--p 00006000 00:23 24174617                   /usr/lib64/libpciaccess.so.0.11.1
7f11e9643000-7f11e9644000 r--p 00009000 00:23 24174617                   /usr/lib64/libpciaccess.so.0.11.1
7f11e9644000-7f11e9645000 rw-p 00000000 00:00 0 
7f11e9645000-7f11e965d000 r-xp 00000000 00:23 39381864                   /usr/lib64/libdrm_intel.so.1.134.0
7f11e965d000-7f11e9669000 r--p 00018000 00:23 39381864                   /usr/lib64/libdrm_intel.so.1.134.0
7f11e9669000-7f11e966a000 r--p 00023000 00:23 39381864                   /usr/lib64/libdrm_intel.so.1.134.0
7f11e966a000-7f11e966b000 rw-p 00024000 00:23 39381864                   /usr/lib64/libdrm_intel.so.1.134.0
7f11e966b000-7f11e9672000 r-xp 00000000 00:23 39381862                   /usr/lib64/libdrm_amdgpu.so.1.134.0
7f11e9672000-7f11e9677000 r--p 00007000 00:23 39381862                   /usr/lib64/libdrm_amdgpu.so.1.134.0
7f11e9677000-7f11e9678000 r--p 0000b000 00:23 39381862                   /usr/lib64/libdrm_amdgpu.so.1.134.0
7f11e9678000-7f11e9679000 rw-p 00000000 00:00 0 
7f11e9679000-7f11e968d000 r-xp 00000000 00:23 42344554                   /usr/lib64/libelf-0.196.so
7f11e968d000-7f11e9694000 r--p 00014000 00:23 42344554                   /usr/lib64/libelf-0.196.so
7f11e9694000-7f11e9695000 r--p 0001b000 00:23 42344554                   /usr/lib64/libelf-0.196.so
7f11e9695000-7f11e9696000 rw-p 00000000 00:00 0 
7f11e9696000-7f11e9699000 r-xp 00000000 00:23 24131022                   /usr/lib64/libxcb-sync.so.1.0.0
7f11e9699000-7f11e969c000 r--p 00003000 00:23 24131022                   /usr/lib64/libxcb-sync.so.1.0.0
7f11e969c000-7f11e969d000 r--p 00006000 00:23 24131022                   /usr/lib64/libxcb-sync.so.1.0.0
7f11e969d000-7f11e969e000 rw-p 00007000 00:23 24131022                   /usr/lib64/libxcb-sync.so.1.0.0
7f11e969e000-7f11e96a6000 r-xp 00000000 00:23 24174677                   /usr/lib64/libsensors.so.4.5.0
7f11e96a6000-7f11e96ab000 r--p 00008000 00:23 24174677                   /usr/lib64/libsensors.so.4.5.0
7f11e96ab000-7f11e96ac000 r--p 0000d000 00:23 24174677                   /usr/lib64/libsensors.so.4.5.0
7f11e96ac000-7f11e96ad000 rw-p 0000e000 00:23 24174677                   /usr/lib64/libsensors.so.4.5.0
7f11e96ad000-7f11e96e9000 r-xp 00000000 00:23 42351339                   /usr/lib64/libEGL_mesa.so.0.0.0
7f11e96e9000-7f11e9701000 r--p 0003c000 00:23 42351339                   /usr/lib64/libEGL_mesa.so.0.0.0
7f11e9701000-7f11e970e000 r--p 00053000 00:23 42351339                   /usr/lib64/libEGL_mesa.so.0.0.0
7f11e970e000-7f11e970f000 rw-p 00060000 00:23 42351339                   /usr/lib64/libEGL_mesa.so.0.0.0
7f11e970f000-7f11e9710000 rw-p 00000000 00:00 0 
7f11e9710000-7f11e9800000 rw-s 00000000 00:01 26628                      /memfd:wayland-cursor (deleted)
7f11e9800000-7f11e9bd8000 r-xp 00000000 00:23 40997171                   /usr/lib64/libgtk-3.so.0.2420.32
7f11e9bd8000-7f11e9f27000 r--p 003d8000 00:23 40997171                   /usr/lib64/libgtk-3.so.0.2420.32
7f11e9f27000-7f11e9f3a000 r--p 00726000 00:23 40997171                   /usr/lib64/libgtk-3.so.0.2420.32
7f11e9f3a000-7f11e9f3c000 rw-p 00739000 00:23 40997171                   /usr/lib64/libgtk-3.so.0.2420.32
7f11e9f3c000-7f11e9f41000 rw-p 00000000 00:00 0 
7f11e9f41000-7f11e9f42000 r--s 00000000 00:23 24415987                   /usr/lib/fontconfig/cache/a1059391c956b3cbc42a78cac70f430a-le64.cache-9
7f11e9f42000-7f11e9f43000 r-xp 00000000 00:23 24174672                   /usr/lib64/libxshmfence.so.1.0.0
7f11e9f43000-7f11e9f44000 r--p 00001000 00:23 24174672                   /usr/lib64/libxshmfence.so.1.0.0
7f11e9f44000-7f11e9f45000 r--p 00001000 00:23 24174672                   /usr/lib64/libxshmfence.so.1.0.0
7f11e9f45000-7f11e9f46000 rw-p 00002000 00:23 24174672                   /usr/lib64/libxshmfence.so.1.0.0
7f11e9f46000-7f11e9f49000 r-xp 00000000 00:23 24131026                   /usr/lib64/libxcb-xfixes.so.0.0.0
7f11e9f49000-7f11e9f4d000 r--p 00003000 00:23 24131026                   /usr/lib64/libxcb-xfixes.so.0.0.0
7f11e9f4d000-7f11e9f4e000 r--p 00007000 00:23 24131026                   /usr/lib64/libxcb-xfixes.so.0.0.0
7f11e9f4e000-7f11e9f4f000 rw-p 00008000 00:23 24131026                   /usr/lib64/libxcb-xfixes.so.0.0.0
7f11e9f4f000-7f11e9f55000 r-xp 00000000 00:23 24131008                   /usr/lib64/libxcb-randr.so.0.1.0
7f11e9f55000-7f11e9f5f000 r--p 00006000 00:23 24131008                   /usr/lib64/libxcb-randr.so.0.1.0
7f11e9f5f000-7f11e9f60000 r--p 00010000 00:23 24131008                   /usr/lib64/libxcb-randr.so.0.1.0
7f11e9f60000-7f11e9f61000 rw-p 00011000 00:23 24131008                   /usr/lib64/libxcb-randr.so.0.1.0
7f11e9f61000-7f11e9f62000 r-xp 00000000 00:23 24130341                   /usr/lib64/libX11-xcb.so.1.0.0
7f11e9f62000-7f11e9f63000 r--p 00001000 00:23 24130341                   /usr/lib64/libX11-xcb.so.1.0.0
7f11e9f63000-7f11e9f64000 r--p 00001000 00:23 24130341                   /usr/lib64/libX11-xcb.so.1.0.0
7f11e9f64000-7f11e9f65000 rw-p 00000000 00:00 0 
7f11e9f65000-7f11e9f71000 r-xp 00000000 00:23 24948682                   /usr/lib64/libnvidia-egl-xlib.so.1.0.5
7f11e9f71000-7f11e9f77000 r--p 0000c000 00:23 24948682                   /usr/lib64/libnvidia-egl-xlib.so.1.0.5
7f11e9f77000-7f11e9f78000 r--p 00012000 00:23 24948682                   /usr/lib64/libnvidia-egl-xlib.so.1.0.5
7f11e9f78000-7f11e9f79000 rw-p 00013000 00:23 24948682                   /usr/lib64/libnvidia-egl-xlib.so.1.0.5
7f11e9f79000-7f11e9f7b000 r-xp 00000000 00:23 24131002                   /usr/lib64/libxcb-dri3.so.0.1.0
7f11e9f7b000-7f11e9f7d000 r--p 00002000 00:23 24131002                   /usr/lib64/libxcb-dri3.so.0.1.0
7f11e9f7d000-7f11e9f7e000 r--p 00004000 00:23 24131002                   /usr/lib64/libxcb-dri3.so.0.1.0
7f11e9f7e000-7f11e9f7f000 rw-p 00005000 00:23 24131002                   /usr/lib64/libxcb-dri3.so.0.1.0
7f11e9f7f000-7f11e9f8b000 r-xp 00000000 00:23 24948680                   /usr/lib64/libnvidia-egl-xcb.so.1.0.5
7f11e9f8b000-7f11e9f91000 r--p 0000c000 00:23 24948680                   /usr/lib64/libnvidia-egl-xcb.so.1.0.5
7f11e9f91000-7f11e9f92000 r--p 00012000 00:23 24948680                   /usr/lib64/libnvidia-egl-xcb.so.1.0.5
7f11e9f92000-7f11e9f93000 rw-p 00013000 00:23 24948680                   /usr/lib64/libnvidia-egl-xcb.so.1.0.5
7f11e9f93000-7f11e9f9d000 r-xp 00000000 00:23 40410867                   /usr/lib64/libwayland-server.so.0.25.0
7f11e9f9d000-7f11e9fa5000 r--p 0000a000 00:23 40410867                   /usr/lib64/libwayland-server.so.0.25.0
7f11e9fa5000-7f11e9fa7000 r--p 00012000 00:23 40410867                   /usr/lib64/libwayland-server.so.0.25.0
7f11e9fa7000-7f11e9fa8000 rw-p 00014000 00:23 40410867                   /usr/lib64/libwayland-server.so.0.25.0
7f11e9fa8000-7f11e9fb3000 r-xp 00000000 00:23 24948692                   /usr/lib64/libnvidia-egl-wayland.so.1.1.21
7f11e9fb3000-7f11e9fb9000 r--p 0000b000 00:23 24948692                   /usr/lib64/libnvidia-egl-wayland.so.1.1.21
7f11e9fb9000-7f11e9fbb000 r--p 00010000 00:23 24948692                   /usr/lib64/libnvidia-egl-wayland.so.1.1.21
7f11e9fbb000-7f11e9fbc000 rw-p 00012000 00:23 24948692                   /usr/lib64/libnvidia-egl-wayland.so.1.1.21
7f11e9fbc000-7f11e9fdd000 r-xp 00000000 00:23 42482897                   /usr/lib64/libexpat.so.1.12.3
7f11e9fdd000-7f11e9fe7000 r--p 00021000 00:23 42482897                   /usr/lib64/libexpat.so.1.12.3
7f11e9fe7000-7f11e9fe9000 r--p 0002b000 00:23 42482897                   /usr/lib64/libexpat.so.1.12.3
7f11e9fe9000-7f11e9fea000 rw-p 00000000 00:00 0 
7f11e9fea000-7f11e9ff6000 r-xp 00000000 00:23 39381860                   /usr/lib64/libdrm.so.2.134.0
7f11e9ff6000-7f11e9ffe000 r--p 0000c000 00:23 39381860                   /usr/lib64/libdrm.so.2.134.0
7f11e9ffe000-7f11e9fff000 r--p 00014000 00:23 39381860                   /usr/lib64/libdrm.so.2.134.0
7f11e9fff000-7f11ea000000 rw-p 00000000 00:00 0 
7f11ea000000-7f11f7e92000 r--p 00000000 00:23 41466879                   /usr/lib/locale/locale-archive
7f11f7e92000-7f11f7e93000 r--s 00000000 00:23 24178000                   /usr/lib/fontconfig/cache/aa02322cc1375fea2382deabf4339973-le64.cache-9
7f11f7e93000-7f11f7e94000 r--s 00000000 00:23 24415983                   /usr/lib/fontconfig/cache/0f80fa86029ae75a63f21d682b864529-le64.cache-9
7f11f7e94000-7f11f7ea4000 r--p 00000000 00:23 40425743                   /usr/lib64/libnvidia-glsi.so.580.173.02
7f11f7ea4000-7f11f7f04000 r-xp 00010000 00:23 40425743                   /usr/lib64/libnvidia-glsi.so.580.173.02
7f11f7f04000-7f11f7f21000 r--p 00070000 00:23 40425743                   /usr/lib64/libnvidia-glsi.so.580.173.02
7f11f7f21000-7f11f7f27000 r--p 0008c000 00:23 40425743                   /usr/lib64/libnvidia-glsi.so.580.173.02
7f11f7f27000-7f11f7f28000 rw-p 00092000 00:23 40425743                   /usr/lib64/libnvidia-glsi.so.580.173.02
7f11f7f28000-7f11f7f30000 rw-p 00000000 00:00 0 
7f11f7f30000-7f11f8000000 rw-s 00000000 00:01 26627                      /memfd:wayland-cursor (deleted)
7f11f8000000-7f11f8190000 rw-p 00000000 00:00 0 
7f11f8190000-7f11f8400000 ---p 00000000 00:00 0 
7f11f8400000-7f11f8540000 rw-p 00000000 00:00 0 
7f11f8540000-7f11f85f0000 rw-p 00000000 00:00 0 
7f11f85f0000-7f11fc000000 ---p 00000000 00:00 0 
7f11fc000000-7f11fc021000 rw-p 00000000 00:00 0 
7f11fc021000-7f1200000000 ---p 00000000 00:00 0 
7f1200000000-7f1200021000 rw-p 00000000 00:00 0 
7f1200021000-7f1204000000 ---p 00000000 00:00 0 
7f1204000000-7f1204021000 rw-p 00000000 00:00 0 
7f1204021000-7f1208000000 ---p 00000000 00:00 0 
7f1208000000-7f1208021000 rw-p 00000000 00:00 0 
7f1208021000-7f120c000000 ---p 00000000 00:00 0 
7f120c000000-7f120c021000 rw-p 00000000 00:00 0 
7f120c021000-7f1210000000 ---p 00000000 00:00 0 
7f1210000000-7f1210021000 rw-p 00000000 00:00 0 
7f1210021000-7f1214000000 ---p 00000000 00:00 0 
7f1214000000-7f1214021000 rw-p 00000000 00:00 0 
7f1214021000-7f1218000000 ---p 00000000 00:00 0 
7f1218000000-7f1218002000 rw-s 00000000 00:01 23327                      /memfd:/.glXXXXXX (deleted)
7f1218002000-7f1218003000 r-xp 00000000 00:23 24131006                   /usr/lib64/libxcb-present.so.0.0.0
7f1218003000-7f1218005000 r--p 00001000 00:23 24131006                   /usr/lib64/libxcb-present.so.0.0.0
7f1218005000-7f1218006000 r--p 00002000 00:23 24131006                   /usr/lib64/libxcb-present.so.0.0.0
7f1218006000-7f1218007000 rw-p 00003000 00:23 24131006                   /usr/lib64/libxcb-present.so.0.0.0
7f1218007000-7f121800a000 r-xp 00000000 00:23 24948703                   /usr/lib64/libnvidia-egl-gbm.so.1.1.3
7f121800a000-7f121800c000 r--p 00003000 00:23 24948703                   /usr/lib64/libnvidia-egl-gbm.so.1.1.3
7f121800c000-7f121800d000 r--p 00005000 00:23 24948703                   /usr/lib64/libnvidia-egl-gbm.so.1.1.3
7f121800d000-7f121800e000 rw-p 00000000 00:00 0 
7f121800e000-7f1218010000 r-xp 00000000 00:23 42344643                   /usr/lib64/libgbm.so.1.0.0
7f1218010000-7f1218012000 r--p 00002000 00:23 42344643                   /usr/lib64/libgbm.so.1.0.0
7f1218012000-7f1218013000 r--p 00003000 00:23 42344643                   /usr/lib64/libgbm.so.1.0.0
7f1218013000-7f1218014000 rw-p 00004000 00:23 42344643                   /usr/lib64/libgbm.so.1.0.0
7f1218014000-7f1218015000 rw-s 00000000 00:07 1383                       /dev/nvidiactl
7f1218015000-7f1218019000 rw-s 00000000 00:07 1383                       /dev/nvidiactl
7f1218019000-7f121802c000 rw-s 00000000 00:07 1383                       /dev/nvidiactl
7f121802c000-7f121802e000 rw-s 00000000 00:07 1383                       /dev/nvidiactl
7f121802e000-7f1218032000 rw-s 00000000 00:07 1383                       /dev/nvidiactl
7f1218032000-7f1218071000 r-xp 00000000 00:23 24174608                   /usr/lib64/libGLdispatch.so.0.0.0
7f1218071000-7f1218085000 r--p 0003f000 00:23 24174608                   /usr/lib64/libGLdispatch.so.0.0.0
7f1218085000-7f12180a1000 r--p 00053000 00:23 24174608                   /usr/lib64/libGLdispatch.so.0.0.0
7f12180a1000-7f12180a2000 rw-p 0006f000 00:23 24174608                   /usr/lib64/libGLdispatch.so.0.0.0
7f12180a2000-7f12180aa000 rw-p 00000000 00:00 0 
7f12180aa000-7f12180b9000 r-xp 00000000 00:23 40882361                   /usr/lib64/libseccomp.so.2.6.1
7f12180b9000-7f12180d4000 r--p 0000f000 00:23 40882361                   /usr/lib64/libseccomp.so.2.6.1
7f12180d4000-7f12180d5000 r--p 00029000 00:23 40882361                   /usr/lib64/libseccomp.so.2.6.1
7f12180d5000-7f12180d6000 rw-p 0002a000 00:23 40882361                   /usr/lib64/libseccomp.so.2.6.1
7f12180d6000-7f121811e000 r-xp 00000000 00:23 24128047                   /usr/lib64/liblcms2.so.2.0.16
7f121811e000-7f121813a000 r--p 00048000 00:23 24128047                   /usr/lib64/liblcms2.so.2.0.16
7f121813a000-7f121813d000 r--p 00063000 00:23 24128047                   /usr/lib64/liblcms2.so.2.0.16
7f121813d000-7f1218140000 rw-p 00066000 00:23 24128047                   /usr/lib64/liblcms2.so.2.0.16
7f1218140000-7f1218141000 rw-p 00000000 00:00 0 
7f1218141000-7f1218285000 r-xp 00000000 00:23 41781050                   /usr/lib64/libsqlite3.so.3.51.2
7f1218285000-7f12182c4000 r--p 00144000 00:23 41781050                   /usr/lib64/libsqlite3.so.3.51.2
7f12182c4000-7f12182c8000 r--p 00182000 00:23 41781050                   /usr/lib64/libsqlite3.so.3.51.2
7f12182c8000-7f12182cc000 rw-p 00186000 00:23 41781050                   /usr/lib64/libsqlite3.so.3.51.2
7f12182cc000-7f12182cd000 rw-p 00000000 00:00 0 
7f12182cd000-7f12182e6000 r-xp 00000000 00:23 24172081                   /usr/lib64/libjson-glib-1.0.so.0.1000.8
7f12182e6000-7f12182f7000 r--p 00019000 00:23 24172081                   /usr/lib64/libjson-glib-1.0.so.0.1000.8
7f12182f7000-7f12182f8000 r--p 0002a000 00:23 24172081                   /usr/lib64/libjson-glib-1.0.so.0.1000.8
7f12182f8000-7f12182f9000 rw-p 00000000 00:00 0 
7f12182f9000-7f1218317000 r-xp 00000000 00:23 41390016                   /usr/lib64/libatspi.so.0.0.1
7f1218317000-7f1218332000 r--p 0001e000 00:23 41390016                   /usr/lib64/libatspi.so.0.0.1
7f1218332000-7f1218336000 r--p 00039000 00:23 41390016                   /usr/lib64/libatspi.so.0.0.1
7f1218336000-7f1218337000 rw-p 0003d000 00:23 41390016                   /usr/lib64/libatspi.so.0.0.1
7f1218337000-7f1218338000 r-xp 00000000 00:23 24131094                   /usr/lib64/libXinerama.so.1.0.0
7f1218338000-7f1218339000 r--p 00001000 00:23 24131094                   /usr/lib64/libXinerama.so.1.0.0
7f1218339000-7f121833a000 r--p 00001000 00:23 24131094                   /usr/lib64/libXinerama.so.1.0.0
7f121833a000-7f121833b000 rw-p 00002000 00:23 24131094                   /usr/lib64/libXinerama.so.1.0.0
7f121833b000-7f1218343000 r-xp 00000000 00:23 24131081                   /usr/lib64/libXrandr.so.2.2.0
7f1218343000-7f1218346000 r--p 00008000 00:23 24131081                   /usr/lib64/libXrandr.so.2.2.0
7f1218346000-7f1218347000 r--p 0000b000 00:23 24131081                   /usr/lib64/libXrandr.so.2.2.0
7f1218347000-7f1218348000 rw-p 0000c000 00:23 24131081                   /usr/lib64/libXrandr.so.2.2.0
7f1218348000-7f1218349000 r-xp 00000000 00:23 24131216                   /usr/lib64/libXcomposite.so.1.0.0
7f1218349000-7f121834a000 r--p 00001000 00:23 24131216                   /usr/lib64/libXcomposite.so.1.0.0
7f121834a000-7f121834b000 r--p 00001000 00:23 24131216                   /usr/lib64/libXcomposite.so.1.0.0
7f121834b000-7f121834c000 rw-p 00000000 00:00 0 
7f121834c000-7f1218353000 r-xp 00000000 00:23 24131086                   /usr/lib64/libXcursor.so.1.0.2
7f1218353000-7f1218357000 r--p 00007000 00:23 24131086                   /usr/lib64/libXcursor.so.1.0.2
7f1218357000-7f1218358000 r--p 0000b000 00:23 24131086                   /usr/lib64/libXcursor.so.1.0.2
7f1218358000-7f1218359000 rw-p 00000000 00:00 0 
7f1218359000-7f121835d000 r-xp 00000000 00:23 24131056                   /usr/lib64/libXfixes.so.3.1.0
7f121835d000-7f121835f000 r--p 00004000 00:23 24131056                   /usr/lib64/libXfixes.so.3.1.0
7f121835f000-7f1218360000 r--p 00006000 00:23 24131056                   /usr/lib64/libXfixes.so.3.1.0
7f1218360000-7f1218361000 rw-p 00007000 00:23 24131056                   /usr/lib64/libXfixes.so.3.1.0
7f1218361000-7f12183e7000 r-xp 00000000 00:23 24179359                   /usr/lib64/libtinysparql-3.0.so.0.1101.0
7f12183e7000-7f121842e000 r--p 00086000 00:23 24179359                   /usr/lib64/libtinysparql-3.0.so.0.1101.0
7f121842e000-7f121843d000 r--p 000cc000 00:23 24179359                   /usr/lib64/libtinysparql-3.0.so.0.1101.0
7f121843d000-7f121843e000 rw-p 000db000 00:23 24179359                   /usr/lib64/libtinysparql-3.0.so.0.1101.0
7f121843e000-7f121844a000 r-xp 00000000 00:23 24184266                   /usr/lib64/libcloudproviders.so.0.4.0
7f121844a000-7f1218455000 r--p 0000c000 00:23 24184266                   /usr/lib64/libcloudproviders.so.0.4.0
7f1218455000-7f1218456000 r--p 00017000 00:23 24184266                   /usr/lib64/libcloudproviders.so.0.4.0
7f1218456000-7f1218457000 rw-p 00018000 00:23 24184266                   /usr/lib64/libcloudproviders.so.0.4.0
7f1218457000-7f1218473000 r-xp 00000000 00:23 41414386                   /usr/lib64/libatk-bridge-2.0.so.0.0.0
7f1218473000-7f1218491000 r--p 0001c000 00:23 41414386                   /usr/lib64/libatk-bridge-2.0.so.0.0.0
7f1218491000-7f1218493000 r--p 00039000 00:23 41414386                   /usr/lib64/libatk-bridge-2.0.so.0.0.0
7f1218493000-7f1218495000 rw-p 0003b000 00:23 41414386                   /usr/lib64/libatk-bridge-2.0.so.0.0.0
7f1218495000-7f12184a2000 r-xp 00000000 00:23 38922608                   /usr/lib64/libXi.so.6.1.0
7f12184a2000-7f12184a6000 r--p 0000d000 00:23 38922608                   /usr/lib64/libXi.so.6.1.0
7f12184a6000-7f12184a7000 r--p 00011000 00:23 38922608                   /usr/lib64/libXi.so.6.1.0
7f12184a7000-7f12184a8000 rw-p 00012000 00:23 38922608                   /usr/lib64/libXi.so.6.1.0
7f12184a8000-7f1218516000 r-xp 00000000 00:23 24128305                   /usr/lib64/libepoxy.so.0.0.0
7f1218516000-7f12185a6000 r--p 0006e000 00:23 24128305                   /usr/lib64/libepoxy.so.0.0.0
7f12185a6000-7f12185ae000 r--p 000fe000 00:23 24128305                   /usr/lib64/libepoxy.so.0.0.0
7f12185ae000-7f12185b5000 rw-p 00106000 00:23 24128305                   /usr/lib64/libepoxy.so.0.0.0
7f12185b5000-7f12185c6000 r-xp 00000000 00:23 41390136                   /usr/lib64/libatk-1.0.so.0.26015.1
7f12185c6000-7f12185d8000 r--p 00011000 00:23 41390136                   /usr/lib64/libatk-1.0.so.0.26015.1
7f12185d8000-7f12185db000 r--p 00022000 00:23 41390136                   /usr/lib64/libatk-1.0.so.0.26015.1
7f12185db000-7f12185dc000 rw-p 00025000 00:23 41390136                   /usr/lib64/libatk-1.0.so.0.26015.1
7f12185dc000-7f12185f9000 r-xp 00000000 00:23 24221980                   /usr/lib64/libgdk_pixbuf-2.0.so.0.4400.4
7f12185f9000-7f1218609000 r--p 0001d000 00:23 24221980                   /usr/lib64/libgdk_pixbuf-2.0.so.0.4400.4
7f1218609000-7f121860b000 r--p 0002c000 00:23 24221980                   /usr/lib64/libgdk_pixbuf-2.0.so.0.4400.4
7f121860b000-7f121860c000 rw-p 0002e000 00:23 24221980                   /usr/lib64/libgdk_pixbuf-2.0.so.0.4400.4
7f121860c000-7f121869d000 r-xp 00000000 00:23 40997169                   /usr/lib64/libgdk-3.so.0.2420.32
7f121869d000-7f1218701000 r--p 00091000 00:23 40997169                   /usr/lib64/libgdk-3.so.0.2420.32
7f1218701000-7f121870b000 r--p 000f5000 00:23 40997169                   /usr/lib64/libgdk-3.so.0.2420.32
7f121870b000-7f121870d000 rw-p 000ff000 00:23 40997169                   /usr/lib64/libgdk-3.so.0.2420.32
7f121870d000-7f121870e000 rw-s 00000000 00:07 1387                       /dev/nvidia1
7f121870e000-7f121871b000 r-xp 00000000 00:23 24346793                   /usr/lib64/libnvidia-egl-wayland2.so.1.0.1
7f121871b000-7f1218721000 r--p 0000d000 00:23 24346793                   /usr/lib64/libnvidia-egl-wayland2.so.1.0.1
7f1218721000-7f1218723000 r--p 00012000 00:23 24346793                   /usr/lib64/libnvidia-egl-wayland2.so.1.0.1
7f1218723000-7f1218724000 rw-p 00014000 00:23 24346793                   /usr/lib64/libnvidia-egl-wayland2.so.1.0.1
7f1218724000-7f121872b000 r--s 00000000 00:23 41505201                   /usr/lib64/gconv/gconv-modules.cache
7f121872b000-7f121872c000 r-xp 00000000 00:23 24130741                   /usr/lib64/libbrotlicommon.so.1.2.0
7f121872c000-7f121874c000 r--p 00001000 00:23 24130741                   /usr/lib64/libbrotlicommon.so.1.2.0
7f121874c000-7f121874d000 r--p 00020000 00:23 24130741                   /usr/lib64/libbrotlicommon.so.1.2.0
7f121874d000-7f121874e000 rw-p 00000000 00:00 0 
7f121874e000-7f1218776000 r-xp 00000000 00:23 40041650                   /usr/lib64/libblkid.so.1.1.0
7f1218776000-7f1218784000 r--p 00028000 00:23 40041650                   /usr/lib64/libblkid.so.1.1.0
7f1218784000-7f121878a000 r--p 00036000 00:23 40041650                   /usr/lib64/libblkid.so.1.1.0
7f121878a000-7f121878b000 rw-p 0003c000 00:23 40041650                   /usr/lib64/libblkid.so.1.1.0
7f121878b000-7f12187b0000 r-xp 00000000 00:23 24128010                   /usr/lib64/liblzma.so.5.8.2
7f12187b0000-7f12187bf000 r--p 00025000 00:23 24128010                   /usr/lib64/liblzma.so.5.8.2
7f12187bf000-7f12187c0000 r--p 00033000 00:23 24128010                   /usr/lib64/liblzma.so.5.8.2
7f12187c0000-7f12187c1000 rw-p 00034000 00:23 24128010                   /usr/lib64/liblzma.so.5.8.2
7f12187c1000-7f12187e5000 r-xp 00000000 00:23 42115649                   /usr/lib64/libgcc_s-16-20260819.so.1
7f12187e5000-7f12187ec000 r--p 00024000 00:23 42115649                   /usr/lib64/libgcc_s-16-20260819.so.1
7f12187ec000-7f12187ed000 r--p 0002b000 00:23 42115649                   /usr/lib64/libgcc_s-16-20260819.so.1
7f12187ed000-7f12187ee000 rw-p 00000000 00:00 0 
7f12187ee000-7f12187f0000 r-xp 00000000 00:23 24130960                   /usr/lib64/libXau.so.6.0.0
7f12187f0000-7f12187f1000 r--p 00002000 00:23 24130960                   /usr/lib64/libXau.so.6.0.0
7f12187f1000-7f12187f2000 r--p 00003000 00:23 24130960                   /usr/lib64/libXau.so.6.0.0
7f12187f2000-7f12187f3000 rw-p 00000000 00:00 0 
7f12187f3000-7f12187fc000 r-xp 00000000 00:23 24130743                   /usr/lib64/libbrotlidec.so.1.2.0
7f12187fc000-7f1218800000 r--p 00009000 00:23 24130743                   /usr/lib64/libbrotlidec.so.1.2.0
7f1218800000-7f1218801000 r--p 0000c000 00:23 24130743                   /usr/lib64/libbrotlidec.so.1.2.0
7f1218801000-7f1218802000 rw-p 00000000 00:00 0 
7f1218802000-7f1218811000 r-xp 00000000 00:23 24128036                   /usr/lib64/libbz2.so.1.0.8
7f1218811000-7f1218814000 r--p 0000f000 00:23 24128036                   /usr/lib64/libbz2.so.1.0.8
7f1218814000-7f1218815000 r--p 00011000 00:23 24128036                   /usr/lib64/libbz2.so.1.0.8
7f1218815000-7f1218816000 rw-p 00012000 00:23 24128036                   /usr/lib64/libbz2.so.1.0.8
7f1218816000-7f121881b000 r-xp 00000000 00:23 24221935                   /usr/lib64/libdatrie.so.1.4.1
7f121881b000-7f121881d000 r--p 00005000 00:23 24221935                   /usr/lib64/libdatrie.so.1.4.1
7f121881d000-7f121881e000 r--p 00007000 00:23 24221935                   /usr/lib64/libdatrie.so.1.4.1
7f121881e000-7f121881f000 rw-p 00000000 00:00 0 
7f121881f000-7f1218841000 r-xp 00000000 00:23 41362775                   /usr/lib64/libselinux.so.1
7f1218841000-7f121884f000 r--p 00022000 00:23 41362775                   /usr/lib64/libselinux.so.1
7f121884f000-7f1218850000 r--p 00030000 00:23 41362775                   /usr/lib64/libselinux.so.1
7f1218850000-7f1218851000 rw-p 00031000 00:23 41362775                   /usr/lib64/libselinux.so.1
7f1218851000-7f1218853000 rw-p 00000000 00:00 0 
7f1218853000-7f1218891000 r-xp 00000000 00:23 40041655                   /usr/lib64/libmount.so.1.1.0
7f1218891000-7f12188aa000 r--p 0003e000 00:23 40041655                   /usr/lib64/libmount.so.1.1.0
7f12188aa000-7f12188ac000 r--p 00057000 00:23 40041655                   /usr/lib64/libmount.so.1.1.0
7f12188ac000-7f12188ad000 rw-p 00059000 00:23 40041655                   /usr/lib64/libmount.so.1.1.0
7f12188ad000-7f12188af000 r-xp 00000000 00:23 41389627                   /usr/lib64/libgmodule-2.0.so.0.8800.3
7f12188af000-7f12188b1000 r--p 00002000 00:23 41389627                   /usr/lib64/libgmodule-2.0.so.0.8800.3
7f12188b1000-7f12188b2000 r--p 00003000 00:23 41389627                   /usr/lib64/libgmodule-2.0.so.0.8800.3
7f12188b2000-7f12188b3000 rw-p 00004000 00:23 41389627                   /usr/lib64/libgmodule-2.0.so.0.8800.3
7f12188b3000-7f12189af000 r-xp 00000000 00:23 24128019                   /usr/lib64/libxml2.so.2.12.10
7f12189af000-7f1218a15000 r--p 000fc000 00:23 24128019                   /usr/lib64/libxml2.so.2.12.10
7f1218a15000-7f1218a20000 r--p 00161000 00:23 24128019                   /usr/lib64/libxml2.so.2.12.10
7f1218a20000-7f1218a21000 rw-p 0016c000 00:23 24128019                   /usr/lib64/libxml2.so.2.12.10
7f1218a21000-7f1218a22000 rw-p 00000000 00:00 0 
7f1218a22000-7f1218a3a000 r-xp 00000000 00:23 24177806                   /usr/lib64/libgraphite2.so.3.2.1
7f1218a3a000-7f1218a3f000 r--p 00018000 00:23 24177806                   /usr/lib64/libgraphite2.so.3.2.1
7f1218a3f000-7f1218a41000 r--p 0001c000 00:23 24177806                   /usr/lib64/libgraphite2.so.3.2.1
7f1218a41000-7f1218a42000 rw-p 00000000 00:00 0 
7f1218a42000-7f1218ac3000 r-xp 00000000 00:23 24128431                   /usr/lib64/libpcre2-8.so.0.15.0
7f1218ac3000-7f1218af1000 r--p 00081000 00:23 24128431                   /usr/lib64/libpcre2-8.so.0.15.0
7f1218af1000-7f1218af2000 r--p 000ae000 00:23 24128431                   /usr/lib64/libpcre2-8.so.0.15.0
7f1218af2000-7f1218af3000 rw-p 000af000 00:23 24128431                   /usr/lib64/libpcre2-8.so.0.15.0
7f1218af3000-7f1218bc3000 r-xp 00000000 00:23 41038654                   /usr/lib64/libsystemd.so.0.42.0
7f1218bc3000-7f1218c21000 r--p 000d0000 00:23 41038654                   /usr/lib64/libsystemd.so.0.42.0
7f1218c21000-7f1218c2a000 r--p 0012d000 00:23 41038654                   /usr/lib64/libsystemd.so.0.42.0
7f1218c2a000-7f1218c2b000 rw-p 00136000 00:23 41038654                   /usr/lib64/libsystemd.so.0.42.0
7f1218c2b000-7f1218c2c000 rw-p 00000000 00:00 0 
7f1218c2c000-7f1218cbf000 r-xp 00000000 00:23 24128426                   /usr/lib64/libpixman-1.so.0.46.2
7f1218cbf000-7f1218cd4000 r--p 00093000 00:23 24128426                   /usr/lib64/libpixman-1.so.0.46.2
7f1218cd4000-7f1218cdc000 r--p 000a8000 00:23 24128426                   /usr/lib64/libpixman-1.so.0.46.2
7f1218cdc000-7f1218cdd000 rw-p 000b0000 00:23 24128426                   /usr/lib64/libpixman-1.so.0.46.2
7f1218cdd000-7f1218cde000 r-xp 00000000 00:23 24131020                   /usr/lib64/libxcb-shm.so.0.0.0
7f1218cde000-7f1218cdf000 r--p 00001000 00:23 24131020                   /usr/lib64/libxcb-shm.so.0.0.0
7f1218cdf000-7f1218ce0000 r--p 00002000 00:23 24131020                   /usr/lib64/libxcb-shm.so.0.0.0
7f1218ce0000-7f1218ce1000 rw-p 00003000 00:23 24131020                   /usr/lib64/libxcb-shm.so.0.0.0
7f1218ce1000-7f1218ce7000 r-xp 00000000 00:23 24131012                   /usr/lib64/libxcb-render.so.0.0.0
7f1218ce7000-7f1218cee000 r--p 00006000 00:23 24131012                   /usr/lib64/libxcb-render.so.0.0.0
7f1218cee000-7f1218cef000 r--p 0000d000 00:23 24131012                   /usr/lib64/libxcb-render.so.0.0.0
7f1218cef000-7f1218cf0000 rw-p 0000e000 00:23 24131012                   /usr/lib64/libxcb-render.so.0.0.0
7f1218cf0000-7f1218d04000 r-xp 00000000 00:23 24131042                   /usr/lib64/libxcb.so.1.1.0
7f1218d04000-7f1218d18000 r--p 00014000 00:23 24131042                   /usr/lib64/libxcb.so.1.1.0
7f1218d18000-7f1218d19000 r--p 00028000 00:23 24131042                   /usr/lib64/libxcb.so.1.1.0
7f1218d19000-7f1218d1a000 rw-p 00029000 00:23 24131042                   /usr/lib64/libxcb.so.1.1.0
7f1218d1a000-7f1218d22000 r-xp 00000000 00:23 24131076                   /usr/lib64/libXrender.so.1.3.0
7f1218d22000-7f1218d25000 r--p 00008000 00:23 24131076                   /usr/lib64/libXrender.so.1.3.0
7f1218d25000-7f1218d26000 r--p 0000a000 00:23 24131076                   /usr/lib64/libXrender.so.1.3.0
7f1218d26000-7f1218d27000 rw-p 0000b000 00:23 24131076                   /usr/lib64/libXrender.so.1.3.0
7f1218d27000-7f1218d33000 r-xp 00000000 00:23 24131051                   /usr/lib64/libXext.so.6.4.0
7f1218d33000-7f1218d39000 r--p 0000c000 00:23 24131051                   /usr/lib64/libXext.so.6.4.0
7f1218d39000-7f1218d3a000 r--p 00011000 00:23 24131051                   /usr/lib64/libXext.so.6.4.0
7f1218d3a000-7f1218d3b000 rw-p 00012000 00:23 24131051                   /usr/lib64/libXext.so.6.4.0
7f1218d3b000-7f1218de1000 r-xp 00000000 00:23 24131047                   /usr/lib64/libX11.so.6.4.0
7f1218de1000-7f1218e8a000 r--p 000a6000 00:23 24131047                   /usr/lib64/libX11.so.6.4.0
7f1218e8a000-7f1218e8d000 r--p 0014e000 00:23 24131047                   /usr/lib64/libX11.so.6.4.0
7f1218e8d000-7f1218e91000 rw-p 00151000 00:23 24131047                   /usr/lib64/libX11.so.6.4.0
7f1218e91000-7f1218f33000 r-xp 00000000 00:23 24177814                   /usr/lib64/libfreetype.so.6.20.6
7f1218f33000-7f1218f64000 r--p 000a2000 00:23 24177814                   /usr/lib64/libfreetype.so.6.20.6
7f1218f64000-7f1218f6c000 r--p 000d2000 00:23 24177814                   /usr/lib64/libfreetype.so.6.20.6
7f1218f6c000-7f1218f6d000 rw-p 00000000 00:00 0 
7f1218f6d000-7f1218f99000 r-xp 00000000 00:23 39111003                   /usr/lib64/libpng16.so.16.58.0
7f1218f99000-7f1218fa8000 r--p 0002c000 00:23 39111003                   /usr/lib64/libpng16.so.16.58.0
7f1218fa8000-7f1218fa9000 r--p 0003a000 00:23 39111003                   /usr/lib64/libpng16.so.16.58.0
7f1218fa9000-7f1218faa000 rw-p 00000000 00:00 0 
7f1218faa000-7f1218fc7000 r-xp 00000000 00:23 24127946                   /usr/lib64/libz.so.1.3.1.zlib-ng
7f1218fc7000-7f1218fd2000 r--p 0001d000 00:23 24127946                   /usr/lib64/libz.so.1.3.1.zlib-ng
7f1218fd2000-7f1218fd3000 r--p 00027000 00:23 24127946                   /usr/lib64/libz.so.1.3.1.zlib-ng
7f1218fd3000-7f1218fd4000 rw-p 00028000 00:23 24127946                   /usr/lib64/libz.so.1.3.1.zlib-ng
7f1218fd4000-7f1218fda000 r-xp 00000000 00:23 24130722                   /usr/lib64/libfribidi.so.0.4.0
7f1218fda000-7f1218ff2000 r--p 00006000 00:23 24130722                   /usr/lib64/libfribidi.so.0.4.0
7f1218ff2000-7f1218ff3000 r--p 0001d000 00:23 24130722                   /usr/lib64/libfribidi.so.0.4.0
7f1218ff3000-7f1218ff4000 rw-p 0001e000 00:23 24130722                   /usr/lib64/libfribidi.so.0.4.0
7f1218ff4000-7f121911b000 r-xp 00000000 00:23 41389621                   /usr/lib64/libgio-2.0.so.0.8800.3
7f121911b000-7f12191c8000 r--p 00127000 00:23 41389621                   /usr/lib64/libgio-2.0.so.0.8800.3
7f12191c8000-7f12191d1000 r--p 001d3000 00:23 41389621                   /usr/lib64/libgio-2.0.so.0.8800.3
7f12191d1000-7f12191d2000 rw-p 001dc000 00:23 41389621                   /usr/lib64/libgio-2.0.so.0.8800.3
7f12191d2000-7f12191d4000 rw-p 00000000 00:00 0 
7f12191d4000-7f1219207000 r-xp 00000000 00:23 24177857                   /usr/lib64/libfontconfig.so.1.16.0
7f1219207000-7f1219224000 r--p 00033000 00:23 24177857                   /usr/lib64/libfontconfig.so.1.16.0
7f1219224000-7f1219226000 r--p 00050000 00:23 24177857                   /usr/lib64/libfontconfig.so.1.16.0
7f1219226000-7f1219227000 rw-p 00052000 00:23 24177857                   /usr/lib64/libfontconfig.so.1.16.0
7f1219227000-7f1219320000 r-xp 00000000 00:23 24177829                   /usr/lib64/libharfbuzz.so.0.61410.0
7f1219320000-7f1219360000 r--p 000f9000 00:23 24177829                   /usr/lib64/libharfbuzz.so.0.61410.0
7f1219360000-7f1219362000 r--p 00138000 00:23 24177829                   /usr/lib64/libharfbuzz.so.0.61410.0
7f1219362000-7f1219363000 rw-p 0013a000 00:23 24177829                   /usr/lib64/libharfbuzz.so.0.61410.0
7f1219363000-7f1219410000 r-xp 00000000 00:23 41389625                   /usr/lib64/libglib-2.0.so.0.8800.3
7f1219410000-7f12194c2000 r--p 000ad000 00:23 41389625                   /usr/lib64/libglib-2.0.so.0.8800.3
7f12194c2000-7f12194c3000 r--p 0015f000 00:23 41389625                   /usr/lib64/libglib-2.0.so.0.8800.3
7f12194c3000-7f12194c4000 rw-p 00160000 00:23 41389625                   /usr/lib64/libglib-2.0.so.0.8800.3
7f12194c4000-7f12194c5000 rw-p 00000000 00:00 0 
7f12194c5000-7f12194d4000 r-xp 00000000 00:23 24221967                   /usr/lib64/libpangoft2-1.0.so.0.5701.0
7f12194d4000-7f12194df000 r--p 0000f000 00:23 24221967                   /usr/lib64/libpangoft2-1.0.so.0.5701.0
7f12194df000-7f12194e0000 r--p 0001a000 00:23 24221967                   /usr/lib64/libpangoft2-1.0.so.0.5701.0
7f12194e0000-7f12194e1000 rw-p 00000000 00:00 0 
7f12194e1000-7f1219517000 r-xp 00000000 00:23 24127966                   /usr/lib64/libdbus-1.so.3.38.3
7f1219517000-7f1219536000 r--p 00036000 00:23 24127966                   /usr/lib64/libdbus-1.so.3.38.3
7f1219536000-7f1219538000 r--p 00054000 00:23 24127966                   /usr/lib64/libdbus-1.so.3.38.3
7f1219538000-7f1219539000 rw-p 00056000 00:23 24127966                   /usr/lib64/libdbus-1.so.3.38.3
7f1219539000-7f1219636000 r-xp 00000000 00:23 24178048                   /usr/lib64/libcairo.so.2.11804.4
7f1219636000-7f121967c000 r--p 000fd000 00:23 24178048                   /usr/lib64/libcairo.so.2.11804.4
7f121967c000-7f1219680000 r--p 00143000 00:23 24178048                   /usr/lib64/libcairo.so.2.11804.4
7f1219680000-7f1219682000 rw-p 00147000 00:23 24178048                   /usr/lib64/libcairo.so.2.11804.4
7f1219682000-7f1219683000 rw-p 00000000 00:00 0 
7f1219683000-7f12196bc000 r-xp 00000000 00:23 41389629                   /usr/lib64/libgobject-2.0.so.0.8800.3
7f12196bc000-7f12196e0000 r--p 00039000 00:23 41389629                   /usr/lib64/libgobject-2.0.so.0.8800.3
7f12196e0000-7f12196e3000 r--p 0005d000 00:23 41389629                   /usr/lib64/libgobject-2.0.so.0.8800.3
7f12196e3000-7f12196e4000 rw-p 00060000 00:23 41389629                   /usr/lib64/libgobject-2.0.so.0.8800.3
7f12196e4000-7f1219726000 r-xp 00000000 00:23 24221963                   /usr/lib64/libpango-1.0.so.0.5701.0
7f1219726000-7f121974e000 r--p 00042000 00:23 24221963                   /usr/lib64/libpango-1.0.so.0.5701.0
7f121974e000-7f1219752000 r--p 00069000 00:23 24221963                   /usr/lib64/libpango-1.0.so.0.5701.0
7f1219752000-7f1219753000 rw-p 0006d000 00:23 24221963                   /usr/lib64/libpango-1.0.so.0.5701.0
7f1219753000-7f121975d000 r-xp 00000000 00:23 24221965                   /usr/lib64/libpangocairo-1.0.so.0.5701.0
7f121975d000-7f1219764000 r--p 0000a000 00:23 24221965                   /usr/lib64/libpangocairo-1.0.so.0.5701.0
7f1219764000-7f1219765000 r--p 00010000 00:23 24221965                   /usr/lib64/libpangocairo-1.0.so.0.5701.0
7f1219765000-7f1219766000 rw-p 00011000 00:23 24221965                   /usr/lib64/libpangocairo-1.0.so.0.5701.0
7f1219766000-7f1219767000 r-xp 00000000 00:23 24131209                   /usr/lib64/libXdamage.so.1.1.0
7f1219767000-7f1219768000 r--p 00001000 00:23 24131209                   /usr/lib64/libXdamage.so.1.1.0
7f1219768000-7f1219769000 r--p 00001000 00:23 24131209                   /usr/lib64/libXdamage.so.1.1.0
7f1219769000-7f121976a000 rw-p 00000000 00:00 0 
7f121976a000-7f121976c000 r-xp 00000000 00:23 24178059                   /usr/lib64/libcairo-gobject.so.2.11804.4
7f121976c000-7f1219770000 r--p 00002000 00:23 24178059                   /usr/lib64/libcairo-gobject.so.2.11804.4
7f1219770000-7f1219772000 r--p 00005000 00:23 24178059                   /usr/lib64/libcairo-gobject.so.2.11804.4
7f1219772000-7f1219773000 rw-p 00000000 00:00 0 
7f1219773000-7f121977d000 r-xp 00000000 00:23 24300027                   /usr/lib64/libEGL.so.1.1.0
7f121977d000-7f1219782000 r--p 0000a000 00:23 24300027                   /usr/lib64/libEGL.so.1.1.0
7f1219782000-7f1219783000 r--p 0000f000 00:23 24300027                   /usr/lib64/libEGL.so.1.1.0
7f1219783000-7f1219784000 rw-p 00010000 00:23 24300027                   /usr/lib64/libEGL.so.1.1.0
7f1219784000-7f12197b4000 r-xp 00000000 00:23 24128119                   /usr/lib64/libxkbcommon.so.0.13.1
7f12197b4000-7f12197e0000 r--p 00030000 00:23 24128119                   /usr/lib64/libxkbcommon.so.0.13.1
7f12197e0000-7f12197e2000 r--p 0005b000 00:23 24128119                   /usr/lib64/libxkbcommon.so.0.13.1
7f12197e2000-7f12197e3000 rw-p 0005d000 00:23 24128119                   /usr/lib64/libxkbcommon.so.0.13.1
7f12197e3000-7f1219808000 r-xp 00000000 00:2a 7370                       /tmp/lwjgl_seal/3.4.0-snapshot/x64/libglfw.so
7f1219808000-7f1219857000 r--p 00025000 00:2a 7370                       /tmp/lwjgl_seal/3.4.0-snapshot/x64/libglfw.so
7f1219857000-7f121985b000 r--p 00074000 00:2a 7370                       /tmp/lwjgl_seal/3.4.0-snapshot/x64/libglfw.so
7f121985b000-7f121985e000 rw-p 00078000 00:2a 7370                       /tmp/lwjgl_seal/3.4.0-snapshot/x64/libglfw.so
7f121985e000-7f1219881000 rw-p 00000000 00:00 0 
7f1219881000-7f1219885000 ---p 00000000 00:00 0 
7f1219885000-7f1219981000 rw-p 00000000 00:00 0 
7f1219981000-7f12199b6000 r-xp 00000000 00:2a 7369                       /tmp/lwjgl_seal/3.4.0-snapshot/x64/liblwjgl.so
7f12199b6000-7f12199fe000 r--p 00035000 00:2a 7369                       /tmp/lwjgl_seal/3.4.0-snapshot/x64/liblwjgl.so
7f12199fe000-7f12199ff000 r--p 0007c000 00:2a 7369                       /tmp/lwjgl_seal/3.4.0-snapshot/x64/liblwjgl.so
7f12199ff000-7f1219a00000 rw-p 0007d000 00:2a 7369                       /tmp/lwjgl_seal/3.4.0-snapshot/x64/liblwjgl.so
7f1219a00000-7f1219a04000 ---p 00000000 00:00 0 
7f1219a04000-7f1219b00000 rw-p 00000000 00:00 0 
7f1219b00000-7f1219b04000 ---p 00000000 00:00 0 
7f1219b04000-7f1219c00000 rw-p 00000000 00:00 0 
7f1219c00000-7f1219c04000 ---p 00000000 00:00 0 
7f1219c04000-7f1219d00000 rw-p 00000000 00:00 0 
7f1219d00000-7f1219d04000 ---p 00000000 00:00 0 
7f1219d04000-7f1219e00000 rw-p 00000000 00:00 0 
7f1219e00000-7f1219e04000 ---p 00000000 00:00 0 
7f1219e04000-7f1219f00000 rw-p 00000000 00:00 0 
7f1219f00000-7f1219f04000 ---p 00000000 00:00 0 
7f1219f04000-7f121a000000 rw-p 00000000 00:00 0 
7f121a000000-7f121c021000 rw-p 00000000 00:00 0 
7f121c021000-7f1220000000 ---p 00000000 00:00 0 
7f1220000000-7f1220021000 rw-p 00000000 00:00 0 
7f1220021000-7f1224000000 ---p 00000000 00:00 0 
7f1224000000-7f1224021000 rw-p 00000000 00:00 0 
7f1224021000-7f1228000000 ---p 00000000 00:00 0 
7f1228000000-7f1228001000 rw-s 00000000 00:07 1387                       /dev/nvidia1
7f1228001000-7f1228002000 rw-s 00000000 00:07 1387                       /dev/nvidia1
7f1228002000-7f1228003000 rw-s 00000000 00:07 1387                       /dev/nvidia1
7f1228003000-7f1228007000 r-xp 00000000 00:23 24294614                   /usr/lib64/libdecor-0.so.0.200.5
7f1228007000-7f122800a000 r--p 00004000 00:23 24294614                   /usr/lib64/libdecor-0.so.0.200.5
7f122800a000-7f122800b000 r--p 00007000 00:23 24294614                   /usr/lib64/libdecor-0.so.0.200.5
7f122800b000-7f122800c000 rw-p 00008000 00:23 24294614                   /usr/lib64/libdecor-0.so.0.200.5
7f122800c000-7f1228017000 r-xp 00000000 00:23 24130287                   /usr/lib64/libffi.so.8.2.0
7f1228017000-7f122801a000 r--p 0000b000 00:23 24130287                   /usr/lib64/libffi.so.8.2.0
7f122801a000-7f122801b000 r--p 0000e000 00:23 24130287                   /usr/lib64/libffi.so.8.2.0
7f122801b000-7f122801c000 rw-p 0000f000 00:23 24130287                   /usr/lib64/libffi.so.8.2.0
7f122801c000-7f1228024000 r-xp 00000000 00:23 40367672                   /usr/lib64/libwayland-client.so.0.25.0
7f1228024000-7f1228029000 r--p 00008000 00:23 40367672                   /usr/lib64/libwayland-client.so.0.25.0
7f1228029000-7f122802b000 r--p 0000d000 00:23 40367672                   /usr/lib64/libwayland-client.so.0.25.0
7f122802b000-7f122802c000 rw-p 0000f000 00:23 40367672                   /usr/lib64/libwayland-client.so.0.25.0
7f122802c000-7f122802d000 rw-s 00000000 00:07 1383                       /dev/nvidiactl
7f122802d000-7f122802e000 rw-s 00000000 00:07 1383                       /dev/nvidiactl
7f122802e000-7f1228033000 r-xp 00000000 00:23 24221939                   /usr/lib64/libthai.so.0.3.2
7f1228033000-7f1228038000 r--p 00005000 00:23 24221939                   /usr/lib64/libthai.so.0.3.2
7f1228038000-7f1228039000 r--p 00009000 00:23 24221939                   /usr/lib64/libthai.so.0.3.2
7f1228039000-7f122803a000 rw-p 0000a000 00:23 24221939                   /usr/lib64/libthai.so.0.3.2
7f122803a000-7f1228041000 r-xp 00000000 00:23 24294615                   /usr/lib64/libdecor/plugins-1/libdecor-cairo.so
7f1228041000-7f1228046000 r--p 00007000 00:23 24294615                   /usr/lib64/libdecor/plugins-1/libdecor-cairo.so
7f1228046000-7f1228049000 r--p 0000b000 00:23 24294615                   /usr/lib64/libdecor/plugins-1/libdecor-cairo.so
7f1228049000-7f122804a000 rw-p 0000e000 00:23 24294615                   /usr/lib64/libdecor/plugins-1/libdecor-cairo.so
7f122804a000-7f122804c000 r--p 00000000 00:23 3690972                    /home/seal/.sdkman/candidates/java/25-tem/lib/libzip.so
7f122804c000-7f122805e000 r-xp 00002000 00:23 3690972                    /home/seal/.sdkman/candidates/java/25-tem/lib/libzip.so
7f122805e000-7f1228066000 r--p 00014000 00:23 3690972                    /home/seal/.sdkman/candidates/java/25-tem/lib/libzip.so
7f1228066000-7f1228067000 r--p 0001b000 00:23 3690972                    /home/seal/.sdkman/candidates/java/25-tem/lib/libzip.so
7f1228067000-7f1228068000 rw-p 0001c000 00:23 3690972                    /home/seal/.sdkman/candidates/java/25-tem/lib/libzip.so
7f1228068000-7f1228069000 r--p 00000000 00:23 3691005                    /home/seal/.sdkman/candidates/java/25-tem/lib/libsimdsort.so
7f1228069000-7f12280a2000 r-xp 00001000 00:23 3691005                    /home/seal/.sdkman/candidates/java/25-tem/lib/libsimdsort.so
7f12280a2000-7f12280a8000 r--p 0003a000 00:23 3691005                    /home/seal/.sdkman/candidates/java/25-tem/lib/libsimdsort.so
7f12280a8000-7f12280a9000 r--p 0003f000 00:23 3691005                    /home/seal/.sdkman/candidates/java/25-tem/lib/libsimdsort.so
7f12280a9000-7f12280aa000 rw-p 00040000 00:23 3691005                    /home/seal/.sdkman/candidates/java/25-tem/lib/libsimdsort.so
7f12280aa000-7f12280ae000 ---p 00000000 00:00 0 
7f12280ae000-7f12281aa000 rw-p 00000000 00:00 0 
7f12281aa000-7f12281ae000 ---p 00000000 00:00 0 
7f12281ae000-7f12282aa000 rw-p 00000000 00:00 0 
7f12282aa000-7f12282ae000 ---p 00000000 00:00 0 
7f12282ae000-7f12283aa000 rw-p 00000000 00:00 0 
7f12283aa000-7f12283ae000 ---p 00000000 00:00 0 
7f12283ae000-7f12284aa000 rw-p 00000000 00:00 0 
7f12284aa000-7f1228586000 rw-p 00000000 00:00 0 
7f1228586000-7f122858a000 ---p 00000000 00:00 0 
7f122858a000-7f1228788000 rw-p 00000000 00:00 0 
7f1228788000-7f122878c000 ---p 00000000 00:00 0 
7f122878c000-7f1228b8c000 rw-p 00000000 00:00 0 
7f1228b8c000-7f1229a9b000 rw-p 00000000 00:00 0 
7f1229a9b000-7f1229d9e000 rw-p 00000000 00:00 0 
7f1229d9e000-7f122be12000 rw-p 00000000 00:00 0 
7f122be12000-7f1247dd2000 ---p 00000000 00:00 0 
7f1247dd2000-7f1248202000 rw-p 00000000 00:00 0 
7f1248202000-7f124b9fa000 ---p 00000000 00:00 0 
7f124b9fa000-7f124bdf2000 rw-p 00000000 00:00 0 
7f124bdf2000-7f124f5ea000 ---p 00000000 00:00 0 
7f124f5ea000-7f1250400000 rw-p 00000000 00:00 0 
7f1250400000-7f1250670000 rwxp 00000000 00:00 0 
7f1250670000-7f125785f000 ---p 00000000 00:00 0 
7f125785f000-7f1257c2f000 rwxp 00000000 00:00 0 
7f1257c2f000-7f1257f9f000 ---p 00000000 00:00 0 
7f1257f9f000-7f125820f000 rwxp 00000000 00:00 0 
7f125820f000-7f125f400000 ---p 00000000 00:00 0 
7f125f400000-7f1267f14000 r--s 00000000 00:23 3691029                    /home/seal/.sdkman/candidates/java/25-tem/lib/modules
7f1267f14000-7f1267f17000 r-xp 00000000 00:23 40449098                   /usr/lib64/libwayland-cursor.so.0.25.0
7f1267f17000-7f1267f19000 r--p 00003000 00:23 40449098                   /usr/lib64/libwayland-cursor.so.0.25.0
7f1267f19000-7f1267f1a000 r--p 00004000 00:23 40449098                   /usr/lib64/libwayland-cursor.so.0.25.0
7f1267f1a000-7f1267f1e000 rw-p 00005000 00:23 40449098                   /usr/lib64/libwayland-cursor.so.0.25.0
7f1267f1e000-7f1267f22000 r--p 00000000 00:23 3690967                    /home/seal/.sdkman/candidates/java/25-tem/lib/libverify.so
7f1267f22000-7f1267f2b000 r-xp 00004000 00:23 3690967                    /home/seal/.sdkman/candidates/java/25-tem/lib/libverify.so
7f1267f2b000-7f1267f2d000 r--p 0000d000 00:23 3690967                    /home/seal/.sdkman/candidates/java/25-tem/lib/libverify.so
7f1267f2d000-7f1267f2f000 r--p 0000e000 00:23 3690967                    /home/seal/.sdkman/candidates/java/25-tem/lib/libverify.so
7f1267f2f000-7f1267f30000 rw-p 00010000 00:23 3690967                    /home/seal/.sdkman/candidates/java/25-tem/lib/libverify.so
7f1267f30000-7f1267f38000 r--p 00000000 00:23 3691028                    /home/seal/.sdkman/candidates/java/25-tem/lib/libnio.so
7f1267f38000-7f1267f41000 r-xp 00008000 00:23 3691028                    /home/seal/.sdkman/candidates/java/25-tem/lib/libnio.so
7f1267f41000-7f1267f45000 r--p 00011000 00:23 3691028                    /home/seal/.sdkman/candidates/java/25-tem/lib/libnio.so
7f1267f45000-7f1267f46000 r--p 00015000 00:23 3691028                    /home/seal/.sdkman/candidates/java/25-tem/lib/libnio.so
7f1267f46000-7f1267f47000 rw-p 00016000 00:23 3691028                    /home/seal/.sdkman/candidates/java/25-tem/lib/libnio.so
7f1267f47000-7f12689d2000 rw-p 00000000 00:00 0 
7f12689d2000-7f126c000000 ---p 00000000 00:00 0 
7f126c000000-7f126c002000 r--p 00000000 00:01 5274                       /memfd:kwin-dmabuf-feedback-table (deleted)
7f126c002000-7f126c1f8000 rw-p 00000000 00:00 0 
7f126c1f8000-7f126c2dc000 ---p 00000000 00:00 0 
7f126c2dc000-7f126c2e1000 rw-p 00000000 00:00 0 
7f126c2e1000-7f126c3c5000 ---p 00000000 00:00 0 
7f126c3c5000-7f126c3d3000 r--p 00000000 00:23 3690980                    /home/seal/.sdkman/candidates/java/25-tem/lib/libjava.so
7f126c3d3000-7f126c3e1000 r-xp 0000e000 00:23 3690980                    /home/seal/.sdkman/candidates/java/25-tem/lib/libjava.so
7f126c3e1000-7f126c3e6000 r--p 0001c000 00:23 3690980                    /home/seal/.sdkman/candidates/java/25-tem/lib/libjava.so
7f126c3e6000-7f126c3e7000 r--p 00021000 00:23 3690980                    /home/seal/.sdkman/candidates/java/25-tem/lib/libjava.so
7f126c3e7000-7f126c3e8000 rw-p 00022000 00:23 3690980                    /home/seal/.sdkman/candidates/java/25-tem/lib/libjava.so
7f126c3e8000-7f126c3e9000 rw-p 00000000 00:00 0 
7f126c3e9000-7f126c3ed000 ---p 00000000 00:00 0 
7f126c3ed000-7f126c4e9000 rw-p 00000000 00:00 0 
7f126c4e9000-7f126c578000 r-xp 00000000 00:23 41466285                   /usr/lib64/libm.so.6
7f126c578000-7f126c5fe000 r--p 0008f000 00:23 41466285                   /usr/lib64/libm.so.6
7f126c5fe000-7f126c5ff000 r--p 00114000 00:23 41466285                   /usr/lib64/libm.so.6
7f126c5ff000-7f126c600000 rw-p 00115000 00:23 41466285                   /usr/lib64/libm.so.6
7f126c600000-7f126c8e2000 r--p 00000000 00:23 3690991                    /home/seal/.sdkman/candidates/java/25-tem/lib/server/libjvm.so
7f126c8e2000-7f126d8e2000 r-xp 002e2000 00:23 3690991                    /home/seal/.sdkman/candidates/java/25-tem/lib/server/libjvm.so
7f126d8e2000-7f126dbf2000 r--p 012e2000 00:23 3690991                    /home/seal/.sdkman/candidates/java/25-tem/lib/server/libjvm.so
7f126dbf2000-7f126dcdd000 r--p 015f2000 00:23 3690991                    /home/seal/.sdkman/candidates/java/25-tem/lib/server/libjvm.so
7f126dcdd000-7f126dd08000 rw-p 016dd000 00:23 3690991                    /home/seal/.sdkman/candidates/java/25-tem/lib/server/libjvm.so
7f126dd08000-7f126dd84000 rw-p 00000000 00:00 0 
7f126dd84000-7f126dd85000 r--s 00000000 00:07 1383                       /dev/nvidiactl
7f126dd85000-7f126dd87000 r--p 00000000 00:01 5274                       /memfd:kwin-dmabuf-feedback-table (deleted)
7f126dd87000-7f126dd88000 r-xp 00000000 00:23 40451084                   /usr/lib64/libwayland-egl.so.1.25.0
7f126dd88000-7f126dd89000 r--p 00001000 00:23 40451084                   /usr/lib64/libwayland-egl.so.1.25.0
7f126dd89000-7f126dd8a000 r--p 00001000 00:23 40451084                   /usr/lib64/libwayland-egl.so.1.25.0
7f126dd8a000-7f126dd8b000 rw-p 00000000 00:00 0 
7f126dd8b000-7f126dd8e000 r--p 00000000 00:23 3690988                    /home/seal/.sdkman/candidates/java/25-tem/lib/libnet.so
7f126dd8e000-7f126dd96000 r-xp 00003000 00:23 3690988                    /home/seal/.sdkman/candidates/java/25-tem/lib/libnet.so
7f126dd96000-7f126dd98000 r--p 0000b000 00:23 3690988                    /home/seal/.sdkman/candidates/java/25-tem/lib/libnet.so
7f126dd98000-7f126dd99000 r--p 0000c000 00:23 3690988                    /home/seal/.sdkman/candidates/java/25-tem/lib/libnet.so
7f126dd99000-7f126dd9a000 rw-p 0000d000 00:23 3690988                    /home/seal/.sdkman/candidates/java/25-tem/lib/libnet.so
7f126dd9a000-7f126dd9e000 r--p 00000000 00:23 3690983                    /home/seal/.sdkman/candidates/java/25-tem/lib/libjimage.so
7f126dd9e000-7f126ddb6000 r-xp 00004000 00:23 3690983                    /home/seal/.sdkman/candidates/java/25-tem/lib/libjimage.so
7f126ddb6000-7f126ddbc000 r--p 0001c000 00:23 3690983                    /home/seal/.sdkman/candidates/java/25-tem/lib/libjimage.so
7f126ddbc000-7f126ddbe000 r--p 00021000 00:23 3690983                    /home/seal/.sdkman/candidates/java/25-tem/lib/libjimage.so
7f126ddbe000-7f126ddbf000 rw-p 00023000 00:23 3690983                    /home/seal/.sdkman/candidates/java/25-tem/lib/libjimage.so
7f126ddbf000-7f126ddc0000 r-xp 00000000 00:23 41466293                   /usr/lib64/librt.so.1
7f126ddc0000-7f126ddc1000 r--p 00001000 00:23 41466293                   /usr/lib64/librt.so.1
7f126ddc1000-7f126ddc2000 r--p 00001000 00:23 41466293                   /usr/lib64/librt.so.1
7f126ddc2000-7f126ddc5000 rw-p 00000000 00:00 0 
7f126ddc5000-7f126ddc6000 r-xp 00000000 00:23 41466291                   /usr/lib64/libpthread.so.0
7f126ddc6000-7f126ddc7000 r--p 00001000 00:23 41466291                   /usr/lib64/libpthread.so.0
7f126ddc7000-7f126ddc8000 r--p 00001000 00:23 41466291                   /usr/lib64/libpthread.so.0
7f126ddc8000-7f126ddc9000 rw-p 00000000 00:00 0 
7f126ddc9000-7f126ddca000 r-xp 00000000 00:23 41466284                   /usr/lib64/libdl.so.2
7f126ddca000-7f126ddcb000 r--p 00001000 00:23 41466284                   /usr/lib64/libdl.so.2
7f126ddcb000-7f126ddcc000 r--p 00001000 00:23 41466284                   /usr/lib64/libdl.so.2
7f126ddcc000-7f126ddcd000 rw-p 00000000 00:00 0 
7f126ddcd000-7f126df3f000 r-xp 00000000 00:23 41466283                   /usr/lib64/libc.so.6
7f126df3f000-7f126dfb8000 r--p 00172000 00:23 41466283                   /usr/lib64/libc.so.6
7f126dfb8000-7f126dfbc000 r--p 001eb000 00:23 41466283                   /usr/lib64/libc.so.6
7f126dfbc000-7f126dfbe000 rw-p 001ef000 00:23 41466283                   /usr/lib64/libc.so.6
7f126dfbe000-7f126dfc6000 rw-p 00000000 00:00 0 
7f126dfc6000-7f126dfc7000 r--s 00000000 00:07 1383                       /dev/nvidiactl
7f126dfc7000-7f126dfc8000 rw-p 00000000 00:00 0 
7f126dfc8000-7f126dfc9000 r-xp 00033000 00:2a 7369                       /tmp/lwjgl_seal/3.4.0-snapshot/x64/liblwjgl.so
7f126dfc9000-7f126dfd2000 rw-p 00000000 00:00 0 
7f126dfd2000-7f126dfd9000 ---p 00000000 00:00 0 
7f126dfd9000-7f126dfe1000 rw-s 00000000 00:2a 7729                       /tmp/hsperfdata_seal/32934
7f126dfe1000-7f126dfe2000 ---p 00000000 00:00 0 
7f126dfe2000-7f126dfe3000 r--p 00000000 00:00 0 
7f126dfe3000-7f126dfe4000 ---p 00000000 00:00 0 
7f126dfe4000-7f126dfe7000 r--p 00000000 00:23 3690997                    /home/seal/.sdkman/candidates/java/25-tem/lib/libjli.so
7f126dfe7000-7f126dff8000 r-xp 00003000 00:23 3690997                    /home/seal/.sdkman/candidates/java/25-tem/lib/libjli.so
7f126dff8000-7f126dfff000 r--p 00014000 00:23 3690997                    /home/seal/.sdkman/candidates/java/25-tem/lib/libjli.so
7f126dfff000-7f126e000000 r--p 0001a000 00:23 3690997                    /home/seal/.sdkman/candidates/java/25-tem/lib/libjli.so
7f126e000000-7f126e001000 rw-p 0001b000 00:23 3690997                    /home/seal/.sdkman/candidates/java/25-tem/lib/libjli.so
7f126e001000-7f126e003000 rw-p 00000000 00:00 0 
7f126e003000-7f126e007000 r--p 00000000 00:00 0                          [vvar]
7f126e007000-7f126e009000 r--p 00000000 00:00 0                          [vvar_vclock]
7f126e009000-7f126e00b000 r-xp 00000000 00:00 0                          [vdso]
7f126e00b000-7f126e036000 r-xp 00000000 00:23 41466280                   /usr/lib64/ld-linux-x86-64.so.2
7f126e036000-7f126e042000 r--p 0002b000 00:23 41466280                   /usr/lib64/ld-linux-x86-64.so.2
7f126e042000-7f126e044000 r--p 00037000 00:23 41466280                   /usr/lib64/ld-linux-x86-64.so.2
7f126e044000-7f126e045000 rw-p 00039000 00:23 41466280                   /usr/lib64/ld-linux-x86-64.so.2
7f126e045000-7f126e046000 rw-p 00000000 00:00 0 
7ffe1ac73000-7ffe1ac95000 rw-p 00000000 00:00 0                          [stack]
ffffffffff600000-ffffffffff601000 --xp 00000000 00:00 0                  [vsyscall]
Total number of mappings: 728

JVMTI agents: none


VM Arguments:
jvm_args: -Dorg.lwjgl.glfw.libname=glfw 
java_command: build/libs/NanoCraft-snap.jar
java_class_path (initial): build/libs/NanoCraft-snap.jar
Launcher Type: SUN_STANDARD

[Global flags]
     intx CICompilerCount                          = 12                                        {product} {ergonomic}
     uint ConcGCThreads                            = 4                                         {product} {ergonomic}
     uint G1ConcRefinementThreads                  = 15                                        {product} {ergonomic}
   size_t G1HeapRegionSize                         = 16777216                                  {product} {ergonomic}
   size_t InitialHeapSize                          = 2113929216                                {product} {ergonomic}
   size_t MarkStackSize                            = 4194304                                   {product} {ergonomic}
   size_t MarkStackSizeMax                         = 536870912                                 {product} {ergonomic}
   size_t MaxHeapSize                              = 32178700288                               {product} {ergonomic}
   size_t MaxNewSize                               = 19293798400                               {product} {ergonomic}
   size_t MinHeapDeltaBytes                        = 16777216                                  {product} {ergonomic}
   size_t MinHeapSize                              = 16777216                                  {product} {ergonomic}
    uintx NonNMethodCodeHeapSize                   = 7602176                                {pd product} {ergonomic}
    uintx NonProfiledCodeHeapSize                  = 122032128                              {pd product} {ergonomic}
    uintx ProfiledCodeHeapSize                     = 122023936                              {pd product} {ergonomic}
    uintx ReservedCodeCacheSize                    = 251658240                              {pd product} {ergonomic}
     bool SegmentedCodeCache                       = true                                      {product} {ergonomic}
   size_t SoftMaxHeapSize                          = 32178700288                            {manageable} {ergonomic}
     bool UseCompressedOops                        = true                           {product lp64_product} {ergonomic}
     bool UseG1GC                                  = true                                      {product} {ergonomic}

Logging:
Log output configuration:
 #0: stdout all=warning uptime,level,tags foldmultilines=false
 #1: stderr all=off uptime,level,tags foldmultilines=false

Release file:
IMPLEMENTOR="Eclipse Adoptium"
IMPLEMENTOR_VERSION="Temurin-25+36"
JAVA_RUNTIME_VERSION="25+36-LTS"
JAVA_VERSION="25"
JAVA_VERSION_DATE="2025-09-16"
LIBC="gnu"
MODULES="java.base java.compiler java.datatransfer java.xml java.prefs java.desktop java.instrument java.logging java.management java.security.sasl java.naming java.rmi java.management.rmi java.net.http java.scripting java.security.jgss java.transaction.xa java.sql java.sql.rowset java.xml.crypto java.se java.smartcardio jdk.accessibility jdk.internal.jvmstat jdk.attach jdk.charsets jdk.internal.opt jdk.zipfs jdk.compiler jdk.crypto.cryptoki jdk.crypto.ec jdk.dynalink jdk.internal.ed jdk.editpad jdk.internal.vm.ci jdk.graal.compiler jdk.graal.compiler.management jdk.hotspot.agent jdk.httpserver jdk.incubator.vector jdk.internal.le jdk.internal.md jdk.jartool jdk.javadoc jdk.jcmd jdk.management jdk.management.agent jdk.jconsole jdk.jdeps jdk.jdwp.agent jdk.jdi jdk.jfr jdk.jlink jdk.jpackage jdk.jshell jdk.jsobject jdk.jstatd jdk.localedata jdk.management.jfr jdk.naming.dns jdk.naming.rmi jdk.net jdk.nio.mapmode jdk.sctp jdk.security.auth jdk.security.jgss jdk.unsupported jdk.unsupported.desktop jdk.xml.dom"
OS_ARCH="x86_64"
OS_NAME="Linux"
SOURCE=".:git:ef82ae723551"
BUILD_SOURCE="git:b7337f50fb2a765519e79674ae790c2a7450149e"
BUILD_SOURCE_REPO="https://github.com/adoptium/temurin-build.git"
SOURCE_REPO="https://github.com/adoptium/jdk.git"
FULL_VERSION="25+36-LTS"
SEMANTIC_VERSION="25+36"
BUILD_INFO="OS: Linux Version: 6.8.0-1031-azure"
JVM_VARIANT="Hotspot"
JVM_VERSION="25+36-LTS"
IMAGE_TYPE="JDK"

Environment Variables:
JAVA_HOME=/home/seal/.sdkman/candidates/java/current
PATH=/home/seal/.sdkman/candidates/java/current/bin:/home/seal/.local/bin:/home/seal/bin:/usr/local/bin:/usr/bin:/usr/local/sbin:/usr/sbin
SHELL=/bin/bash
DISPLAY=:0
LANG=en_US.UTF-8
LC_NUMERIC=C
LC_TIME=C
TERM=xterm-256color

Active Locale:
LC_ALL=LC_CTYPE=en_US.UTF-8;LC_NUMERIC=C;LC_TIME=C;LC_COLLATE=en_US.UTF-8;LC_MONETARY=en_US.UTF-8;LC_MESSAGES=en_US.UTF-8;LC_PAPER=en_US.UTF-8;LC_NAME=en_US.UTF-8;LC_ADDRESS=en_US.UTF-8;LC_TELEPHONE=en_US.UTF-8;LC_MEASUREMENT=C;LC_IDENTIFICATION=en_US.UTF-8
LC_COLLATE=en_US.UTF-8
LC_CTYPE=en_US.UTF-8
LC_MESSAGES=en_US.UTF-8
LC_MONETARY=en_US.UTF-8
LC_NUMERIC=C
LC_TIME=C

Signal Handlers:
   SIGSEGV: crash_handler in libjvm.so, mask=11100100010111111101111111111110, flags=SA_RESTART|SA_SIGINFO, unblocked
    SIGBUS: crash_handler in libjvm.so, mask=11100100010111111101111111111110, flags=SA_RESTART|SA_SIGINFO, unblocked
    SIGFPE: crash_handler in libjvm.so, mask=11100100010111111101111111111110, flags=SA_RESTART|SA_SIGINFO, unblocked
   SIGPIPE: javaSignalHandler in libjvm.so, mask=11100100010111111101111111111110, flags=SA_RESTART|SA_SIGINFO, blocked
   SIGXFSZ: javaSignalHandler in libjvm.so, mask=11100100010111111101111111111110, flags=SA_RESTART|SA_SIGINFO, blocked
    SIGILL: crash_handler in libjvm.so, mask=11100100010111111101111111111110, flags=SA_RESTART|SA_SIGINFO, unblocked
   SIGUSR2: SR_handler in libjvm.so, mask=00000000000000000000000000000000, flags=SA_RESTART|SA_SIGINFO, blocked
    SIGHUP: UserHandler in libjvm.so, mask=11100100010111111101111111111110, flags=SA_RESTART|SA_SIGINFO, blocked
    SIGINT: UserHandler in libjvm.so, mask=11100100010111111101111111111110, flags=SA_RESTART|SA_SIGINFO, blocked
   SIGTERM: UserHandler in libjvm.so, mask=11100100010111111101111111111110, flags=SA_RESTART|SA_SIGINFO, blocked
   SIGQUIT: UserHandler in libjvm.so, mask=11100100010111111101111111111110, flags=SA_RESTART|SA_SIGINFO, blocked
   SIGTRAP: crash_handler in libjvm.so, mask=11100100010111111101111111111110, flags=SA_RESTART|SA_SIGINFO, unblocked


Compilation memory statistics disabled.

Periodic native trim disabled

---------------  S Y S T E M  ---------------

OS:
Fedora release 44 (Forty Four)
uname: Linux 7.1.12-200.fc44.x86_64 #1 SMP PREEMPT_DYNAMIC Fri Aug 28 14:00:18 UTC 2026 x86_64
OS uptime: 0 days 9:51 hours
libc: glibc 2.43 NPTL 2.43 
rlimit (soft/hard): STACK 8192k/infinity , CORE infinity/infinity , NPROC 513653/513653 , NOFILE 524288/524288 , AS infinity/infinity , CPU infinity/infinity , DATA infinity/infinity , FSIZE infinity/infinity , MEMLOCK 8192k/8192k
load average: 0.97 1.23 1.00

/proc/meminfo:
MemTotal:       131553804 kB
MemFree:        27091176 kB
MemAvailable:   44998256 kB
Buffers:            4120 kB
Cached:         68527220 kB
SwapCached:            0 kB
Active:         89782880 kB
Inactive:       11615992 kB
Active(anon):   83452556 kB
Inactive(anon):        0 kB
Active(file):    6330324 kB
Inactive(file): 11615992 kB
Unevictable:          48 kB
Mlocked:              48 kB
SwapTotal:       8388604 kB
SwapFree:        8388604 kB
Zswap:                 0 kB
Zswapped:              0 kB
Dirty:              4096 kB
Writeback:             0 kB
AnonPages:      32868600 kB
Mapped:         53490656 kB
Shmem:          51088892 kB
KReclaimable:    1214356 kB
Slab:            1736588 kB
SReclaimable:    1214356 kB
SUnreclaim:       522232 kB
KernelStack:       42400 kB
PageTables:       245900 kB
SecPageTables:      7468 kB
NFS_Unstable:          0 kB
Bounce:                0 kB
WritebackTmp:          0 kB
CommitLimit:    74165504 kB
Committed_AS:   132559012 kB
VmallocTotal:   34359738367 kB
VmallocUsed:      313372 kB
VmallocChunk:          0 kB
Percpu:            17600 kB
HardwareCorrupted:     0 kB
AnonHugePages:   3233792 kB
ShmemHugePages:        0 kB
ShmemPmdMapped:        0 kB
FileHugePages:     20480 kB
FilePmdMapped:     12288 kB
CmaTotal:              0 kB
CmaFree:               0 kB
Unaccepted:            0 kB
Balloon:               0 kB
GPUActive:             0 kB
GPUReclaim:            0 kB
HugePages_Total:       0
HugePages_Free:        0
HugePages_Rsvd:        0
HugePages_Surp:        0
Hugepagesize:       2048 kB
Hugetlb:               0 kB
DirectMap4k:     3359856 kB
DirectMap2M:    59215872 kB
DirectMap1G:    71303168 kB

/sys/kernel/mm/transparent_hugepage/enabled: always [madvise] never
/sys/kernel/mm/transparent_hugepage/hpage_pmd_size: 2097152
/sys/kernel/mm/transparent_hugepage/shmem_enabled: always within_size advise [never] deny force
/sys/kernel/mm/transparent_hugepage/defrag (defrag/compaction efforts parameter): always defer defer+madvise [madvise] never

Process Memory:
Virtual Size: 35860440K (peak: 35860440K)
Resident Set Size: 175092K (peak: 175092K) (anon: 70148K, file: 103072K, shmem: 1872K)
Swapped out: 0K
C-Heap outstanding allocations: 190289K, retained: 4846K
glibc malloc tunables: (default)

/proc/sys/kernel/threads-max (system-wide limit on the number of threads): 1027307
/proc/sys/vm/max_map_count (maximum number of memory map areas a process may have): 1048576
/proc/sys/vm/swappiness (control to define how aggressively the kernel swaps out anonymous memory): 10
/proc/sys/kernel/pid_max (system-wide limit on number of process identifiers): 4194304

container information not found.
Steal ticks since vm start: 0
Steal ticks percentage since vm start:  0.000

CPU: total 20 (initial active 20) (10 cores per cpu, 2 threads per core) family 6 model 85 stepping 4 microcode 0x2007006, cx8, cmov, fxsr, ht, mmx, 3dnowpref, sse, sse2, sse3, ssse3, sse4.1, sse4.2, popcnt, lzcnt, tsc, tscinvbit, avx, avx2, aes, erms, clmul, bmi1, bmi2, rtm, adx, fma, vzeroupper, clflush, clflushopt, clwb, rdtscp, f16c
CPU Model and flags from /proc/cpuinfo:
model name	: Intel(R) Core(TM) i9-9820X CPU @ 3.30GHz
flags		: fpu vme de pse tsc msr pae mce cx8 apic sep mtrr pge mca cmov pat pse36 clflush dts acpi mmx fxsr sse sse2 ss ht tm pbe syscall nx pdpe1gb rdtscp lm constant_tsc art arch_perfmon pebs bts rep_good nopl xtopology nonstop_tsc cpuid aperfmperf pni pclmulqdq dtes64 monitor ds_cpl vmx est tm2 ssse3 sdbg fma cx16 xtpr pdcm pcid dca sse4_1 sse4_2 x2apic movbe popcnt tsc_deadline_timer aes xsave avx f16c rdrand lahf_lm abm 3dnowprefetch cpuid_fault epb cat_l3 cdp_l3 pti ssbd mba ibrs ibpb stibp tpr_shadow flexpriority ept vpid ept_ad fsgsbase tsc_adjust bmi1 hle avx2 smep bmi2 erms invpcid rtm cqm mpx rdt_a avx512f avx512dq rdseed adx smap clflushopt clwb intel_pt avx512cd avx512bw avx512vl xsaveopt xsavec xgetbv1 xsaves cqm_llc cqm_occup_llc cqm_mbm_total cqm_mbm_local dtherm ida arat pln pts hwp hwp_act_window hwp_epp hwp_pkg_req vnmi md_clear flush_l1d arch_capabilities

Online cpus: 0-19
Offline cpus: 
BIOS frequency limitation: <Not Available>
Frequency switch latency (ns): 0
Available cpu frequencies: <Not Available>
Current governor: performance
Core performance/turbo boost: <Not Available>

Memory: 4k page, physical 131553804k(44998256k free), swap 8388604k(8388604k free)
Page Sizes: 4k

vm_info: OpenJDK 64-Bit Server VM (25+36-LTS) for linux-amd64 JRE (25+36-LTS), built on 2025-09-16T00:00:00Z with gcc 14.2.0

END.
