#
# A fatal error has been detected by the Java Runtime Environment:
#
#  SIGSEGV (0xb) at pc=0x00007f28de91a7e4, pid=33533, tid=33534
#
# JRE version: OpenJDK Runtime Environment Temurin-25+36 (25.0+36) (build 25+36-LTS)
# Java VM: OpenJDK 64-Bit Server VM Temurin-25+36 (25+36-LTS, mixed mode, sharing, tiered, compressed oops, compressed class ptrs, g1 gc, linux-amd64)
# Problematic frame:
# C  [libnvidia-eglcore.so.580.173.02+0xb1a7e4]
#
# Core dump will be written. Default location: Core dumps may be processed with "/usr/lib/systemd/systemd-coredump %P %u %g %s %t %c %h %d %F" (or dumping to /home/seal/Projects/NanoCraft/core.33533)
#
# If you would like to submit a bug report, please visit:
#   https://github.com/adoptium/adoptium-support/issues
# The crash happened outside the Java Virtual Machine in native code.
# See problematic frame for where to report the bug.
#

---------------  S U M M A R Y ------------

Command Line: -Dorg.lwjgl.glfw.libname=glfw build/libs/NanoCraft-snap.jar

Host: Intel(R) Core(TM) i9-9820X CPU @ 3.30GHz, 20 cores, 125G, Fedora release 44 (Forty Four)
Time: Wed Sep  2 08:14:28 2026 PDT elapsed time: 0.346006 seconds (0d 0h 0m 0s)

---------------  T H R E A D  ---------------

Current thread (0x00007f298402b950):  JavaThread "main"             [_thread_in_native, id=33534, stack(0x00007f2989f00000,0x00007f298a000000) (1024K)]

Stack: [0x00007f2989f00000,0x00007f298a000000],  sp=0x00007f2989ffdee0,  free space=1015k
Native frames: (J=compiled Java code, j=interpreted, Vv=VM code, C=native code)
C  [libnvidia-eglcore.so.580.173.02+0xb1a7e4]
Java frames: (J=compiled Java code, j=interpreted, Vv=VM code)
j  org.lwjgl.opengl.GL12C.nglTexSubImage3D(IIIIIIIIIIJ)V+0
j  org.lwjgl.opengl.GL12C.glTexSubImage3D(IIIIIIIIIILjava/nio/ByteBuffer;)V+21
j  org.lwjgl.opengl.GL12.glTexSubImage3D(IIIIIIIIIILjava/nio/ByteBuffer;)V+18
j  org.sutormin.nanocraft.Texture.createTexture()V+164
j  org.sutormin.nanocraft.Texture.<init>(Ljava/lang/String;)V+16
j  org.sutormin.nanocraft.NanoCraft.init()V+201
j  org.sutormin.nanocraft.NanoCraft.run()V+1
j  org.sutormin.nanocraft.Main.main()V+7
v  ~StubRoutines::call_stub 0x00007f297385ffa6

siginfo: si_signo: 11 (SIGSEGV), si_code: 2 (SEGV_ACCERR), si_addr: 0x00007f2984aac000

Registers:
RAX=0x00007f2984aabfe0, RBX=0x00007f2989ffe070, RCX=0x0000000000004000, RDX=0x0000000000004000
RSP=0x00007f2989ffdee0, RBP=0x0000000000001000, RSI=0x00007f2984aab360, RDI=0x00007f28b800fca0
R8 =0x00007f2989ffdefc, R9 =0x0000000000000000, R10=0x00007f28b8013020, R11=0x0000000000000001
R12=0x0000000055000000, R13=0x00007f28de4f2510, R14=0x0000000000000000, R15=0x0000000000000005
RIP=0x00007f28de91a7e4, EFLAGS=0x0000000000010283, CSGSFS=0x002b000000000033, ERR=0x0000000000000004
  TRAPNO=0x000000000000000e

XMM[0]=0x0000000000000000 0x0000000000000000
XMM[1]=0x0000000000000000 0x0000000000000000
XMM[2]=0x0000000000000000 0x0000000000000000
XMM[3]=0xe081d38bc38b04c7 0x8348f103481e8bdd
XMM[4]=0x0000000000000000 0x0000000000000000
XMM[5]=0x0000e281d80b0000 0xff00e381000000ff
XMM[6]=0xe081d38bc38b04c7 0x8348f103481e8bdd
XMM[7]=0xf7d9f74800000005 0x8f0f00000004b900
XMM[8]=0x0000000000000000 0x0000000000000000
XMM[9]=0x0000000000000001 0x0000000000000001
XMM[10]=0x0000000000000002 0x0000000000000002
XMM[11]=0xffffffffffffffff 0xffffffffffffffff
XMM[12]=0x0000000000000001 0x0000000000000001
XMM[13]=0x0000000000000000 0x00ff003000300030
XMM[14]=0x0000000000000000 0x3ff0000000000000
XMM[15]=0x0000000000000000 0x404bbdbdbdbdbdbe
  MXCSR=0x00001fa2


Register to memory mapping:

RAX=0x00007f2984aabfe0 points into unknown readable memory: 0x007666766e457865 | 65 78 45 6e 76 66 76 00
RBX=0x00007f2989ffe070 is pointing into the stack for thread: 0x00007f298402b950
RCX=0x0000000000004000 is an unknown value
RDX=0x0000000000004000 is an unknown value
RSP=0x00007f2989ffdee0 is pointing into the stack for thread: 0x00007f298402b950
RBP=0x0000000000001000 is an unknown value
RSI=0x00007f2984aab360 points into unknown readable memory: 0x0000000000000000 | 00 00 00 00 00 00 00 00
RDI=0x00007f28b800fca0 points into unknown readable memory: 0x0000000000000000 | 00 00 00 00 00 00 00 00
R8 =0x00007f2989ffdefc is pointing into the stack for thread: 0x00007f298402b950
R9 =0x0 is null
R10=0x00007f28b8013020 points into unknown readable memory: 0x0000000000000000 | 00 00 00 00 00 00 00 00
R11=0x0000000000000001 is an unknown value
R12=0x0000000055000000 points into unknown readable memory: 0x00007f2984613d10 | 10 3d 61 84 29 7f 00 00
R13=0x00007f28de4f2510: <offset 0x00000000006f2510> in /lib64/libnvidia-eglcore.so.580.173.02 at 0x00007f28dde00000
R14=0x0 is null
R15=0x0000000000000005 is an unknown value

Top of Stack: (sp=0x00007f2989ffdee0)
0x00007f2989ffdee0:   00007f2989ffe070 00007f28de4f47fd   p...)....GO.(...
0x00007f2989ffdef0:   ffffffff00000004 0000000100001000   ................
0x00007f2989ffdf00:   00007f2989ffe070 00007f2989ffe070   p...)...p...)...
0x00007f2989ffdf10:   00007f2984a84090 0000000055000000   .@..)......U....
0x00007f2989ffdf20:   00007f28de4f47a0 00007f2984a83b30   .GO.(...0;..)...
0x00007f2989ffdf30:   0000000000000000 00007f28de4fe9af   ..........O.(...
0x00007f2989ffdf40:   0000000400000001 0000000000001000   ................
0x00007f2989ffdf50:   0000000500004f4f 0000000000000000   OO..............
0x00007f2989ffdf60:   0000000000000000 0000000000000000   ................
0x00007f2989ffdf70:   00007f2984a83b30 00007f2984a84090   0;..)....@..)...
0x00007f2989ffdf80:   00007f2984a83b30 0000000055000000   0;..)......U....
0x00007f2989ffdf90:   00007f2989ffe070 000000000000001e   p...)...........
0x00007f2989ffdfa0:   0000000000000000 00007f28de6033ea   .........3`.(...
0x00007f2989ffdfb0:   0000000000000000 0000100000001000   ................
0x00007f2989ffdfc0:   00007f2900001000 0000100000000001   ....)...........
0x00007f2989ffdfd0:   0000000000000000 0000000000000000   ................
0x00007f2989ffdfe0:   00007f28dff80e20 00007f28dff7a200    ...(.......(...
0x00007f2989ffdff0:   0000000100000000 0000002900000001   ............)...
0x00007f2989ffe000:   00007f2984264958 000000001505caa0   XI&.)...........
0x00007f2989ffe010:   ffffffff00000004 ffffffffffffffff   ................
0x00007f2989ffe020:   0b007f0000000038 00007f298b60a558   8.......X.`.)...
0x00007f2989ffe030:   0000000000000000 00007f298402d4f8   ............)...
0x00007f2989ffe040:   00007f2973869437 00007f2989ffe100   7..s).......)...
0x00007f2989ffe050:   00007f2989ffe1e0 00007f2989ffe0c0   ....).......)...
0x00007f2989ffe060:   00007f2989ffe080 00007f298a543297   ....)....2T.)...
0x00007f2989ffe070:   00007f2989ff081e 00007f2984a9b360   ....)...`...)...
0x00007f2989ffe080:   00007f2984aab360 0000000000000000   `...)...........
0x00007f2989ffe090:   00007f29145e63e8 0000000000000000   .c^.)...........
0x00007f2989ffe0a0:   0000000400004000 0000000400000004   .@..............
0x00007f2989ffe0b0:   0000000000000001 0000000000000000   ................
0x00007f2989ffe0c0:   00007f298b60a2f0 0000000000000000   ..`.)...........
0x00007f2989ffe0d0:   0000100000001000 00007f2900000004   ............)...

Instructions: (pc=0x00007f28de91a7e4)
  0x00007f28de91a6e4:   48 83 c1 10 0f 29 79 f0 48 39 d1 75 ef e9 1b fe
  0x00007f28de91a6f4:   ff ff 66 2e 0f 1f 84 00 00 00 00 00 48 89 f9 53
  0x00007f28de91a704:   83 e1 0f 0f 85 93 01 00 00 40 f6 c6 0f 0f 84 a9
  0x00007f28de91a714:   00 00 00 48 83 fa 3f 0f 86 3f 02 00 00 48 8d 42
  0x00007f28de91a724:   c0 48 83 e0 c0 48 8d 48 40 48 89 f0 4c 8d 14 0f
  0x00007f28de91a734:   0f 1f 40 00 0f 10 50 10 0f 10 48 20 48 83 c7 40
  0x00007f28de91a744:   48 83 c0 40 0f 10 40 f0 0f 10 58 c0 0f 2b 57 d0
  0x00007f28de91a754:   0f 2b 5f c0 0f 2b 4f e0 0f 2b 47 f0 4c 39 d7 75
  0x00007f28de91a764:   d3 48 01 ce 83 e2 3f 48 83 fa 0f 76 3a 48 89 f7
  0x00007f28de91a774:   4c 89 d1 4d 8d 04 12 0f 10 2f 48 83 c1 10 4d 89
  0x00007f28de91a784:   c1 48 83 c7 10 0f 2b 69 f0 49 29 c9 49 83 f9 0f
  0x00007f28de91a794:   77 e5 48 8d 42 f0 83 e2 0f 48 83 e0 f0 48 83 c0
  0x00007f28de91a7a4:   10 48 01 c6 49 01 c2 0f ae f8 48 85 d2 0f 85 91
  0x00007f28de91a7b4:   00 00 00 5b c3 0f 1f 80 00 00 00 00 48 83 fa 3f
  0x00007f28de91a7c4:   0f 86 a6 01 00 00 48 8d 42 c0 48 83 e0 c0 48 8d
  0x00007f28de91a7d4:   48 40 48 89 f0 4c 8d 14 0f 0f 1f 00 0f 28 50 10
=>0x00007f28de91a7e4:   0f 28 48 20 48 83 c7 40 48 83 c0 40 0f 28 40 f0
  0x00007f28de91a7f4:   0f 28 60 c0 0f 2b 57 d0 0f 2b 67 c0 0f 2b 4f e0
  0x00007f28de91a804:   0f 2b 47 f0 4c 39 d7 75 d3 48 01 ce 83 e2 3f 48
  0x00007f28de91a814:   83 fa 0f 76 92 48 89 f7 4c 89 d1 4d 8d 04 12 0f
  0x00007f28de91a824:   28 37 48 83 c1 10 4d 89 c1 48 83 c7 10 0f 2b 71
  0x00007f28de91a834:   f0 49 29 c9 49 83 f9 0f 77 e5 e9 53 ff ff ff 0f
  0x00007f28de91a844:   1f 44 00 00 89 d0 83 fa 08 0f 82 dd 00 00 00 48
  0x00007f28de91a854:   8b 06 49 8d 7a 08 48 83 e7 f8 49 89 02 89 d0 48
  0x00007f28de91a864:   8b 4c 06 f8 49 89 4c 02 f8 4c 89 d0 48 29 f8 48
  0x00007f28de91a874:   29 c6 01 d0 83 e0 f8 83 f8 08 0f 82 33 ff ff ff
  0x00007f28de91a884:   83 e0 f8 31 d2 89 d1 83 c2 08 4c 8b 04 0e 4c 89
  0x00007f28de91a894:   04 0f 39 c2 72 ef 5b c3 0f 1f 40 00 b8 10 00 00
  0x00007f28de91a8a4:   00 29 c8 48 98 48 39 c2 48 0f 46 c2 83 f8 08 73
  0x00007f28de91a8b4:   2b a8 04 0f 85 cb 00 00 00 85 c0 74 0d 0f b6 0e
  0x00007f28de91a8c4:   88 0f a8 02 0f 85 cf 00 00 00 48 01 c7 48 01 c6
  0x00007f28de91a8d4:   48 29 c2 e9 31 fe ff ff 0f 1f 40 00 48 8b 0e 4c


Stack slot to memory mapping:

stack at sp + 0 slots: 0x00007f2989ffe070 is pointing into the stack for thread: 0x00007f298402b950
stack at sp + 1 slots: 0x00007f28de4f47fd: <offset 0x00000000006f47fd> in /lib64/libnvidia-eglcore.so.580.173.02 at 0x00007f28dde00000
stack at sp + 2 slots: 0xffffffff00000004 is an unknown value
stack at sp + 3 slots: 0x0000000100001000 is an unallocated location in the heap
stack at sp + 4 slots: 0x00007f2989ffe070 is pointing into the stack for thread: 0x00007f298402b950
stack at sp + 5 slots: 0x00007f2989ffe070 is pointing into the stack for thread: 0x00007f298402b950
stack at sp + 6 slots: 0x00007f2984a84090 points into unknown readable memory: 0x00007f2984a87ec0 | c0 7e a8 84 29 7f 00 00
stack at sp + 7 slots: 0x0000000055000000 points into unknown readable memory: 0x00007f2984613d10 | 10 3d 61 84 29 7f 00 00

Lock stack of current Java thread (top to bottom):


---------------  P R O C E S S  ---------------

Threads class SMR info:
_java_thread_list=0x00007f28e4044190, length=13, elements={
0x00007f298402b950, 0x00007f298411a050, 0x00007f298411b090, 0x00007f298411c4a0,
0x00007f298411ddc0, 0x00007f298411f640, 0x00007f29841214c0, 0x00007f2984122eb0,
0x00007f298412f960, 0x00007f29841320f0, 0x00007f28f0034840, 0x00007f28f0037a90,
0x00007f28ec18e2a0
}

Java Threads: ( => current thread )
=>0x00007f298402b950 JavaThread "main"                              [_thread_in_native, id=33534, stack(0x00007f2989f00000,0x00007f298a000000) (1024K)]
  0x00007f298411a050 JavaThread "Reference Handler"          daemon [_thread_blocked, id=33546, stack(0x00007f29440f5000,0x00007f29441f6000) (1028K)]
  0x00007f298411b090 JavaThread "Finalizer"                  daemon [_thread_blocked, id=33547, stack(0x00007f2927dfe000,0x00007f2927eff000) (1028K)]
  0x00007f298411c4a0 JavaThread "Signal Dispatcher"          daemon [_thread_blocked, id=33548, stack(0x00007f2927cfe000,0x00007f2927dfe000) (1024K)]
  0x00007f298411ddc0 JavaThread "Service Thread"             daemon [_thread_blocked, id=33549, stack(0x00007f2927bfe000,0x00007f2927cfe000) (1024K)]
  0x00007f298411f640 JavaThread "Monitor Deflation Thread"   daemon [_thread_blocked, id=33550, stack(0x00007f2927afe000,0x00007f2927bfe000) (1024K)]
  0x00007f29841214c0 JavaThread "C2 CompilerThread0"         daemon [_thread_blocked, id=33551, stack(0x00007f29279fe000,0x00007f2927afe000) (1024K)]
  0x00007f2984122eb0 JavaThread "C1 CompilerThread0"         daemon [_thread_blocked, id=33552, stack(0x00007f29278fe000,0x00007f29279fe000) (1024K)]
  0x00007f298412f960 JavaThread "Notification Thread"        daemon [_thread_blocked, id=33553, stack(0x00007f29277fe000,0x00007f29278fe000) (1024K)]
  0x00007f29841320f0 JavaThread "Common-Cleaner"             daemon [_thread_blocked, id=33554, stack(0x00007f29276fe000,0x00007f29277fe000) (1024K)]
  0x00007f28f0034840 JavaThread "C1 CompilerThread1"         daemon [_thread_blocked, id=33555, stack(0x00007f29275fe000,0x00007f29276fe000) (1024K)]
  0x00007f28f0037a90 JavaThread "C1 CompilerThread2"         daemon [_thread_blocked, id=33556, stack(0x00007f29274fe000,0x00007f29275fe000) (1024K)]
  0x00007f28ec18e2a0 JavaThread "C1 CompilerThread3"         daemon [_thread_blocked, id=33558, stack(0x00007f29272fe000,0x00007f29273fe000) (1024K)]
Total: 13

Other Threads:
  0x00007f29841104c0 VMThread "VM Thread"                           [id=33545, stack(0x00007f29441f7000,0x00007f29442f7000) (1024K)]
  0x00007f29840ffc80 WatcherThread "VM Periodic Task Thread"        [id=33544, stack(0x00007f2927f00000,0x00007f2928000000) (1024K)]
  0x00007f298405bd40 WorkerThread "GC Thread#0"                     [id=33535, stack(0x00007f2988ac3000,0x00007f2988bc3000) (1024K)]
  0x00007f2984073db0 ConcurrentGCThread "G1 Main Marker"            [id=33536, stack(0x00007f29889c2000,0x00007f2988ac2000) (1024K)]
  0x00007f2984074fb0 WorkerThread "G1 Conc#0"                       [id=33537, stack(0x00007f29888c1000,0x00007f29889c1000) (1024K)]
  0x00007f29840e81d0 ConcurrentGCThread "G1 Refine#0"               [id=33538, stack(0x00007f29443f9000,0x00007f29444f9000) (1024K)]
  0x00007f29840e93c0 ConcurrentGCThread "G1 Service"                [id=33539, stack(0x00007f29442f8000,0x00007f29443f8000) (1024K)]
Total: 7

Threads with active compile tasks:
Total: 0

VM state: not at safepoint (normal execution)

VM Mutex/Monitor currently owned by a thread: None

Heap address: 0x0000000082000000, size: 30688 MB, Compressed Oops mode: Zero based, Oop shift amount: 3

CDS archive(s) mapped at: [0x0000000014000000-0x0000000014d8c000-0x0000000014d8c000), size 14204928, SharedBaseAddress: 0x0000000014000000, ArchiveRelocationMode: 1.
Compressed class space mapped at: 0x0000000015000000-0x0000000055000000, reserved size: 1073741824
UseCompressedClassPointers 1, UseCompactObjectHeaders 0
Narrow klass pointer bits 32, Max shift 3
Narrow klass base: 0x0000000014000000, Narrow klass shift: 0
Encoding Range: [0x0000000014000000 - 0x0000000114000000), (4294967296 bytes)
Klass Range:    [0x0000000014001000 - 0x0000000055000000), (1090514944 bytes)
Klass ID Range:  [4096 - 1090519033) (1090514937)
Protection zone: [0x0000000014000000 - 0x0000000014001000), (4096 bytes)

GC Precious Log:
 CardTable entry size: 512
 Card Set container configuration: InlinePtr #cards 3 size 8 Array Of Cards #cards 128 size 272 Howl #buckets 8 coarsen threshold 29491 Howl Bitmap #cards 4096 size 528 coarsen threshold 3686 Card regions per heap region 1 cards per card region 32768
 CPUs: 20 total, 20 available
 Memory: 125G
 Large Page Support: Disabled
 NUMA Support: Disabled
 Compressed Oops: Enabled (Zero based)
 Heap Region Size: 16M
 Heap Min Capacity: 16M
 Heap Initial Capacity: 2016M
 Heap Max Capacity: 30688M
 Pre-touch: Disabled
 Parallel Workers: 15
 Concurrent Workers: 4
 Concurrent Refinement Workers: 15
 Periodic GC: Disabled

Heap:
 garbage-first heap   total reserved 31424512K, committed 2080768K, used 1155K [0x0000000082000000, 0x0000000800000000)
  region size 16384K, 1 young (16384K), 0 survivors (0K)

Heap Regions: E=young(eden), S=young(survivor), O=old, HS=humongous(starts), HC=humongous(continues), CS=collection set, F=free, TAMS=top-at-mark-start, PB=parsable bottom
|   0|0x0000000082000000, 0x0000000082000000, 0x0000000083000000|  0%| F|  |TAMS 0x0000000082000000| PB 0x0000000082000000| Untracked |  0
|   1|0x0000000083000000, 0x0000000083000000, 0x0000000084000000|  0%| F|  |TAMS 0x0000000083000000| PB 0x0000000083000000| Untracked |  0
|   2|0x0000000084000000, 0x0000000084000000, 0x0000000085000000|  0%| F|  |TAMS 0x0000000084000000| PB 0x0000000084000000| Untracked |  0
|   3|0x0000000085000000, 0x0000000085000000, 0x0000000086000000|  0%| F|  |TAMS 0x0000000085000000| PB 0x0000000085000000| Untracked |  0
|   4|0x0000000086000000, 0x0000000086000000, 0x0000000087000000|  0%| F|  |TAMS 0x0000000086000000| PB 0x0000000086000000| Untracked |  0
|   5|0x0000000087000000, 0x0000000087000000, 0x0000000088000000|  0%| F|  |TAMS 0x0000000087000000| PB 0x0000000087000000| Untracked |  0
|   6|0x0000000088000000, 0x0000000088000000, 0x0000000089000000|  0%| F|  |TAMS 0x0000000088000000| PB 0x0000000088000000| Untracked |  0
|   7|0x0000000089000000, 0x0000000089000000, 0x000000008a000000|  0%| F|  |TAMS 0x0000000089000000| PB 0x0000000089000000| Untracked |  0
|   8|0x000000008a000000, 0x000000008a000000, 0x000000008b000000|  0%| F|  |TAMS 0x000000008a000000| PB 0x000000008a000000| Untracked |  0
|   9|0x000000008b000000, 0x000000008b000000, 0x000000008c000000|  0%| F|  |TAMS 0x000000008b000000| PB 0x000000008b000000| Untracked |  0
|  10|0x000000008c000000, 0x000000008c000000, 0x000000008d000000|  0%| F|  |TAMS 0x000000008c000000| PB 0x000000008c000000| Untracked |  0
|  11|0x000000008d000000, 0x000000008d000000, 0x000000008e000000|  0%| F|  |TAMS 0x000000008d000000| PB 0x000000008d000000| Untracked |  0
|  12|0x000000008e000000, 0x000000008e000000, 0x000000008f000000|  0%| F|  |TAMS 0x000000008e000000| PB 0x000000008e000000| Untracked |  0
|  13|0x000000008f000000, 0x000000008f000000, 0x0000000090000000|  0%| F|  |TAMS 0x000000008f000000| PB 0x000000008f000000| Untracked |  0
|  14|0x0000000090000000, 0x0000000090000000, 0x0000000091000000|  0%| F|  |TAMS 0x0000000090000000| PB 0x0000000090000000| Untracked |  0
|  15|0x0000000091000000, 0x0000000091000000, 0x0000000092000000|  0%| F|  |TAMS 0x0000000091000000| PB 0x0000000091000000| Untracked |  0
|  16|0x0000000092000000, 0x0000000092000000, 0x0000000093000000|  0%| F|  |TAMS 0x0000000092000000| PB 0x0000000092000000| Untracked |  0
|  17|0x0000000093000000, 0x0000000093000000, 0x0000000094000000|  0%| F|  |TAMS 0x0000000093000000| PB 0x0000000093000000| Untracked |  0
|  18|0x0000000094000000, 0x0000000094000000, 0x0000000095000000|  0%| F|  |TAMS 0x0000000094000000| PB 0x0000000094000000| Untracked |  0
|  19|0x0000000095000000, 0x0000000095000000, 0x0000000096000000|  0%| F|  |TAMS 0x0000000095000000| PB 0x0000000095000000| Untracked |  0
|  20|0x0000000096000000, 0x0000000096000000, 0x0000000097000000|  0%| F|  |TAMS 0x0000000096000000| PB 0x0000000096000000| Untracked |  0
|  21|0x0000000097000000, 0x0000000097000000, 0x0000000098000000|  0%| F|  |TAMS 0x0000000097000000| PB 0x0000000097000000| Untracked |  0
|  22|0x0000000098000000, 0x0000000098000000, 0x0000000099000000|  0%| F|  |TAMS 0x0000000098000000| PB 0x0000000098000000| Untracked |  0
|  23|0x0000000099000000, 0x0000000099000000, 0x000000009a000000|  0%| F|  |TAMS 0x0000000099000000| PB 0x0000000099000000| Untracked |  0
|  24|0x000000009a000000, 0x000000009a000000, 0x000000009b000000|  0%| F|  |TAMS 0x000000009a000000| PB 0x000000009a000000| Untracked |  0
|  25|0x000000009b000000, 0x000000009b000000, 0x000000009c000000|  0%| F|  |TAMS 0x000000009b000000| PB 0x000000009b000000| Untracked |  0
|  26|0x000000009c000000, 0x000000009c000000, 0x000000009d000000|  0%| F|  |TAMS 0x000000009c000000| PB 0x000000009c000000| Untracked |  0
|  27|0x000000009d000000, 0x000000009d000000, 0x000000009e000000|  0%| F|  |TAMS 0x000000009d000000| PB 0x000000009d000000| Untracked |  0
|  28|0x000000009e000000, 0x000000009e000000, 0x000000009f000000|  0%| F|  |TAMS 0x000000009e000000| PB 0x000000009e000000| Untracked |  0
|  29|0x000000009f000000, 0x000000009f000000, 0x00000000a0000000|  0%| F|  |TAMS 0x000000009f000000| PB 0x000000009f000000| Untracked |  0
|  30|0x00000000a0000000, 0x00000000a0000000, 0x00000000a1000000|  0%| F|  |TAMS 0x00000000a0000000| PB 0x00000000a0000000| Untracked |  0
|  31|0x00000000a1000000, 0x00000000a1000000, 0x00000000a2000000|  0%| F|  |TAMS 0x00000000a1000000| PB 0x00000000a1000000| Untracked |  0
|  32|0x00000000a2000000, 0x00000000a2000000, 0x00000000a3000000|  0%| F|  |TAMS 0x00000000a2000000| PB 0x00000000a2000000| Untracked |  0
|  33|0x00000000a3000000, 0x00000000a3000000, 0x00000000a4000000|  0%| F|  |TAMS 0x00000000a3000000| PB 0x00000000a3000000| Untracked |  0
|  34|0x00000000a4000000, 0x00000000a4000000, 0x00000000a5000000|  0%| F|  |TAMS 0x00000000a4000000| PB 0x00000000a4000000| Untracked |  0
|  35|0x00000000a5000000, 0x00000000a5000000, 0x00000000a6000000|  0%| F|  |TAMS 0x00000000a5000000| PB 0x00000000a5000000| Untracked |  0
|  36|0x00000000a6000000, 0x00000000a6000000, 0x00000000a7000000|  0%| F|  |TAMS 0x00000000a6000000| PB 0x00000000a6000000| Untracked |  0
|  37|0x00000000a7000000, 0x00000000a7000000, 0x00000000a8000000|  0%| F|  |TAMS 0x00000000a7000000| PB 0x00000000a7000000| Untracked |  0
|  38|0x00000000a8000000, 0x00000000a8000000, 0x00000000a9000000|  0%| F|  |TAMS 0x00000000a8000000| PB 0x00000000a8000000| Untracked |  0
|  39|0x00000000a9000000, 0x00000000a9000000, 0x00000000aa000000|  0%| F|  |TAMS 0x00000000a9000000| PB 0x00000000a9000000| Untracked |  0
|  40|0x00000000aa000000, 0x00000000aa000000, 0x00000000ab000000|  0%| F|  |TAMS 0x00000000aa000000| PB 0x00000000aa000000| Untracked |  0
|  41|0x00000000ab000000, 0x00000000ab000000, 0x00000000ac000000|  0%| F|  |TAMS 0x00000000ab000000| PB 0x00000000ab000000| Untracked |  0
|  42|0x00000000ac000000, 0x00000000ac000000, 0x00000000ad000000|  0%| F|  |TAMS 0x00000000ac000000| PB 0x00000000ac000000| Untracked |  0
|  43|0x00000000ad000000, 0x00000000ad000000, 0x00000000ae000000|  0%| F|  |TAMS 0x00000000ad000000| PB 0x00000000ad000000| Untracked |  0
|  44|0x00000000ae000000, 0x00000000ae000000, 0x00000000af000000|  0%| F|  |TAMS 0x00000000ae000000| PB 0x00000000ae000000| Untracked |  0
|  45|0x00000000af000000, 0x00000000af000000, 0x00000000b0000000|  0%| F|  |TAMS 0x00000000af000000| PB 0x00000000af000000| Untracked |  0
|  46|0x00000000b0000000, 0x00000000b0000000, 0x00000000b1000000|  0%| F|  |TAMS 0x00000000b0000000| PB 0x00000000b0000000| Untracked |  0
|  47|0x00000000b1000000, 0x00000000b1000000, 0x00000000b2000000|  0%| F|  |TAMS 0x00000000b1000000| PB 0x00000000b1000000| Untracked |  0
|  48|0x00000000b2000000, 0x00000000b2000000, 0x00000000b3000000|  0%| F|  |TAMS 0x00000000b2000000| PB 0x00000000b2000000| Untracked |  0
|  49|0x00000000b3000000, 0x00000000b3000000, 0x00000000b4000000|  0%| F|  |TAMS 0x00000000b3000000| PB 0x00000000b3000000| Untracked |  0
|  50|0x00000000b4000000, 0x00000000b4000000, 0x00000000b5000000|  0%| F|  |TAMS 0x00000000b4000000| PB 0x00000000b4000000| Untracked |  0
|  51|0x00000000b5000000, 0x00000000b5000000, 0x00000000b6000000|  0%| F|  |TAMS 0x00000000b5000000| PB 0x00000000b5000000| Untracked |  0
|  52|0x00000000b6000000, 0x00000000b6000000, 0x00000000b7000000|  0%| F|  |TAMS 0x00000000b6000000| PB 0x00000000b6000000| Untracked |  0
|  53|0x00000000b7000000, 0x00000000b7000000, 0x00000000b8000000|  0%| F|  |TAMS 0x00000000b7000000| PB 0x00000000b7000000| Untracked |  0
|  54|0x00000000b8000000, 0x00000000b8000000, 0x00000000b9000000|  0%| F|  |TAMS 0x00000000b8000000| PB 0x00000000b8000000| Untracked |  0
|  55|0x00000000b9000000, 0x00000000b9000000, 0x00000000ba000000|  0%| F|  |TAMS 0x00000000b9000000| PB 0x00000000b9000000| Untracked |  0
|  56|0x00000000ba000000, 0x00000000ba000000, 0x00000000bb000000|  0%| F|  |TAMS 0x00000000ba000000| PB 0x00000000ba000000| Untracked |  0
|  57|0x00000000bb000000, 0x00000000bb000000, 0x00000000bc000000|  0%| F|  |TAMS 0x00000000bb000000| PB 0x00000000bb000000| Untracked |  0
|  58|0x00000000bc000000, 0x00000000bc000000, 0x00000000bd000000|  0%| F|  |TAMS 0x00000000bc000000| PB 0x00000000bc000000| Untracked |  0
|  59|0x00000000bd000000, 0x00000000bd000000, 0x00000000be000000|  0%| F|  |TAMS 0x00000000bd000000| PB 0x00000000bd000000| Untracked |  0
|  60|0x00000000be000000, 0x00000000be000000, 0x00000000bf000000|  0%| F|  |TAMS 0x00000000be000000| PB 0x00000000be000000| Untracked |  0
|  61|0x00000000bf000000, 0x00000000bf000000, 0x00000000c0000000|  0%| F|  |TAMS 0x00000000bf000000| PB 0x00000000bf000000| Untracked |  0
|  62|0x00000000c0000000, 0x00000000c0000000, 0x00000000c1000000|  0%| F|  |TAMS 0x00000000c0000000| PB 0x00000000c0000000| Untracked |  0
|  63|0x00000000c1000000, 0x00000000c1000000, 0x00000000c2000000|  0%| F|  |TAMS 0x00000000c1000000| PB 0x00000000c1000000| Untracked |  0
|  64|0x00000000c2000000, 0x00000000c2000000, 0x00000000c3000000|  0%| F|  |TAMS 0x00000000c2000000| PB 0x00000000c2000000| Untracked |  0
|  65|0x00000000c3000000, 0x00000000c3000000, 0x00000000c4000000|  0%| F|  |TAMS 0x00000000c3000000| PB 0x00000000c3000000| Untracked |  0
|  66|0x00000000c4000000, 0x00000000c4000000, 0x00000000c5000000|  0%| F|  |TAMS 0x00000000c4000000| PB 0x00000000c4000000| Untracked |  0
|  67|0x00000000c5000000, 0x00000000c5000000, 0x00000000c6000000|  0%| F|  |TAMS 0x00000000c5000000| PB 0x00000000c5000000| Untracked |  0
|  68|0x00000000c6000000, 0x00000000c6000000, 0x00000000c7000000|  0%| F|  |TAMS 0x00000000c6000000| PB 0x00000000c6000000| Untracked |  0
|  69|0x00000000c7000000, 0x00000000c7000000, 0x00000000c8000000|  0%| F|  |TAMS 0x00000000c7000000| PB 0x00000000c7000000| Untracked |  0
|  70|0x00000000c8000000, 0x00000000c8000000, 0x00000000c9000000|  0%| F|  |TAMS 0x00000000c8000000| PB 0x00000000c8000000| Untracked |  0
|  71|0x00000000c9000000, 0x00000000c9000000, 0x00000000ca000000|  0%| F|  |TAMS 0x00000000c9000000| PB 0x00000000c9000000| Untracked |  0
|  72|0x00000000ca000000, 0x00000000ca000000, 0x00000000cb000000|  0%| F|  |TAMS 0x00000000ca000000| PB 0x00000000ca000000| Untracked |  0
|  73|0x00000000cb000000, 0x00000000cb000000, 0x00000000cc000000|  0%| F|  |TAMS 0x00000000cb000000| PB 0x00000000cb000000| Untracked |  0
|  74|0x00000000cc000000, 0x00000000cc000000, 0x00000000cd000000|  0%| F|  |TAMS 0x00000000cc000000| PB 0x00000000cc000000| Untracked |  0
|  75|0x00000000cd000000, 0x00000000cd000000, 0x00000000ce000000|  0%| F|  |TAMS 0x00000000cd000000| PB 0x00000000cd000000| Untracked |  0
|  76|0x00000000ce000000, 0x00000000ce000000, 0x00000000cf000000|  0%| F|  |TAMS 0x00000000ce000000| PB 0x00000000ce000000| Untracked |  0
|  77|0x00000000cf000000, 0x00000000cf000000, 0x00000000d0000000|  0%| F|  |TAMS 0x00000000cf000000| PB 0x00000000cf000000| Untracked |  0
|  78|0x00000000d0000000, 0x00000000d0000000, 0x00000000d1000000|  0%| F|  |TAMS 0x00000000d0000000| PB 0x00000000d0000000| Untracked |  0
|  79|0x00000000d1000000, 0x00000000d1000000, 0x00000000d2000000|  0%| F|  |TAMS 0x00000000d1000000| PB 0x00000000d1000000| Untracked |  0
|  80|0x00000000d2000000, 0x00000000d2000000, 0x00000000d3000000|  0%| F|  |TAMS 0x00000000d2000000| PB 0x00000000d2000000| Untracked |  0
|  81|0x00000000d3000000, 0x00000000d3000000, 0x00000000d4000000|  0%| F|  |TAMS 0x00000000d3000000| PB 0x00000000d3000000| Untracked |  0
|  82|0x00000000d4000000, 0x00000000d4000000, 0x00000000d5000000|  0%| F|  |TAMS 0x00000000d4000000| PB 0x00000000d4000000| Untracked |  0
|  83|0x00000000d5000000, 0x00000000d5000000, 0x00000000d6000000|  0%| F|  |TAMS 0x00000000d5000000| PB 0x00000000d5000000| Untracked |  0
|  84|0x00000000d6000000, 0x00000000d6000000, 0x00000000d7000000|  0%| F|  |TAMS 0x00000000d6000000| PB 0x00000000d6000000| Untracked |  0
|  85|0x00000000d7000000, 0x00000000d7000000, 0x00000000d8000000|  0%| F|  |TAMS 0x00000000d7000000| PB 0x00000000d7000000| Untracked |  0
|  86|0x00000000d8000000, 0x00000000d8000000, 0x00000000d9000000|  0%| F|  |TAMS 0x00000000d8000000| PB 0x00000000d8000000| Untracked |  0
|  87|0x00000000d9000000, 0x00000000d9000000, 0x00000000da000000|  0%| F|  |TAMS 0x00000000d9000000| PB 0x00000000d9000000| Untracked |  0
|  88|0x00000000da000000, 0x00000000da000000, 0x00000000db000000|  0%| F|  |TAMS 0x00000000da000000| PB 0x00000000da000000| Untracked |  0
|  89|0x00000000db000000, 0x00000000db000000, 0x00000000dc000000|  0%| F|  |TAMS 0x00000000db000000| PB 0x00000000db000000| Untracked |  0
|  90|0x00000000dc000000, 0x00000000dc000000, 0x00000000dd000000|  0%| F|  |TAMS 0x00000000dc000000| PB 0x00000000dc000000| Untracked |  0
|  91|0x00000000dd000000, 0x00000000dd000000, 0x00000000de000000|  0%| F|  |TAMS 0x00000000dd000000| PB 0x00000000dd000000| Untracked |  0
|  92|0x00000000de000000, 0x00000000de000000, 0x00000000df000000|  0%| F|  |TAMS 0x00000000de000000| PB 0x00000000de000000| Untracked |  0
|  93|0x00000000df000000, 0x00000000df000000, 0x00000000e0000000|  0%| F|  |TAMS 0x00000000df000000| PB 0x00000000df000000| Untracked |  0
|  94|0x00000000e0000000, 0x00000000e0000000, 0x00000000e1000000|  0%| F|  |TAMS 0x00000000e0000000| PB 0x00000000e0000000| Untracked |  0
|  95|0x00000000e1000000, 0x00000000e1000000, 0x00000000e2000000|  0%| F|  |TAMS 0x00000000e1000000| PB 0x00000000e1000000| Untracked |  0
|  96|0x00000000e2000000, 0x00000000e2000000, 0x00000000e3000000|  0%| F|  |TAMS 0x00000000e2000000| PB 0x00000000e2000000| Untracked |  0
|  97|0x00000000e3000000, 0x00000000e3000000, 0x00000000e4000000|  0%| F|  |TAMS 0x00000000e3000000| PB 0x00000000e3000000| Untracked |  0
|  98|0x00000000e4000000, 0x00000000e4000000, 0x00000000e5000000|  0%| F|  |TAMS 0x00000000e4000000| PB 0x00000000e4000000| Untracked |  0
|  99|0x00000000e5000000, 0x00000000e5000000, 0x00000000e6000000|  0%| F|  |TAMS 0x00000000e5000000| PB 0x00000000e5000000| Untracked |  0
| 100|0x00000000e6000000, 0x00000000e6000000, 0x00000000e7000000|  0%| F|  |TAMS 0x00000000e6000000| PB 0x00000000e6000000| Untracked |  0
| 101|0x00000000e7000000, 0x00000000e7000000, 0x00000000e8000000|  0%| F|  |TAMS 0x00000000e7000000| PB 0x00000000e7000000| Untracked |  0
| 102|0x00000000e8000000, 0x00000000e8000000, 0x00000000e9000000|  0%| F|  |TAMS 0x00000000e8000000| PB 0x00000000e8000000| Untracked |  0
| 103|0x00000000e9000000, 0x00000000e9000000, 0x00000000ea000000|  0%| F|  |TAMS 0x00000000e9000000| PB 0x00000000e9000000| Untracked |  0
| 104|0x00000000ea000000, 0x00000000ea000000, 0x00000000eb000000|  0%| F|  |TAMS 0x00000000ea000000| PB 0x00000000ea000000| Untracked |  0
| 105|0x00000000eb000000, 0x00000000eb000000, 0x00000000ec000000|  0%| F|  |TAMS 0x00000000eb000000| PB 0x00000000eb000000| Untracked |  0
| 106|0x00000000ec000000, 0x00000000ec000000, 0x00000000ed000000|  0%| F|  |TAMS 0x00000000ec000000| PB 0x00000000ec000000| Untracked |  0
| 107|0x00000000ed000000, 0x00000000ed000000, 0x00000000ee000000|  0%| F|  |TAMS 0x00000000ed000000| PB 0x00000000ed000000| Untracked |  0
| 108|0x00000000ee000000, 0x00000000ee000000, 0x00000000ef000000|  0%| F|  |TAMS 0x00000000ee000000| PB 0x00000000ee000000| Untracked |  0
| 109|0x00000000ef000000, 0x00000000ef000000, 0x00000000f0000000|  0%| F|  |TAMS 0x00000000ef000000| PB 0x00000000ef000000| Untracked |  0
| 110|0x00000000f0000000, 0x00000000f0000000, 0x00000000f1000000|  0%| F|  |TAMS 0x00000000f0000000| PB 0x00000000f0000000| Untracked |  0
| 111|0x00000000f1000000, 0x00000000f1000000, 0x00000000f2000000|  0%| F|  |TAMS 0x00000000f1000000| PB 0x00000000f1000000| Untracked |  0
| 112|0x00000000f2000000, 0x00000000f2000000, 0x00000000f3000000|  0%| F|  |TAMS 0x00000000f2000000| PB 0x00000000f2000000| Untracked |  0
| 113|0x00000000f3000000, 0x00000000f3000000, 0x00000000f4000000|  0%| F|  |TAMS 0x00000000f3000000| PB 0x00000000f3000000| Untracked |  0
| 114|0x00000000f4000000, 0x00000000f4000000, 0x00000000f5000000|  0%| F|  |TAMS 0x00000000f4000000| PB 0x00000000f4000000| Untracked |  0
| 115|0x00000000f5000000, 0x00000000f5000000, 0x00000000f6000000|  0%| F|  |TAMS 0x00000000f5000000| PB 0x00000000f5000000| Untracked |  0
| 116|0x00000000f6000000, 0x00000000f6000000, 0x00000000f7000000|  0%| F|  |TAMS 0x00000000f6000000| PB 0x00000000f6000000| Untracked |  0
| 117|0x00000000f7000000, 0x00000000f7000000, 0x00000000f8000000|  0%| F|  |TAMS 0x00000000f7000000| PB 0x00000000f7000000| Untracked |  0
| 118|0x00000000f8000000, 0x00000000f8000000, 0x00000000f9000000|  0%| F|  |TAMS 0x00000000f8000000| PB 0x00000000f8000000| Untracked |  0
| 119|0x00000000f9000000, 0x00000000f9000000, 0x00000000fa000000|  0%| F|  |TAMS 0x00000000f9000000| PB 0x00000000f9000000| Untracked |  0
| 120|0x00000000fa000000, 0x00000000fa000000, 0x00000000fb000000|  0%| F|  |TAMS 0x00000000fa000000| PB 0x00000000fa000000| Untracked |  0
| 121|0x00000000fb000000, 0x00000000fb000000, 0x00000000fc000000|  0%| F|  |TAMS 0x00000000fb000000| PB 0x00000000fb000000| Untracked |  0
| 122|0x00000000fc000000, 0x00000000fc000000, 0x00000000fd000000|  0%| F|  |TAMS 0x00000000fc000000| PB 0x00000000fc000000| Untracked |  0
| 123|0x00000000fd000000, 0x00000000fd000000, 0x00000000fe000000|  0%| F|  |TAMS 0x00000000fd000000| PB 0x00000000fd000000| Untracked |  0
| 124|0x00000000fe000000, 0x00000000fe000000, 0x00000000ff000000|  0%| F|  |TAMS 0x00000000fe000000| PB 0x00000000fe000000| Untracked |  0
| 125|0x00000000ff000000, 0x00000000fff5cae8, 0x0000000100000000| 96%| E|  |TAMS 0x00000000ff000000| PB 0x00000000ff000000| Complete |  0
|1917|0x00000007ff000000, 0x00000007ff120f88, 0x0000000800000000|  7%| O|  |TAMS 0x00000007ff000000| PB 0x00000007ff000000| Untracked |  0

Card table byte_map: [0x00007f2964c20000,0x00007f2968810000] _byte_map_base: 0x00007f2964810000

Marking Bits: (CMBitMap*) 0x00007f298405ca90
 Bits: [0x00007f2946ca0000, 0x00007f2964c20000)

Polling page: 0x00007f298bb31000

Metaspace:
Metaspace        used 3667K, committed 3840K, reserved 1114112K
 class space     used 182K, committed 256K, reserved 1048576K

Usage:
  Non-class:      3.40 MB used.
      Class:    182.66 KB used.
       Both:      3.58 MB used.

Virtual space:
  Non-class space:       64.00 MB reserved,       3.50 MB (  5%) committed,  1 nodes.
      Class space:        1.00 GB reserved,     256.00 KB ( <1%) committed,  1 nodes.
             Both:        1.06 GB reserved,       3.75 MB ( <1%) committed. 

Chunk freelists:
   Non-Class:  10.08 MB
       Class:  15.64 MB
        Both:  25.72 MB

MaxMetaspaceSize: unlimited
CompressedClassSpaceSize: 1.00 GB
Initial GC threshold: 21.00 MB
Current GC threshold: 21.00 MB
CDS: on
 - commit_granule_bytes: 65536.
 - commit_granule_words: 8192.
 - virtual_space_node_default_size: 8388608.
 - enlarge_chunks_in_place: 1.
UseCompressedClassPointers 1, UseCompactObjectHeaders 0
Narrow klass pointer bits 32, Max shift 3
Narrow klass base: 0x0000000014000000, Narrow klass shift: 0
Encoding Range: [0x0000000014000000 - 0x0000000114000000), (4294967296 bytes)
Klass Range:    [0x0000000014001000 - 0x0000000055000000), (1090514944 bytes)
Klass ID Range:  [4096 - 1090519033) (1090514937)
Protection zone: [0x0000000014000000 - 0x0000000014001000), (4096 bytes)


Internal statistics:

num_allocs_failed_limit: 0.
num_arena_births: 72.
num_arena_deaths: 0.
num_vsnodes_births: 2.
num_vsnodes_deaths: 0.
num_space_committed: 59.
num_space_uncommitted: 0.
num_chunks_returned_to_freelist: 0.
num_chunks_taken_from_freelist: 179.
num_chunk_merges: 0.
num_chunk_splits: 112.
num_chunks_enlarged: 66.
num_inconsistent_stats: 0.

CodeHeap 'non-profiled nmethods': size=119172Kb used=197Kb max_used=197Kb free=118974Kb
 bounds [0x00007f2973f9f000, 0x00007f297420f000, 0x00007f297b400000]
CodeHeap 'profiled nmethods': size=119164Kb used=1064Kb max_used=1064Kb free=118100Kb
 bounds [0x00007f296c400000, 0x00007f296c670000, 0x00007f297385f000]
CodeHeap 'non-nmethods': size=7424Kb used=3816Kb max_used=3827Kb free=3607Kb
 bounds [0x00007f297385f000, 0x00007f2973c1f000, 0x00007f2973f9f000]
CodeCache: size=245760Kb, used=5077Kb, max_used=5088Kb, free=240681Kb
 total_blobs=1956, nmethods=848, adapters=1010, full_count=0
Compilation: enabled, stopped_count=0, restarted_count=0

Compilation events (20 events):
Event: 0.334 Thread 0x00007f29841214c0  837       4       org.lwjgl.system.MemoryStack::pop (22 bytes)
Event: 0.334 Thread 0x00007f29841214c0 nmethod 837 0x00007f2973fcfa88 code [0x00007f2973fcfb80, 0x00007f2973fcfc60]
Event: 0.335 Thread 0x00007f29841214c0  840       4       java.lang.StringLatin1::indexOfChar (33 bytes)
Event: 0.337 Thread 0x00007f29841214c0 nmethod 840 0x00007f2973fcfd88 code [0x00007f2973fcfe80, 0x00007f2973fd0028]
Event: 0.337 Thread 0x00007f29841214c0  841       4       jdk.internal.util.Preconditions::checkFromIndexSize (25 bytes)
Event: 0.337 Thread 0x00007f29841214c0 nmethod 841 0x00007f2973fd0088 code [0x00007f2973fd0180, 0x00007f2973fd0248]
Event: 0.338 Thread 0x00007f28f0034840  842       3       jdk.internal.ref.CleanerImpl::getCleanerImpl (13 bytes)
Event: 0.338 Thread 0x00007f28f0037a90  843       3       java.lang.ref.Cleaner$1::apply (9 bytes)
Event: 0.338 Thread 0x00007f28ec18e2a0  844       3       java.lang.ref.Cleaner$1::apply (5 bytes)
Event: 0.338 Thread 0x00007f28f0037a90 nmethod 843 0x00007f296c508a08 code [0x00007f296c508b00, 0x00007f296c508d48]
Event: 0.338 Thread 0x00007f28f0034840 nmethod 842 0x00007f296c508d88 code [0x00007f296c508e80, 0x00007f296c509108]
Event: 0.338 Thread 0x00007f28ec18e2a0 nmethod 844 0x00007f296c509188 code [0x00007f296c509280, 0x00007f296c509390]
Event: 0.341 Thread 0x00007f2984122eb0  845       3       java.util.regex.Pattern$Slice::match (79 bytes)
Event: 0.341 Thread 0x00007f28f0037a90  846       3       java.util.regex.Pattern$Node::match (27 bytes)
Event: 0.341 Thread 0x00007f28f0034840  847       1       java.net.URL::getPath (5 bytes)
Event: 0.342 Thread 0x00007f28f0034840 nmethod 847 0x00007f2973fd0388 code [0x00007f2973fd0480, 0x00007f2973fd0540]
Event: 0.342 Thread 0x00007f28f0037a90 nmethod 846 0x00007f296c509488 code [0x00007f296c509580, 0x00007f296c5096e0]
Event: 0.342 Thread 0x00007f2984122eb0 nmethod 845 0x00007f296c509788 code [0x00007f296c509880, 0x00007f296c509ce0]
Event: 0.344 Thread 0x00007f2984122eb0  848       3       java.lang.Module::isNamed (13 bytes)
Event: 0.344 Thread 0x00007f2984122eb0 nmethod 848 0x00007f296c509d08 code [0x00007f296c509e00, 0x00007f296c509f58]

GC Heap Usage History (0 events):
No events

Metaspace Usage History (0 events):
No events

Dll operation events (10 events):
Event: 0.002 Loaded shared library /home/seal/.sdkman/candidates/java/25-tem/lib/libjava.so
Event: 0.016 Loaded shared library /home/seal/.sdkman/candidates/java/25-tem/lib/libsimdsort.so
Event: 0.019 Loaded shared library /home/seal/.sdkman/candidates/java/25-tem/lib/libnio.so
Event: 0.029 Loaded shared library /home/seal/.sdkman/candidates/java/25-tem/lib/libzip.so
Event: 0.034 Loaded shared library /home/seal/.sdkman/candidates/java/25-tem/lib/libverify.so
Event: 0.060 Loaded shared library /home/seal/.sdkman/candidates/java/25-tem/lib/libjimage.so
Event: 0.066 Loaded shared library /home/seal/.sdkman/candidates/java/25-tem/lib/libnet.so
Event: 0.070 Loaded shared library /tmp/lwjgl_seal/3.4.0-snapshot/x64/liblwjgl.so
Event: 0.313 Loaded shared library /tmp/lwjgl_seal/3.4.0-snapshot/x64/liblwjgl_opengl.so
Event: 0.341 Loaded shared library /tmp/lwjgl_seal/3.4.0-snapshot/x64/liblwjgl_stb.so

Deoptimization events (20 events):
Event: 0.144 Thread 0x00007f298402b950 DEOPT PACKING pc=0x00007f296c4c0af5 sp=0x00007f2989ffd700
Event: 0.144 Thread 0x00007f298402b950 DEOPT UNPACKING pc=0x00007f29738affef sp=0x00007f2989ffcbb8 mode 0
Event: 0.144 Thread 0x00007f298402b950 DEOPT PACKING pc=0x00007f296c4c0af5 sp=0x00007f2989ffd700
Event: 0.144 Thread 0x00007f298402b950 DEOPT UNPACKING pc=0x00007f29738affef sp=0x00007f2989ffcbb8 mode 0
Event: 0.144 Thread 0x00007f298402b950 DEOPT PACKING pc=0x00007f296c4c0af5 sp=0x00007f2989ffd700
Event: 0.144 Thread 0x00007f298402b950 DEOPT UNPACKING pc=0x00007f29738affef sp=0x00007f2989ffcbb8 mode 0
Event: 0.144 Thread 0x00007f298402b950 DEOPT PACKING pc=0x00007f296c4c0af5 sp=0x00007f2989ffd700
Event: 0.144 Thread 0x00007f298402b950 DEOPT UNPACKING pc=0x00007f29738affef sp=0x00007f2989ffcbb8 mode 0
Event: 0.144 Thread 0x00007f298402b950 DEOPT PACKING pc=0x00007f296c4c0d45 sp=0x00007f2989ffd700
Event: 0.144 Thread 0x00007f298402b950 DEOPT UNPACKING pc=0x00007f29738affef sp=0x00007f2989ffcbb8 mode 0
Event: 0.145 Thread 0x00007f298402b950 DEOPT PACKING pc=0x00007f296c4c0af5 sp=0x00007f2989ffd700
Event: 0.145 Thread 0x00007f298402b950 DEOPT UNPACKING pc=0x00007f29738affef sp=0x00007f2989ffcbb8 mode 0
Event: 0.145 Thread 0x00007f298402b950 DEOPT PACKING pc=0x00007f296c4c0af5 sp=0x00007f2989ffd700
Event: 0.145 Thread 0x00007f298402b950 DEOPT UNPACKING pc=0x00007f29738affef sp=0x00007f2989ffcbb8 mode 0
Event: 0.145 Thread 0x00007f298402b950 DEOPT PACKING pc=0x00007f296c4c0af5 sp=0x00007f2989ffd700
Event: 0.145 Thread 0x00007f298402b950 DEOPT UNPACKING pc=0x00007f29738affef sp=0x00007f2989ffcbb8 mode 0
Event: 0.145 Thread 0x00007f298402b950 DEOPT PACKING pc=0x00007f296c4c0d45 sp=0x00007f2989ffd700
Event: 0.145 Thread 0x00007f298402b950 DEOPT UNPACKING pc=0x00007f29738affef sp=0x00007f2989ffcbb8 mode 0
Event: 0.145 Thread 0x00007f298402b950 DEOPT PACKING pc=0x00007f296c4c0d45 sp=0x00007f2989ffd700
Event: 0.145 Thread 0x00007f298402b950 DEOPT UNPACKING pc=0x00007f29738affef sp=0x00007f2989ffcbb8 mode 0

Classes loaded (20 events):
Event: 0.134 Loading class java/lang/NoSuchFieldError
Event: 0.134 Loading class java/lang/NoSuchFieldError done
Event: 0.145 Loading class jdk/internal/reflect/MethodHandleIntegerFieldAccessorImpl
Event: 0.145 Loading class jdk/internal/reflect/MethodHandleIntegerFieldAccessorImpl done
Event: 0.315 Loading class java/lang/ProcessEnvironment
Event: 0.315 Loading class java/lang/ProcessEnvironment done
Event: 0.315 Loading class java/lang/ProcessEnvironment$Variable
Event: 0.315 Loading class java/lang/ProcessEnvironment$ExternalData
Event: 0.315 Loading class java/lang/ProcessEnvironment$ExternalData done
Event: 0.315 Loading class java/lang/ProcessEnvironment$Variable done
Event: 0.315 Loading class java/lang/ProcessImpl
Event: 0.315 Loading class java/lang/Process
Event: 0.315 Loading class java/lang/Process done
Event: 0.315 Loading class java/lang/ProcessImpl done
Event: 0.315 Loading class java/lang/ProcessImpl$LaunchMechanism
Event: 0.315 Loading class java/lang/ProcessImpl$LaunchMechanism done
Event: 0.315 Loading class java/lang/ProcessEnvironment$Value
Event: 0.315 Loading class java/lang/ProcessEnvironment$Value done
Event: 0.316 Loading class java/lang/ProcessEnvironment$StringEnvironment
Event: 0.316 Loading class java/lang/ProcessEnvironment$StringEnvironment done

Classes unloaded (0 events):
No events

Classes redefined (0 events):
No events

Internal exceptions (19 events):
Event: 0.047 Thread 0x00007f298402b950 Exception <a 'java/lang/NoSuchMethodError'{0x00000000ff162ac8}: 'void java.lang.invoke.DirectMethodHandle$Holder.invokeStatic(java.lang.Object, java.lang.Object)'> (0x00000000ff162ac8) 
thrown [src/hotspot/share/interpreter/linkResolver.cpp, line 803]
Event: 0.049 Thread 0x00007f298402b950 Exception <a 'java/lang/NoSuchMethodError'{0x00000000ff187e38}: 'void java.lang.System.load(java.lang.String, java.lang.Class)'> (0x00000000ff187e38) 
thrown [src/hotspot/share/interpreter/linkResolver.cpp, line 803]
Event: 0.050 Thread 0x00007f298402b950 Exception <a 'java/lang/NoSuchMethodError'{0x00000000ff188c90}: 'void java.lang.invoke.DirectMethodHandle$Holder.invokeSpecial(java.lang.Object, java.lang.Object, java.lang.Object)'> (0x00000000ff188c90) 
thrown [src/hotspot/share/interpreter/linkResolver.cpp, line 803]
Event: 0.053 Thread 0x00007f298402b950 Exception <a 'java/lang/NoSuchMethodError'{0x00000000ff1aea80}: 'java.lang.Object java.lang.invoke.DirectMethodHandle$Holder.invokeStatic(java.lang.Object, java.lang.Object, int)'> (0x00000000ff1aea80) 
thrown [src/hotspot/share/interpreter/linkResolver.cpp, line 803]
Event: 0.054 Thread 0x00007f298402b950 Exception <a 'java/lang/NoSuchMethodError'{0x00000000ff1c7da8}: 'void java.lang.invoke.DelegatingMethodHandle$Holder.delegate(java.lang.Object, java.lang.Object, int, java.lang.Object)'> (0x00000000ff1c7da8) 
thrown [src/hotspot/share/interpreter/linkResolver.cpp, line 803]
Event: 0.058 Thread 0x00007f298402b950 Exception <a 'java/lang/NoSuchMethodError'{0x00000000ff3f7228}: 'void java.lang.System.loadLibrary(java.lang.String, java.lang.Class)'> (0x00000000ff3f7228) 
thrown [src/hotspot/share/interpreter/linkResolver.cpp, line 803]
Event: 0.064 Thread 0x00007f298402b950 Exception <a 'java/lang/NoSuchMethodError'{0x00000000ff41cf30}: 'java.lang.Object java.lang.invoke.DirectMethodHandle$Holder.invokeStaticInit(java.lang.Object)'> (0x00000000ff41cf30) 
thrown [src/hotspot/share/interpreter/linkResolver.cpp, line 803]
Event: 0.112 Thread 0x00007f298402b950 Exception <a 'java/lang/NoSuchMethodError'{0x00000000ff5167d0}: 'int java.lang.invoke.DirectMethodHandle$Holder.invokeStaticInit(java.lang.Object, java.lang.Object, int, long)'> (0x00000000ff5167d0) 
thrown [src/hotspot/share/interpreter/linkResolver.cpp, line 803]
Event: 0.113 Thread 0x00007f298402b950 Exception <a 'java/lang/NoSuchMethodError'{0x00000000ff5258d8}: 'java.lang.Object java.lang.invoke.DirectMethodHandle$Holder.newInvokeSpecial(java.lang.Object, java.lang.Object, int)'> (0x00000000ff5258d8) 
thrown [src/hotspot/share/interpreter/linkResolver.cpp, line 803]
Event: 0.121 Thread 0x00007f298402b950 Exception <a 'java/lang/NoSuchMethodError'{0x00000000ff56fbd8}: 'int java.lang.invoke.DirectMethodHandle$Holder.invokeStaticInit(java.lang.Object, java.lang.Object, long, long)'> (0x00000000ff56fbd8) 
thrown [src/hotspot/share/interpreter/linkResolver.cpp, line 803]
Event: 0.121 Thread 0x00007f298402b950 Exception <a 'java/lang/NoSuchMethodError'{0x00000000ff57efe8}: 'java.lang.Object java.lang.invoke.DirectMethodHandle$Holder.newInvokeSpecial(java.lang.Object, java.lang.Object, long)'> (0x00000000ff57efe8) 
thrown [src/hotspot/share/interpreter/linkResolver.cpp, line 803]
Event: 0.122 Thread 0x00007f298402b950 Exception <a 'java/lang/NoSuchMethodError'{0x00000000ff587aa8}: 'java.lang.Object java.lang.invoke.Invokers$Holder.linkToTargetMethod(java.lang.Object, long, java.lang.Object)'> (0x00000000ff587aa8) 
thrown [src/hotspot/share/interpreter/linkResolver.cpp, line 803]
Event: 0.123 Thread 0x00007f298402b950 Exception <a 'java/lang/NoSuchMethodError'{0x00000000ff598120}: 'int java.lang.invoke.DirectMethodHandle$Holder.invokeStaticInit(java.lang.Object, java.lang.Object, java.lang.Object, long)'> (0x00000000ff598120) 
thrown [src/hotspot/share/interpreter/linkResolver.cpp, line 803]
Event: 0.136 Thread 0x00007f298402b950 Implicit null exception at 0x00007f2973fc2631 to 0x00007f2973fc3048
Event: 0.145 Thread 0x00007f298402b950 Exception <a 'java/lang/NoSuchMethodError'{0x00000000ffa1a9f8}: 'int java.lang.invoke.Invokers$Holder.invokeExact_MT(java.lang.Object, java.lang.Object)'> (0x00000000ffa1a9f8) 
thrown [src/hotspot/share/interpreter/linkResolver.cpp, line 803]
Event: 0.310 Thread 0x00007f298402b950 Exception <a 'java/lang/NoSuchMethodError'{0x00000000ffa89e78}: 'void java.lang.System.load(java.lang.String, java.lang.Class)'> (0x00000000ffa89e78) 
thrown [src/hotspot/share/interpreter/linkResolver.cpp, line 803]
Event: 0.310 Thread 0x00007f298402b950 Exception <a 'java/lang/NoSuchMethodError'{0x00000000ffa91c58}: 'void java.lang.System.loadLibrary(java.lang.String, java.lang.Class)'> (0x00000000ffa91c58) 
thrown [src/hotspot/share/interpreter/linkResolver.cpp, line 803]
Event: 0.336 Thread 0x00007f298402b950 Exception <a 'java/lang/NoSuchMethodError'{0x00000000ffdfc818}: 'void java.lang.System.load(java.lang.String, java.lang.Class)'> (0x00000000ffdfc818) 
thrown [src/hotspot/share/interpreter/linkResolver.cpp, line 803]
Event: 0.337 Thread 0x00007f298402b950 Exception <a 'java/lang/NoSuchMethodError'{0x00000000ffe045f8}: 'void java.lang.System.loadLibrary(java.lang.String, java.lang.Class)'> (0x00000000ffe045f8) 
thrown [src/hotspot/share/interpreter/linkResolver.cpp, line 803]

VM Operations (0 events):
No events

Memory protections (15 events):
Event: 0.001 Protecting memory [0x00007f2989f00000,0x00007f2989f04000] with protection modes 0
Event: 0.008 Protecting memory [0x0000000014000000,0x0000000014001000] with protection modes 0
Event: 0.015 Protecting memory [0x00007f29440f5000,0x00007f29440f9000] with protection modes 0
Event: 0.015 Protecting memory [0x00007f2927dfe000,0x00007f2927e02000] with protection modes 0
Event: 0.015 Protecting memory [0x00007f2927cfe000,0x00007f2927d02000] with protection modes 0
Event: 0.015 Protecting memory [0x00007f2927bfe000,0x00007f2927c02000] with protection modes 0
Event: 0.015 Protecting memory [0x00007f2927afe000,0x00007f2927b02000] with protection modes 0
Event: 0.015 Protecting memory [0x00007f29279fe000,0x00007f2927a02000] with protection modes 0
Event: 0.015 Protecting memory [0x00007f29278fe000,0x00007f2927902000] with protection modes 0
Event: 0.017 Protecting memory [0x00007f29277fe000,0x00007f2927802000] with protection modes 0
Event: 0.018 Protecting memory [0x00007f29276fe000,0x00007f2927702000] with protection modes 0
Event: 0.020 Protecting memory [0x00007f29275fe000,0x00007f2927602000] with protection modes 0
Event: 0.026 Protecting memory [0x00007f29274fe000,0x00007f2927502000] with protection modes 0
Event: 0.028 Protecting memory [0x00007f29273fe000,0x00007f2927402000] with protection modes 0
Event: 0.134 Protecting memory [0x00007f29272fe000,0x00007f2927302000] with protection modes 0

Nmethod flushes (0 events):
No events

Events (15 events):
Event: 0.010 Thread 0x00007f298402b950 Thread added: 0x00007f298402b950
Event: 0.015 Thread 0x00007f298402b950 Thread added: 0x00007f298411a050
Event: 0.015 Thread 0x00007f298402b950 Thread added: 0x00007f298411b090
Event: 0.015 Thread 0x00007f298402b950 Thread added: 0x00007f298411c4a0
Event: 0.015 Thread 0x00007f298402b950 Thread added: 0x00007f298411ddc0
Event: 0.015 Thread 0x00007f298402b950 Thread added: 0x00007f298411f640
Event: 0.015 Thread 0x00007f298402b950 Thread added: 0x00007f29841214c0
Event: 0.015 Thread 0x00007f298402b950 Thread added: 0x00007f2984122eb0
Event: 0.017 Thread 0x00007f298402b950 Thread added: 0x00007f298412f960
Event: 0.018 Thread 0x00007f298402b950 Thread added: 0x00007f29841320f0
Event: 0.020 Thread 0x00007f2984122eb0 Thread added: 0x00007f28f0034840
Event: 0.026 Thread 0x00007f2984122eb0 Thread added: 0x00007f28f0037a90
Event: 0.028 Thread 0x00007f29841214c0 Thread added: 0x00007f28fc090860
Event: 0.134 Thread 0x00007f28f0034840 Thread added: 0x00007f28ec18e2a0
Event: 0.306 Thread 0x00007f28fc090860 Thread exited: 0x00007f28fc090860


Dynamic libraries:
14000000-14001000 ---p 00000000 00:00 0 
14001000-14d8c000 rw-p 00001000 00:23 3690992                            /home/seal/.sdkman/candidates/java/25-tem/lib/server/classes.jsa
14d8c000-15000000 ---p 00000000 00:00 0 
15000000-15020000 rw-p 00000000 00:00 0 
15020000-15040000 ---p 00000000 00:00 0 
15040000-15060000 rw-p 00000000 00:00 0 
15060000-55000000 ---p 00000000 00:00 0 
55000000-550ac000 rw-p 00000000 00:00 0 
550ac000-550ae000 r-xs 00000000 00:01 26764                              /memfd:/.glXXXXXX (deleted)
82000000-100000000 rw-p 00000000 00:00 0 
100000000-7ff000000 ---p 00000000 00:00 0 
7ff000000-7ff121000 rw-p 00dbf000 00:23 3690992                          /home/seal/.sdkman/candidates/java/25-tem/lib/server/classes.jsa
7ff121000-800000000 rw-p 00000000 00:00 0 
55954805d000-55954805e000 r--p 00000000 00:23 3690951                    /home/seal/.sdkman/candidates/java/25-tem/bin/java
55954805e000-55954805f000 r-xp 00001000 00:23 3690951                    /home/seal/.sdkman/candidates/java/25-tem/bin/java
55954805f000-559548060000 r--p 00002000 00:23 3690951                    /home/seal/.sdkman/candidates/java/25-tem/bin/java
559548060000-559548061000 r--p 00002000 00:23 3690951                    /home/seal/.sdkman/candidates/java/25-tem/bin/java
559548061000-559548062000 rw-p 00003000 00:23 3690951                    /home/seal/.sdkman/candidates/java/25-tem/bin/java
55958164d000-559581696000 rw-p 00000000 00:00 0                          [heap]
7f28b7fff000-7f28c00b0000 rw-p 00000000 00:00 0 
7f28c00b0000-7f28c4000000 ---p 00000000 00:00 0 
7f28c7800000-7f28cbba1000 r--p 00000000 00:23 40950418                   /usr/lib64/libLLVM.so.22.1
7f28cbba1000-7f28d007d000 r-xp 043a0000 00:23 40950418                   /usr/lib64/libLLVM.so.22.1
7f28d007d000-7f28d029e000 r--p 0887b000 00:23 40950418                   /usr/lib64/libLLVM.so.22.1
7f28d029e000-7f28d02a8000 rw-p 08a9b000 00:23 40950418                   /usr/lib64/libLLVM.so.22.1
7f28d02a8000-7f28d0354000 rw-p 00000000 00:00 0 
7f28d0400000-7f28d233c000 r-xp 00000000 00:23 42344638                   /usr/lib64/libgallium-26.1.8.so
7f28d233c000-7f28d35d8000 r--p 01f3c000 00:23 42344638                   /usr/lib64/libgallium-26.1.8.so
7f28d35d8000-7f28d374c000 r--p 031d7000 00:23 42344638                   /usr/lib64/libgallium-26.1.8.so
7f28d374c000-7f28d3782000 rw-p 0334b000 00:23 42344638                   /usr/lib64/libgallium-26.1.8.so
7f28d3782000-7f28d394e000 rw-p 00000000 00:00 0 
7f28d3a00000-7f28d3cab000 r--p 00000000 00:23 40425745                   /usr/lib64/libnvidia-gpucomp.so.580.173.02
7f28d3cab000-7f28d6d99000 r-xp 002ab000 00:23 40425745                   /usr/lib64/libnvidia-gpucomp.so.580.173.02
7f28d6d99000-7f28d7c09000 r--p 03399000 00:23 40425745                   /usr/lib64/libnvidia-gpucomp.so.580.173.02
7f28d7c09000-7f28d7c0a000 ---p 04209000 00:23 40425745                   /usr/lib64/libnvidia-gpucomp.so.580.173.02
7f28d7c0a000-7f28d7de1000 r--p 04209000 00:23 40425745                   /usr/lib64/libnvidia-gpucomp.so.580.173.02
7f28d7de1000-7f28d7eec000 rw-p 043e0000 00:23 40425745                   /usr/lib64/libnvidia-gpucomp.so.580.173.02
7f28d7eec000-7f28d7f8c000 rw-p 00000000 00:00 0 
7f28d8000000-7f28d8021000 rw-p 00000000 00:00 0 
7f28d8021000-7f28dc000000 ---p 00000000 00:00 0 
7f28dde00000-7f28de042000 r--p 00000000 00:23 40425739                   /usr/lib64/libnvidia-eglcore.so.580.173.02
7f28de042000-7f28ded06000 r-xp 00242000 00:23 40425739                   /usr/lib64/libnvidia-eglcore.so.580.173.02
7f28ded06000-7f28dfda8000 r--p 00f06000 00:23 40425739                   /usr/lib64/libnvidia-eglcore.so.580.173.02
7f28dfda8000-7f28dfda9000 ---p 01fa8000 00:23 40425739                   /usr/lib64/libnvidia-eglcore.so.580.173.02
7f28dfda9000-7f28dff21000 r--p 01fa8000 00:23 40425739                   /usr/lib64/libnvidia-eglcore.so.580.173.02
7f28dff21000-7f28dff75000 rw-p 02120000 00:23 40425739                   /usr/lib64/libnvidia-eglcore.so.580.173.02
7f28dff75000-7f28dff8b000 rw-p 00000000 00:00 0 
7f28e0000000-7f28e01a3000 rw-p 00000000 00:00 0 
7f28e01a3000-7f28e4000000 ---p 00000000 00:00 0 
7f28e4000000-7f28e41a4000 rw-p 00000000 00:00 0 
7f28e41a4000-7f28e8000000 ---p 00000000 00:00 0 
7f28e8000000-7f28e8021000 rw-p 00000000 00:00 0 
7f28e8021000-7f28ec000000 ---p 00000000 00:00 0 
7f28ec000000-7f28ec1a2000 rw-p 00000000 00:00 0 
7f28ec1a2000-7f28f0000000 ---p 00000000 00:00 0 
7f28f0000000-7f28f03b0000 rw-p 00000000 00:00 0 
7f28f03b0000-7f28f4000000 ---p 00000000 00:00 0 
7f28f4000000-7f28f4021000 rw-p 00000000 00:00 0 
7f28f4021000-7f28f8000000 ---p 00000000 00:00 0 
7f28f8000000-7f28f8021000 rw-p 00000000 00:00 0 
7f28f8021000-7f28fc000000 ---p 00000000 00:00 0 
7f28fc000000-7f28fc242000 rw-p 00000000 00:00 0 
7f28fc242000-7f2900000000 ---p 00000000 00:00 0 
7f2900000000-7f2900021000 rw-p 00000000 00:00 0 
7f2900021000-7f2904000000 ---p 00000000 00:00 0 
7f2904c21000-7f2904cbc000 r--p 00000000 00:23 24121550                   /usr/share/fonts/google-noto/NotoSans-Bold.ttf
7f2904cbc000-7f2904d57000 r--p 00000000 00:23 24121550                   /usr/share/fonts/google-noto/NotoSans-Bold.ttf
7f2904d57000-7f2905558000 rw-p 00000000 00:00 0 
7f290570b000-7f290578e000 r-xp 00000000 00:2a 7372                       /tmp/lwjgl_seal/3.4.0-snapshot/x64/liblwjgl_stb.so
7f290578e000-7f29057a3000 r--p 00083000 00:2a 7372                       /tmp/lwjgl_seal/3.4.0-snapshot/x64/liblwjgl_stb.so
7f29057a3000-7f29057a4000 r--p 00097000 00:2a 7372                       /tmp/lwjgl_seal/3.4.0-snapshot/x64/liblwjgl_stb.so
7f29057a4000-7f29057a5000 rw-p 00098000 00:2a 7372                       /tmp/lwjgl_seal/3.4.0-snapshot/x64/liblwjgl_stb.so
7f29057a5000-7f29057ba000 r-xp 00000000 00:2a 7371                       /tmp/lwjgl_seal/3.4.0-snapshot/x64/liblwjgl_opengl.so
7f29057ba000-7f29057fd000 r--p 00015000 00:2a 7371                       /tmp/lwjgl_seal/3.4.0-snapshot/x64/liblwjgl_opengl.so
7f29057fd000-7f29057fe000 r--p 00057000 00:2a 7371                       /tmp/lwjgl_seal/3.4.0-snapshot/x64/liblwjgl_opengl.so
7f29057fe000-7f29057ff000 rw-p 00058000 00:2a 7371                       /tmp/lwjgl_seal/3.4.0-snapshot/x64/liblwjgl_opengl.so
7f29057ff000-7f2906000000 rw-p 00000000 00:00 0 
7f2906000000-7f2913e92000 r--p 00000000 00:23 41466879                   /usr/lib/locale/locale-archive
7f2913eb1000-7f2913eb6000 r--s 00000000 00:23 24178040                   /usr/lib/fontconfig/cache/cc8b894d3abbdf0310c48629c0737d80-le64.cache-9
7f2913eb6000-7f2913ed3000 r--s 00000000 00:23 24415993                   /usr/lib/fontconfig/cache/123d59b33ddb0e7c76bb24004bd5cfac-le64.cache-9
7f2913ed3000-7f2913edb000 r--s 00000000 00:23 24415991                   /usr/lib/fontconfig/cache/4130dcac56abb43164f0d97f0032d05a-le64.cache-9
7f2913edb000-7f2913ee0000 r--s 00000000 00:23 24178034                   /usr/lib/fontconfig/cache/131ab5cc1583381c4f7ce0194912c56d-le64.cache-9
7f2913ee0000-7f2913ee3000 r--s 00000000 00:23 41506238                   /usr/lib/fontconfig/cache/5f83c5e20bd7d0a7cb83b2e020f779d2-le64.cache-9
7f2913ee3000-7f2913ee4000 r--s 00000000 00:23 24178032                   /usr/lib/fontconfig/cache/b2307de753f1224d9542f27e8b3975ae-le64.cache-9
7f2913ee4000-7f2913ee6000 r--s 00000000 00:23 24178030                   /usr/lib/fontconfig/cache/01d40cee498be4726842ba21cbce24ab-le64.cache-9
7f2913ee6000-7f2913ee7000 r--s 00000000 00:23 24178028                   /usr/lib/fontconfig/cache/39377a11d38956c26ecfe23db50b3cd3-le64.cache-9
7f2913ee7000-7f2913ee9000 r--s 00000000 00:23 24178026                   /usr/lib/fontconfig/cache/9d9e7a658cb1f50f02561d1ed3ca8bca-le64.cache-9
7f2913ee9000-7f2913eea000 r--s 00000000 00:23 42506052                   /usr/lib/fontconfig/cache/6fcb01a03a016cc71057b587cdea6709-le64.cache-9
7f2913eea000-7f2913eef000 r--s 00000000 00:23 24415989                   /usr/lib/fontconfig/cache/29c8f5b6bf15d25ebb2e963855ab41be-le64.cache-9
7f2913eef000-7f2913ef0000 r--s 00000000 00:23 24178020                   /usr/lib/fontconfig/cache/2a90ec7ec7fc01d3a9f58fddf8db0237-le64.cache-9
7f2913ef0000-7f2913ef3000 r--s 00000000 00:23 24178018                   /usr/lib/fontconfig/cache/71fe2b50576cdbc5f931776365d4a6ea-le64.cache-9
7f2913ef3000-7f2913ef5000 r--s 00000000 00:23 24178016                   /usr/lib/fontconfig/cache/e5da922122f90e18ce9aab86d5c2b324-le64.cache-9
7f2913ef5000-7f2913ef7000 r--s 00000000 00:23 24178014                   /usr/lib/fontconfig/cache/9162ae45def2e036f06e4d1913f17ba7-le64.cache-9
7f2913ef7000-7f2913ef8000 r--s 00000000 00:23 24178012                   /usr/lib/fontconfig/cache/22f06f3be2d16d058da85b73ae1dc5b1-le64.cache-9
7f2913ef8000-7f2913f5a000 r--s 00000000 00:23 24178010                   /usr/lib/fontconfig/cache/d63f98f14a274bd69a5425fc33aaac6b-le64.cache-9
7f2913f5a000-7f2913f6d000 r--s 00000000 00:23 24178008                   /usr/lib/fontconfig/cache/42536ef14367b24656ac994a93d66238-le64.cache-9
7f2913f6d000-7f2913f78000 r--s 00000000 00:23 24178006                   /usr/lib/fontconfig/cache/efcfae1a52990961975415036867654f-le64.cache-9
7f2913f78000-7f2913f8b000 r--s 00000000 00:23 24178004                   /usr/lib/fontconfig/cache/c4be257954870c0bf6972134c1de66d5-le64.cache-9
7f2913f8b000-7f2913f8c000 r--s 00000000 00:23 24415987                   /usr/lib/fontconfig/cache/a1059391c956b3cbc42a78cac70f430a-le64.cache-9
7f2913f8c000-7f2913f8d000 r--s 00000000 00:23 24178000                   /usr/lib/fontconfig/cache/aa02322cc1375fea2382deabf4339973-le64.cache-9
7f2913f8d000-7f2913fe3000 r--s 00000000 00:23 24415985                   /usr/lib/fontconfig/cache/7ee6df7a8311986241317a58487e0145-le64.cache-9
7f2913fe3000-7f2913fec000 r--s 00000000 00:23 24177996                   /usr/lib/fontconfig/cache/6ee3103884cce7b2fe6f32eba9089175-le64.cache-9
7f2913fec000-7f2913fee000 r--s 00000000 00:23 24177994                   /usr/lib/fontconfig/cache/383aa4c3ea81d46e4a1459cd427fba23-le64.cache-9
7f2913fee000-7f2913ff0000 r--s 00000000 00:23 24177992                   /usr/lib/fontconfig/cache/cc4435afd06e20625c417ffcddec4f51-le64.cache-9
7f2913ff0000-7f2913ff7000 r--s 00000000 00:23 39071341                   /usr/lib/fontconfig/cache/614d1caaa4d7914789410f6367de37ca-le64.cache-9
7f2913ff7000-7f2914000000 r--s 00000000 00:23 24415981                   /usr/lib/fontconfig/cache/6cdba951d5a16891afaaf2fee13e80e7-le64.cache-9
7f2914000000-7f2914190000 rw-p 00000000 00:00 0 
7f2914190000-7f2914400000 ---p 00000000 00:00 0 
7f2914400000-7f2914540000 rw-p 00000000 00:00 0 
7f2914540000-7f29145f0000 rw-p 00000000 00:00 0 
7f29145f0000-7f2918000000 ---p 00000000 00:00 0 
7f2918000000-7f2918021000 rw-p 00000000 00:00 0 
7f2918021000-7f291c000000 ---p 00000000 00:00 0 
7f291c000000-7f291c021000 rw-p 00000000 00:00 0 
7f291c021000-7f2920000000 ---p 00000000 00:00 0 
7f2920000000-7f2920021000 rw-p 00000000 00:00 0 
7f2920021000-7f2924000000 ---p 00000000 00:00 0 
7f2924000000-7f2924006000 r--s 00000000 00:23 38944733                   /usr/lib/fontconfig/cache/221930ae9526a9cb8049af2916f03412-le64.cache-9
7f2924006000-7f2924009000 r--s 00000000 00:23 24415979                   /usr/lib/fontconfig/cache/feeafda3627faad7596d025cfacea73f-le64.cache-9
7f2924009000-7f292400c000 r--s 00000000 00:23 24177984                   /usr/lib/fontconfig/cache/18f520a508f13854f77176faf7889ae9-le64.cache-9
7f292400c000-7f292400f000 r--s 00000000 00:23 24177982                   /usr/lib/fontconfig/cache/3196f05a030874ca00722cbf1e991434-le64.cache-9
7f292400f000-7f2924012000 r--s 00000000 00:23 24415977                   /usr/lib/fontconfig/cache/a11fef9c6b59ddb48eba670bb9bf2c6a-le64.cache-9
7f2924012000-7f2924017000 r--s 00000000 00:23 24180446                   /usr/lib/fontconfig/cache/beeeeb3dfe132a8a0633a017c99ce0c0-le64.cache-9
7f292402f000-7f29240af000 rw-s 00000000 00:07 1383                       /dev/nvidiactl
7f29240af000-7f29241af000 rw-s 00000000 00:07 1383                       /dev/nvidiactl
7f29241af000-7f292422f000 rw-s 00000000 00:07 1383                       /dev/nvidiactl
7f292422f000-7f292426f000 rw-s 00000000 00:07 1383                       /dev/nvidiactl
7f292426f000-7f2924400000 rw-p 00000000 00:00 0 
7f2924400000-7f2924571000 r-xp 00000000 00:23 42115659                   /usr/lib64/libstdc++.so.6.0.36
7f2924571000-7f292469c000 r--p 00171000 00:23 42115659                   /usr/lib64/libstdc++.so.6.0.36
7f292469c000-7f29246ad000 r--p 0029c000 00:23 42115659                   /usr/lib64/libstdc++.so.6.0.36
7f29246ad000-7f29246ae000 rw-p 002ad000 00:23 42115659                   /usr/lib64/libstdc++.so.6.0.36
7f29246ae000-7f29246b2000 rw-p 00000000 00:00 0 
7f29246b2000-7f29246b3000 r--s 00000000 00:23 24415983                   /usr/lib/fontconfig/cache/0f80fa86029ae75a63f21d682b864529-le64.cache-9
7f29246b3000-7f29246b6000 rw-s 00000000 00:07 1383                       /dev/nvidiactl
7f29246b6000-7f29246b8000 rw-s 00000000 00:01 26764                      /memfd:/.glXXXXXX (deleted)
7f29246b8000-7f29246bc000 rw-s 00000000 00:07 1383                       /dev/nvidiactl
7f29246bc000-7f29246dc000 rw-s 00000000 00:07 1383                       /dev/nvidiactl
7f29246dc000-7f292471c000 rw-s 00000000 00:07 1383                       /dev/nvidiactl
7f292471c000-7f292473c000 rw-s 00000000 00:07 1383                       /dev/nvidiactl
7f292473c000-7f292477c000 rw-s 00000000 00:07 1383                       /dev/nvidiactl
7f292477c000-7f292479c000 rw-s 00000000 00:07 1383                       /dev/nvidiactl
7f292479c000-7f29247a0000 r--p 00000000 00:23 40425735                   /usr/lib64/libnvidia-allocator.so.580.173.02
7f29247a0000-7f29247b9000 r-xp 00004000 00:23 40425735                   /usr/lib64/libnvidia-allocator.so.580.173.02
7f29247b9000-7f29247c4000 r--p 0001d000 00:23 40425735                   /usr/lib64/libnvidia-allocator.so.580.173.02
7f29247c4000-7f29247c5000 r--p 00027000 00:23 40425735                   /usr/lib64/libnvidia-allocator.so.580.173.02
7f29247c5000-7f29247c6000 rw-p 00028000 00:23 40425735                   /usr/lib64/libnvidia-allocator.so.580.173.02
7f29247c6000-7f29247c8000 rw-p 00000000 00:00 0 
7f29247c8000-7f29247dd000 r-xp 00000000 00:23 24127271                   /usr/lib64/libtinfo.so.6.6
7f29247dd000-7f29247f0000 r--p 00015000 00:23 24127271                   /usr/lib64/libtinfo.so.6.6
7f29247f0000-7f29247f4000 r--p 00028000 00:23 24127271                   /usr/lib64/libtinfo.so.6.6
7f29247f4000-7f29247f5000 rw-p 0002c000 00:23 24127271                   /usr/lib64/libtinfo.so.6.6
7f29247f5000-7f29247fb000 r-xp 00000000 00:23 24174617                   /usr/lib64/libpciaccess.so.0.11.1
7f29247fb000-7f29247fe000 r--p 00006000 00:23 24174617                   /usr/lib64/libpciaccess.so.0.11.1
7f29247fe000-7f29247ff000 r--p 00009000 00:23 24174617                   /usr/lib64/libpciaccess.so.0.11.1
7f29247ff000-7f2924800000 rw-p 00000000 00:00 0 
7f2924800000-7f2924823000 r-xp 00000000 00:23 36518859                   /usr/lib64/libedit.so.0.0.78
7f2924823000-7f2924836000 r--p 00023000 00:23 36518859                   /usr/lib64/libedit.so.0.0.78
7f2924836000-7f2924839000 r--p 00035000 00:23 36518859                   /usr/lib64/libedit.so.0.0.78
7f2924839000-7f292483a000 rw-p 00038000 00:23 36518859                   /usr/lib64/libedit.so.0.0.78
7f292483a000-7f292483d000 rw-p 00000000 00:00 0 
7f292483d000-7f2924855000 r-xp 00000000 00:23 39381864                   /usr/lib64/libdrm_intel.so.1.134.0
7f2924855000-7f2924861000 r--p 00018000 00:23 39381864                   /usr/lib64/libdrm_intel.so.1.134.0
7f2924861000-7f2924862000 r--p 00023000 00:23 39381864                   /usr/lib64/libdrm_intel.so.1.134.0
7f2924862000-7f2924863000 rw-p 00024000 00:23 39381864                   /usr/lib64/libdrm_intel.so.1.134.0
7f2924863000-7f292486a000 r-xp 00000000 00:23 39381862                   /usr/lib64/libdrm_amdgpu.so.1.134.0
7f292486a000-7f292486f000 r--p 00007000 00:23 39381862                   /usr/lib64/libdrm_amdgpu.so.1.134.0
7f292486f000-7f2924870000 r--p 0000b000 00:23 39381862                   /usr/lib64/libdrm_amdgpu.so.1.134.0
7f2924870000-7f2924871000 rw-p 00000000 00:00 0 
7f2924871000-7f2924885000 r-xp 00000000 00:23 42344554                   /usr/lib64/libelf-0.196.so
7f2924885000-7f292488c000 r--p 00014000 00:23 42344554                   /usr/lib64/libelf-0.196.so
7f292488c000-7f292488d000 r--p 0001b000 00:23 42344554                   /usr/lib64/libelf-0.196.so
7f292488d000-7f292488e000 rw-p 00000000 00:00 0 
7f292488e000-7f292488f000 r-xp 00000000 00:23 24174672                   /usr/lib64/libxshmfence.so.1.0.0
7f292488f000-7f2924890000 r--p 00001000 00:23 24174672                   /usr/lib64/libxshmfence.so.1.0.0
7f2924890000-7f2924891000 r--p 00001000 00:23 24174672                   /usr/lib64/libxshmfence.so.1.0.0
7f2924891000-7f2924892000 rw-p 00002000 00:23 24174672                   /usr/lib64/libxshmfence.so.1.0.0
7f2924892000-7f2924895000 r-xp 00000000 00:23 24131022                   /usr/lib64/libxcb-sync.so.1.0.0
7f2924895000-7f2924898000 r--p 00003000 00:23 24131022                   /usr/lib64/libxcb-sync.so.1.0.0
7f2924898000-7f2924899000 r--p 00006000 00:23 24131022                   /usr/lib64/libxcb-sync.so.1.0.0
7f2924899000-7f292489a000 rw-p 00007000 00:23 24131022                   /usr/lib64/libxcb-sync.so.1.0.0
7f292489a000-7f29248a2000 r-xp 00000000 00:23 24174677                   /usr/lib64/libsensors.so.4.5.0
7f29248a2000-7f29248a7000 r--p 00008000 00:23 24174677                   /usr/lib64/libsensors.so.4.5.0
7f29248a7000-7f29248a8000 r--p 0000d000 00:23 24174677                   /usr/lib64/libsensors.so.4.5.0
7f29248a8000-7f29248a9000 rw-p 0000e000 00:23 24174677                   /usr/lib64/libsensors.so.4.5.0
7f29248a9000-7f29249b1000 r-xp 00000000 00:23 24175775                   /usr/lib64/libSPIRV-Tools.so
7f29249b1000-7f2924a44000 r--p 00108000 00:23 24175775                   /usr/lib64/libSPIRV-Tools.so
7f2924a44000-7f2924a47000 r--p 0019b000 00:23 24175775                   /usr/lib64/libSPIRV-Tools.so
7f2924a47000-7f2924a48000 rw-p 0019e000 00:23 24175775                   /usr/lib64/libSPIRV-Tools.so
7f2924a48000-7f2924b11000 r-xp 00000000 00:23 24127971                   /usr/lib64/libzstd.so.1.5.7
7f2924b11000-7f2924b2f000 r--p 000c9000 00:23 24127971                   /usr/lib64/libzstd.so.1.5.7
7f2924b2f000-7f2924b31000 r--p 000e6000 00:23 24127971                   /usr/lib64/libzstd.so.1.5.7
7f2924b31000-7f2924b32000 rw-p 00000000 00:00 0 
7f2924b32000-7f2924b35000 r-xp 00000000 00:23 24131026                   /usr/lib64/libxcb-xfixes.so.0.0.0
7f2924b35000-7f2924b39000 r--p 00003000 00:23 24131026                   /usr/lib64/libxcb-xfixes.so.0.0.0
7f2924b39000-7f2924b3a000 r--p 00007000 00:23 24131026                   /usr/lib64/libxcb-xfixes.so.0.0.0
7f2924b3a000-7f2924b3b000 rw-p 00008000 00:23 24131026                   /usr/lib64/libxcb-xfixes.so.0.0.0
7f2924b3b000-7f2924b41000 r-xp 00000000 00:23 24131008                   /usr/lib64/libxcb-randr.so.0.1.0
7f2924b41000-7f2924b4b000 r--p 00006000 00:23 24131008                   /usr/lib64/libxcb-randr.so.0.1.0
7f2924b4b000-7f2924b4c000 r--p 00010000 00:23 24131008                   /usr/lib64/libxcb-randr.so.0.1.0
7f2924b4c000-7f2924b4d000 rw-p 00011000 00:23 24131008                   /usr/lib64/libxcb-randr.so.0.1.0
7f2924b4d000-7f2924b89000 r-xp 00000000 00:23 42351339                   /usr/lib64/libEGL_mesa.so.0.0.0
7f2924b89000-7f2924ba1000 r--p 0003c000 00:23 42351339                   /usr/lib64/libEGL_mesa.so.0.0.0
7f2924ba1000-7f2924bae000 r--p 00053000 00:23 42351339                   /usr/lib64/libEGL_mesa.so.0.0.0
7f2924bae000-7f2924baf000 rw-p 00060000 00:23 42351339                   /usr/lib64/libEGL_mesa.so.0.0.0
7f2924baf000-7f2924bb0000 rw-p 00000000 00:00 0 
7f2924bb0000-7f2924bbc000 r-xp 00000000 00:23 24948682                   /usr/lib64/libnvidia-egl-xlib.so.1.0.5
7f2924bbc000-7f2924bc2000 r--p 0000c000 00:23 24948682                   /usr/lib64/libnvidia-egl-xlib.so.1.0.5
7f2924bc2000-7f2924bc3000 r--p 00012000 00:23 24948682                   /usr/lib64/libnvidia-egl-xlib.so.1.0.5
7f2924bc3000-7f2924bc4000 rw-p 00013000 00:23 24948682                   /usr/lib64/libnvidia-egl-xlib.so.1.0.5
7f2924bc4000-7f2924bc6000 r-xp 00000000 00:23 24131002                   /usr/lib64/libxcb-dri3.so.0.1.0
7f2924bc6000-7f2924bc8000 r--p 00002000 00:23 24131002                   /usr/lib64/libxcb-dri3.so.0.1.0
7f2924bc8000-7f2924bc9000 r--p 00004000 00:23 24131002                   /usr/lib64/libxcb-dri3.so.0.1.0
7f2924bc9000-7f2924bca000 rw-p 00005000 00:23 24131002                   /usr/lib64/libxcb-dri3.so.0.1.0
7f2924bca000-7f2924bcb000 r-xp 00000000 00:23 24131006                   /usr/lib64/libxcb-present.so.0.0.0
7f2924bcb000-7f2924bcd000 r--p 00001000 00:23 24131006                   /usr/lib64/libxcb-present.so.0.0.0
7f2924bcd000-7f2924bce000 r--p 00002000 00:23 24131006                   /usr/lib64/libxcb-present.so.0.0.0
7f2924bce000-7f2924bcf000 rw-p 00003000 00:23 24131006                   /usr/lib64/libxcb-present.so.0.0.0
7f2924bcf000-7f2924bdb000 r-xp 00000000 00:23 24948680                   /usr/lib64/libnvidia-egl-xcb.so.1.0.5
7f2924bdb000-7f2924be1000 r--p 0000c000 00:23 24948680                   /usr/lib64/libnvidia-egl-xcb.so.1.0.5
7f2924be1000-7f2924be2000 r--p 00012000 00:23 24948680                   /usr/lib64/libnvidia-egl-xcb.so.1.0.5
7f2924be2000-7f2924be3000 rw-p 00013000 00:23 24948680                   /usr/lib64/libnvidia-egl-xcb.so.1.0.5
7f2924be3000-7f2924be6000 r-xp 00000000 00:23 24948703                   /usr/lib64/libnvidia-egl-gbm.so.1.1.3
7f2924be6000-7f2924be8000 r--p 00003000 00:23 24948703                   /usr/lib64/libnvidia-egl-gbm.so.1.1.3
7f2924be8000-7f2924be9000 r--p 00005000 00:23 24948703                   /usr/lib64/libnvidia-egl-gbm.so.1.1.3
7f2924be9000-7f2924bea000 rw-p 00000000 00:00 0 
7f2924bea000-7f2924bf4000 r-xp 00000000 00:23 40410867                   /usr/lib64/libwayland-server.so.0.25.0
7f2924bf4000-7f2924bfc000 r--p 0000a000 00:23 40410867                   /usr/lib64/libwayland-server.so.0.25.0
7f2924bfc000-7f2924bfe000 r--p 00012000 00:23 40410867                   /usr/lib64/libwayland-server.so.0.25.0
7f2924bfe000-7f2924bff000 rw-p 00014000 00:23 40410867                   /usr/lib64/libwayland-server.so.0.25.0
7f2924bff000-7f2924c0a000 r-xp 00000000 00:23 24948692                   /usr/lib64/libnvidia-egl-wayland.so.1.1.21
7f2924c0a000-7f2924c10000 r--p 0000b000 00:23 24948692                   /usr/lib64/libnvidia-egl-wayland.so.1.1.21
7f2924c10000-7f2924c12000 r--p 00010000 00:23 24948692                   /usr/lib64/libnvidia-egl-wayland.so.1.1.21
7f2924c12000-7f2924c13000 rw-p 00012000 00:23 24948692                   /usr/lib64/libnvidia-egl-wayland.so.1.1.21
7f2924c13000-7f2924c34000 r-xp 00000000 00:23 42482897                   /usr/lib64/libexpat.so.1.12.3
7f2924c34000-7f2924c3e000 r--p 00021000 00:23 42482897                   /usr/lib64/libexpat.so.1.12.3
7f2924c3e000-7f2924c40000 r--p 0002b000 00:23 42482897                   /usr/lib64/libexpat.so.1.12.3
7f2924c40000-7f2924c41000 rw-p 00000000 00:00 0 
7f2924c41000-7f2924c43000 r-xp 00000000 00:23 42344643                   /usr/lib64/libgbm.so.1.0.0
7f2924c43000-7f2924c45000 r--p 00002000 00:23 42344643                   /usr/lib64/libgbm.so.1.0.0
7f2924c45000-7f2924c46000 r--p 00003000 00:23 42344643                   /usr/lib64/libgbm.so.1.0.0
7f2924c46000-7f2924c47000 rw-p 00004000 00:23 42344643                   /usr/lib64/libgbm.so.1.0.0
7f2924c47000-7f2924c53000 r-xp 00000000 00:23 39381860                   /usr/lib64/libdrm.so.2.134.0
7f2924c53000-7f2924c5b000 r--p 0000c000 00:23 39381860                   /usr/lib64/libdrm.so.2.134.0
7f2924c5b000-7f2924c5c000 r--p 00014000 00:23 39381860                   /usr/lib64/libdrm.so.2.134.0
7f2924c5c000-7f2924c5d000 rw-p 00000000 00:00 0 
7f2924c5d000-7f2924c6d000 r--p 00000000 00:23 40425743                   /usr/lib64/libnvidia-glsi.so.580.173.02
7f2924c6d000-7f2924ccd000 r-xp 00010000 00:23 40425743                   /usr/lib64/libnvidia-glsi.so.580.173.02
7f2924ccd000-7f2924cea000 r--p 00070000 00:23 40425743                   /usr/lib64/libnvidia-glsi.so.580.173.02
7f2924cea000-7f2924cf0000 r--p 0008c000 00:23 40425743                   /usr/lib64/libnvidia-glsi.so.580.173.02
7f2924cf0000-7f2924cf1000 rw-p 00092000 00:23 40425743                   /usr/lib64/libnvidia-glsi.so.580.173.02
7f2924cf1000-7f2924cf9000 rw-p 00000000 00:00 0 
7f2924cf9000-7f2924d2d000 r--p 00000000 00:23 40425727                   /usr/lib64/libEGL_nvidia.so.580.173.02
7f2924d2d000-7f2924dc4000 r-xp 00034000 00:23 40425727                   /usr/lib64/libEGL_nvidia.so.580.173.02
7f2924dc4000-7f2924e18000 r--p 000cb000 00:23 40425727                   /usr/lib64/libEGL_nvidia.so.580.173.02
7f2924e18000-7f2924e19000 ---p 0011f000 00:23 40425727                   /usr/lib64/libEGL_nvidia.so.580.173.02
7f2924e19000-7f2924e21000 r--p 0011f000 00:23 40425727                   /usr/lib64/libEGL_nvidia.so.580.173.02
7f2924e21000-7f2924e37000 rw-p 00127000 00:23 40425727                   /usr/lib64/libEGL_nvidia.so.580.173.02
7f2924e37000-7f2924e3c000 rw-p 00000000 00:00 0 
7f2924e3c000-7f2924e7b000 r-xp 00000000 00:23 24174608                   /usr/lib64/libGLdispatch.so.0.0.0
7f2924e7b000-7f2924e8f000 r--p 0003f000 00:23 24174608                   /usr/lib64/libGLdispatch.so.0.0.0
7f2924e8f000-7f2924eab000 r--p 00053000 00:23 24174608                   /usr/lib64/libGLdispatch.so.0.0.0
7f2924eab000-7f2924eac000 rw-p 0006f000 00:23 24174608                   /usr/lib64/libGLdispatch.so.0.0.0
7f2924eac000-7f2924eb4000 rw-p 00000000 00:00 0 
7f2924eb4000-7f2924fa4000 rw-s 00000000 00:01 23500                      /memfd:wayland-cursor (deleted)
7f2924fa4000-7f2925074000 rw-s 00000000 00:01 23499                      /memfd:wayland-cursor (deleted)
7f2925074000-7f29251b8000 r-xp 00000000 00:23 41781050                   /usr/lib64/libsqlite3.so.3.51.2
7f29251b8000-7f29251f7000 r--p 00144000 00:23 41781050                   /usr/lib64/libsqlite3.so.3.51.2
7f29251f7000-7f29251fb000 r--p 00182000 00:23 41781050                   /usr/lib64/libsqlite3.so.3.51.2
7f29251fb000-7f29251ff000 rw-p 00186000 00:23 41781050                   /usr/lib64/libsqlite3.so.3.51.2
7f29251ff000-7f2925200000 rw-p 00000000 00:00 0 
7f2925200000-7f2925550000 r-xp 00000000 00:23 40496391                   /usr/lib64/libglycin-2.so.0
7f2925550000-7f292560b000 r--p 00350000 00:23 40496391                   /usr/lib64/libglycin-2.so.0
7f292560b000-7f2925624000 r--p 0040a000 00:23 40496391                   /usr/lib64/libglycin-2.so.0
7f2925624000-7f2925627000 rw-p 00423000 00:23 40496391                   /usr/lib64/libglycin-2.so.0
7f2925627000-7f2925628000 r-xp 00000000 00:23 24130341                   /usr/lib64/libX11-xcb.so.1.0.0
7f2925628000-7f2925629000 r--p 00001000 00:23 24130341                   /usr/lib64/libX11-xcb.so.1.0.0
7f2925629000-7f292562a000 r--p 00001000 00:23 24130341                   /usr/lib64/libX11-xcb.so.1.0.0
7f292562a000-7f292562b000 rw-p 00000000 00:00 0 
7f292562b000-7f292562c000 rw-s 00000000 00:07 1383                       /dev/nvidiactl
7f292562c000-7f292563f000 rw-s 00000000 00:07 1383                       /dev/nvidiactl
7f292563f000-7f2925640000 rw-s 00000000 00:07 1387                       /dev/nvidia1
7f2925640000-7f2925642000 rw-s 00000000 00:07 1383                       /dev/nvidiactl
7f2925642000-7f2925646000 rw-s 00000000 00:07 1383                       /dev/nvidiactl
7f2925646000-7f2925647000 rw-s 00000000 00:07 1387                       /dev/nvidia1
7f2925647000-7f2925648000 rw-s 00000000 00:07 1387                       /dev/nvidia1
7f2925648000-7f2925649000 rw-s 00000000 00:07 1387                       /dev/nvidia1
7f2925649000-7f2925658000 r-xp 00000000 00:23 40882361                   /usr/lib64/libseccomp.so.2.6.1
7f2925658000-7f2925673000 r--p 0000f000 00:23 40882361                   /usr/lib64/libseccomp.so.2.6.1
7f2925673000-7f2925674000 r--p 00029000 00:23 40882361                   /usr/lib64/libseccomp.so.2.6.1
7f2925674000-7f2925675000 rw-p 0002a000 00:23 40882361                   /usr/lib64/libseccomp.so.2.6.1
7f2925675000-7f29256bd000 r-xp 00000000 00:23 24128047                   /usr/lib64/liblcms2.so.2.0.16
7f29256bd000-7f29256d9000 r--p 00048000 00:23 24128047                   /usr/lib64/liblcms2.so.2.0.16
7f29256d9000-7f29256dc000 r--p 00063000 00:23 24128047                   /usr/lib64/liblcms2.so.2.0.16
7f29256dc000-7f29256df000 rw-p 00066000 00:23 24128047                   /usr/lib64/liblcms2.so.2.0.16
7f29256df000-7f29256e0000 rw-p 00000000 00:00 0 
7f29256e0000-7f29256f9000 r-xp 00000000 00:23 24172081                   /usr/lib64/libjson-glib-1.0.so.0.1000.8
7f29256f9000-7f292570a000 r--p 00019000 00:23 24172081                   /usr/lib64/libjson-glib-1.0.so.0.1000.8
7f292570a000-7f292570b000 r--p 0002a000 00:23 24172081                   /usr/lib64/libjson-glib-1.0.so.0.1000.8
7f292570b000-7f292570c000 rw-p 00000000 00:00 0 
7f292570c000-7f292572a000 r-xp 00000000 00:23 41390016                   /usr/lib64/libatspi.so.0.0.1
7f292572a000-7f2925745000 r--p 0001e000 00:23 41390016                   /usr/lib64/libatspi.so.0.0.1
7f2925745000-7f2925749000 r--p 00039000 00:23 41390016                   /usr/lib64/libatspi.so.0.0.1
7f2925749000-7f292574a000 rw-p 0003d000 00:23 41390016                   /usr/lib64/libatspi.so.0.0.1
7f292574a000-7f292574b000 r-xp 00000000 00:23 24131094                   /usr/lib64/libXinerama.so.1.0.0
7f292574b000-7f292574c000 r--p 00001000 00:23 24131094                   /usr/lib64/libXinerama.so.1.0.0
7f292574c000-7f292574d000 r--p 00001000 00:23 24131094                   /usr/lib64/libXinerama.so.1.0.0
7f292574d000-7f292574e000 rw-p 00002000 00:23 24131094                   /usr/lib64/libXinerama.so.1.0.0
7f292574e000-7f2925756000 r-xp 00000000 00:23 24131081                   /usr/lib64/libXrandr.so.2.2.0
7f2925756000-7f2925759000 r--p 00008000 00:23 24131081                   /usr/lib64/libXrandr.so.2.2.0
7f2925759000-7f292575a000 r--p 0000b000 00:23 24131081                   /usr/lib64/libXrandr.so.2.2.0
7f292575a000-7f292575b000 rw-p 0000c000 00:23 24131081                   /usr/lib64/libXrandr.so.2.2.0
7f292575b000-7f2925762000 r-xp 00000000 00:23 24131086                   /usr/lib64/libXcursor.so.1.0.2
7f2925762000-7f2925766000 r--p 00007000 00:23 24131086                   /usr/lib64/libXcursor.so.1.0.2
7f2925766000-7f2925767000 r--p 0000b000 00:23 24131086                   /usr/lib64/libXcursor.so.1.0.2
7f2925767000-7f2925768000 rw-p 00000000 00:00 0 
7f2925768000-7f29257ee000 r-xp 00000000 00:23 24179359                   /usr/lib64/libtinysparql-3.0.so.0.1101.0
7f29257ee000-7f2925835000 r--p 00086000 00:23 24179359                   /usr/lib64/libtinysparql-3.0.so.0.1101.0
7f2925835000-7f2925844000 r--p 000cc000 00:23 24179359                   /usr/lib64/libtinysparql-3.0.so.0.1101.0
7f2925844000-7f2925845000 rw-p 000db000 00:23 24179359                   /usr/lib64/libtinysparql-3.0.so.0.1101.0
7f2925845000-7f2925851000 r-xp 00000000 00:23 24184266                   /usr/lib64/libcloudproviders.so.0.4.0
7f2925851000-7f292585c000 r--p 0000c000 00:23 24184266                   /usr/lib64/libcloudproviders.so.0.4.0
7f292585c000-7f292585d000 r--p 00017000 00:23 24184266                   /usr/lib64/libcloudproviders.so.0.4.0
7f292585d000-7f292585e000 rw-p 00018000 00:23 24184266                   /usr/lib64/libcloudproviders.so.0.4.0
7f292585e000-7f292587a000 r-xp 00000000 00:23 41414386                   /usr/lib64/libatk-bridge-2.0.so.0.0.0
7f292587a000-7f2925898000 r--p 0001c000 00:23 41414386                   /usr/lib64/libatk-bridge-2.0.so.0.0.0
7f2925898000-7f292589a000 r--p 00039000 00:23 41414386                   /usr/lib64/libatk-bridge-2.0.so.0.0.0
7f292589a000-7f292589c000 rw-p 0003b000 00:23 41414386                   /usr/lib64/libatk-bridge-2.0.so.0.0.0
7f292589c000-7f292590a000 r-xp 00000000 00:23 24128305                   /usr/lib64/libepoxy.so.0.0.0
7f292590a000-7f292599a000 r--p 0006e000 00:23 24128305                   /usr/lib64/libepoxy.so.0.0.0
7f292599a000-7f29259a2000 r--p 000fe000 00:23 24128305                   /usr/lib64/libepoxy.so.0.0.0
7f29259a2000-7f29259a9000 rw-p 00106000 00:23 24128305                   /usr/lib64/libepoxy.so.0.0.0
7f29259a9000-7f29259ba000 r-xp 00000000 00:23 41390136                   /usr/lib64/libatk-1.0.so.0.26015.1
7f29259ba000-7f29259cc000 r--p 00011000 00:23 41390136                   /usr/lib64/libatk-1.0.so.0.26015.1
7f29259cc000-7f29259cf000 r--p 00022000 00:23 41390136                   /usr/lib64/libatk-1.0.so.0.26015.1
7f29259cf000-7f29259d0000 rw-p 00025000 00:23 41390136                   /usr/lib64/libatk-1.0.so.0.26015.1
7f29259d0000-7f29259ed000 r-xp 00000000 00:23 24221980                   /usr/lib64/libgdk_pixbuf-2.0.so.0.4400.4
7f29259ed000-7f29259fd000 r--p 0001d000 00:23 24221980                   /usr/lib64/libgdk_pixbuf-2.0.so.0.4400.4
7f29259fd000-7f29259ff000 r--p 0002c000 00:23 24221980                   /usr/lib64/libgdk_pixbuf-2.0.so.0.4400.4
7f29259ff000-7f2925a00000 rw-p 0002e000 00:23 24221980                   /usr/lib64/libgdk_pixbuf-2.0.so.0.4400.4
7f2925a00000-7f2925dd8000 r-xp 00000000 00:23 40997171                   /usr/lib64/libgtk-3.so.0.2420.32
7f2925dd8000-7f2926127000 r--p 003d8000 00:23 40997171                   /usr/lib64/libgtk-3.so.0.2420.32
7f2926127000-7f292613a000 r--p 00726000 00:23 40997171                   /usr/lib64/libgtk-3.so.0.2420.32
7f292613a000-7f292613c000 rw-p 00739000 00:23 40997171                   /usr/lib64/libgtk-3.so.0.2420.32
7f292613c000-7f2926141000 rw-p 00000000 00:00 0 
7f2926141000-7f2926143000 r--p 00000000 00:01 5274                       /memfd:kwin-dmabuf-feedback-table (deleted)
7f2926143000-7f2926144000 r-xp 00000000 00:23 24131216                   /usr/lib64/libXcomposite.so.1.0.0
7f2926144000-7f2926145000 r--p 00001000 00:23 24131216                   /usr/lib64/libXcomposite.so.1.0.0
7f2926145000-7f2926146000 r--p 00001000 00:23 24131216                   /usr/lib64/libXcomposite.so.1.0.0
7f2926146000-7f2926147000 rw-p 00000000 00:00 0 
7f2926147000-7f292614b000 r-xp 00000000 00:23 24131056                   /usr/lib64/libXfixes.so.3.1.0
7f292614b000-7f292614d000 r--p 00004000 00:23 24131056                   /usr/lib64/libXfixes.so.3.1.0
7f292614d000-7f292614e000 r--p 00006000 00:23 24131056                   /usr/lib64/libXfixes.so.3.1.0
7f292614e000-7f292614f000 rw-p 00007000 00:23 24131056                   /usr/lib64/libXfixes.so.3.1.0
7f292614f000-7f292615c000 r-xp 00000000 00:23 38922608                   /usr/lib64/libXi.so.6.1.0
7f292615c000-7f2926160000 r--p 0000d000 00:23 38922608                   /usr/lib64/libXi.so.6.1.0
7f2926160000-7f2926161000 r--p 00011000 00:23 38922608                   /usr/lib64/libXi.so.6.1.0
7f2926161000-7f2926162000 rw-p 00012000 00:23 38922608                   /usr/lib64/libXi.so.6.1.0
7f2926162000-7f29261f3000 r-xp 00000000 00:23 40997169                   /usr/lib64/libgdk-3.so.0.2420.32
7f29261f3000-7f2926257000 r--p 00091000 00:23 40997169                   /usr/lib64/libgdk-3.so.0.2420.32
7f2926257000-7f2926261000 r--p 000f5000 00:23 40997169                   /usr/lib64/libgdk-3.so.0.2420.32
7f2926261000-7f2926263000 rw-p 000ff000 00:23 40997169                   /usr/lib64/libgdk-3.so.0.2420.32
7f2926263000-7f2926264000 rw-s 00000000 00:07 1383                       /dev/nvidiactl
7f2926264000-7f2926271000 r-xp 00000000 00:23 24346793                   /usr/lib64/libnvidia-egl-wayland2.so.1.0.1
7f2926271000-7f2926277000 r--p 0000d000 00:23 24346793                   /usr/lib64/libnvidia-egl-wayland2.so.1.0.1
7f2926277000-7f2926279000 r--p 00012000 00:23 24346793                   /usr/lib64/libnvidia-egl-wayland2.so.1.0.1
7f2926279000-7f292627a000 rw-p 00014000 00:23 24346793                   /usr/lib64/libnvidia-egl-wayland2.so.1.0.1
7f292627a000-7f2926281000 r--s 00000000 00:23 41505201                   /usr/lib64/gconv/gconv-modules.cache
7f2926281000-7f2926282000 r-xp 00000000 00:23 24130741                   /usr/lib64/libbrotlicommon.so.1.2.0
7f2926282000-7f29262a2000 r--p 00001000 00:23 24130741                   /usr/lib64/libbrotlicommon.so.1.2.0
7f29262a2000-7f29262a3000 r--p 00020000 00:23 24130741                   /usr/lib64/libbrotlicommon.so.1.2.0
7f29262a3000-7f29262a4000 rw-p 00000000 00:00 0 
7f29262a4000-7f29262cc000 r-xp 00000000 00:23 40041650                   /usr/lib64/libblkid.so.1.1.0
7f29262cc000-7f29262da000 r--p 00028000 00:23 40041650                   /usr/lib64/libblkid.so.1.1.0
7f29262da000-7f29262e0000 r--p 00036000 00:23 40041650                   /usr/lib64/libblkid.so.1.1.0
7f29262e0000-7f29262e1000 rw-p 0003c000 00:23 40041650                   /usr/lib64/libblkid.so.1.1.0
7f29262e1000-7f2926306000 r-xp 00000000 00:23 24128010                   /usr/lib64/liblzma.so.5.8.2
7f2926306000-7f2926315000 r--p 00025000 00:23 24128010                   /usr/lib64/liblzma.so.5.8.2
7f2926315000-7f2926316000 r--p 00033000 00:23 24128010                   /usr/lib64/liblzma.so.5.8.2
7f2926316000-7f2926317000 rw-p 00034000 00:23 24128010                   /usr/lib64/liblzma.so.5.8.2
7f2926317000-7f292633b000 r-xp 00000000 00:23 42115649                   /usr/lib64/libgcc_s-16-20260819.so.1
7f292633b000-7f2926342000 r--p 00024000 00:23 42115649                   /usr/lib64/libgcc_s-16-20260819.so.1
7f2926342000-7f2926343000 r--p 0002b000 00:23 42115649                   /usr/lib64/libgcc_s-16-20260819.so.1
7f2926343000-7f2926344000 rw-p 00000000 00:00 0 
7f2926344000-7f2926346000 r-xp 00000000 00:23 24130960                   /usr/lib64/libXau.so.6.0.0
7f2926346000-7f2926347000 r--p 00002000 00:23 24130960                   /usr/lib64/libXau.so.6.0.0
7f2926347000-7f2926348000 r--p 00003000 00:23 24130960                   /usr/lib64/libXau.so.6.0.0
7f2926348000-7f2926349000 rw-p 00000000 00:00 0 
7f2926349000-7f2926352000 r-xp 00000000 00:23 24130743                   /usr/lib64/libbrotlidec.so.1.2.0
7f2926352000-7f2926356000 r--p 00009000 00:23 24130743                   /usr/lib64/libbrotlidec.so.1.2.0
7f2926356000-7f2926357000 r--p 0000c000 00:23 24130743                   /usr/lib64/libbrotlidec.so.1.2.0
7f2926357000-7f2926358000 rw-p 00000000 00:00 0 
7f2926358000-7f2926367000 r-xp 00000000 00:23 24128036                   /usr/lib64/libbz2.so.1.0.8
7f2926367000-7f292636a000 r--p 0000f000 00:23 24128036                   /usr/lib64/libbz2.so.1.0.8
7f292636a000-7f292636b000 r--p 00011000 00:23 24128036                   /usr/lib64/libbz2.so.1.0.8
7f292636b000-7f292636c000 rw-p 00012000 00:23 24128036                   /usr/lib64/libbz2.so.1.0.8
7f292636c000-7f2926371000 r-xp 00000000 00:23 24221935                   /usr/lib64/libdatrie.so.1.4.1
7f2926371000-7f2926373000 r--p 00005000 00:23 24221935                   /usr/lib64/libdatrie.so.1.4.1
7f2926373000-7f2926374000 r--p 00007000 00:23 24221935                   /usr/lib64/libdatrie.so.1.4.1
7f2926374000-7f2926375000 rw-p 00000000 00:00 0 
7f2926375000-7f2926397000 r-xp 00000000 00:23 41362775                   /usr/lib64/libselinux.so.1
7f2926397000-7f29263a5000 r--p 00022000 00:23 41362775                   /usr/lib64/libselinux.so.1
7f29263a5000-7f29263a6000 r--p 00030000 00:23 41362775                   /usr/lib64/libselinux.so.1
7f29263a6000-7f29263a7000 rw-p 00031000 00:23 41362775                   /usr/lib64/libselinux.so.1
7f29263a7000-7f29263a9000 rw-p 00000000 00:00 0 
7f29263a9000-7f29263e7000 r-xp 00000000 00:23 40041655                   /usr/lib64/libmount.so.1.1.0
7f29263e7000-7f2926400000 r--p 0003e000 00:23 40041655                   /usr/lib64/libmount.so.1.1.0
7f2926400000-7f2926402000 r--p 00057000 00:23 40041655                   /usr/lib64/libmount.so.1.1.0
7f2926402000-7f2926403000 rw-p 00059000 00:23 40041655                   /usr/lib64/libmount.so.1.1.0
7f2926403000-7f29264ff000 r-xp 00000000 00:23 24128019                   /usr/lib64/libxml2.so.2.12.10
7f29264ff000-7f2926565000 r--p 000fc000 00:23 24128019                   /usr/lib64/libxml2.so.2.12.10
7f2926565000-7f2926570000 r--p 00161000 00:23 24128019                   /usr/lib64/libxml2.so.2.12.10
7f2926570000-7f2926571000 rw-p 0016c000 00:23 24128019                   /usr/lib64/libxml2.so.2.12.10
7f2926571000-7f2926572000 rw-p 00000000 00:00 0 
7f2926572000-7f292658a000 r-xp 00000000 00:23 24177806                   /usr/lib64/libgraphite2.so.3.2.1
7f292658a000-7f292658f000 r--p 00018000 00:23 24177806                   /usr/lib64/libgraphite2.so.3.2.1
7f292658f000-7f2926591000 r--p 0001c000 00:23 24177806                   /usr/lib64/libgraphite2.so.3.2.1
7f2926591000-7f2926592000 rw-p 00000000 00:00 0 
7f2926592000-7f2926613000 r-xp 00000000 00:23 24128431                   /usr/lib64/libpcre2-8.so.0.15.0
7f2926613000-7f2926641000 r--p 00081000 00:23 24128431                   /usr/lib64/libpcre2-8.so.0.15.0
7f2926641000-7f2926642000 r--p 000ae000 00:23 24128431                   /usr/lib64/libpcre2-8.so.0.15.0
7f2926642000-7f2926643000 rw-p 000af000 00:23 24128431                   /usr/lib64/libpcre2-8.so.0.15.0
7f2926643000-7f2926713000 r-xp 00000000 00:23 41038654                   /usr/lib64/libsystemd.so.0.42.0
7f2926713000-7f2926771000 r--p 000d0000 00:23 41038654                   /usr/lib64/libsystemd.so.0.42.0
7f2926771000-7f292677a000 r--p 0012d000 00:23 41038654                   /usr/lib64/libsystemd.so.0.42.0
7f292677a000-7f292677b000 rw-p 00136000 00:23 41038654                   /usr/lib64/libsystemd.so.0.42.0
7f292677b000-7f292677c000 rw-p 00000000 00:00 0 
7f292677c000-7f292680f000 r-xp 00000000 00:23 24128426                   /usr/lib64/libpixman-1.so.0.46.2
7f292680f000-7f2926824000 r--p 00093000 00:23 24128426                   /usr/lib64/libpixman-1.so.0.46.2
7f2926824000-7f292682c000 r--p 000a8000 00:23 24128426                   /usr/lib64/libpixman-1.so.0.46.2
7f292682c000-7f292682d000 rw-p 000b0000 00:23 24128426                   /usr/lib64/libpixman-1.so.0.46.2
7f292682d000-7f2926833000 r-xp 00000000 00:23 24131012                   /usr/lib64/libxcb-render.so.0.0.0
7f2926833000-7f292683a000 r--p 00006000 00:23 24131012                   /usr/lib64/libxcb-render.so.0.0.0
7f292683a000-7f292683b000 r--p 0000d000 00:23 24131012                   /usr/lib64/libxcb-render.so.0.0.0
7f292683b000-7f292683c000 rw-p 0000e000 00:23 24131012                   /usr/lib64/libxcb-render.so.0.0.0
7f292683c000-7f2926850000 r-xp 00000000 00:23 24131042                   /usr/lib64/libxcb.so.1.1.0
7f2926850000-7f2926864000 r--p 00014000 00:23 24131042                   /usr/lib64/libxcb.so.1.1.0
7f2926864000-7f2926865000 r--p 00028000 00:23 24131042                   /usr/lib64/libxcb.so.1.1.0
7f2926865000-7f2926866000 rw-p 00029000 00:23 24131042                   /usr/lib64/libxcb.so.1.1.0
7f2926866000-7f292686e000 r-xp 00000000 00:23 24131076                   /usr/lib64/libXrender.so.1.3.0
7f292686e000-7f2926871000 r--p 00008000 00:23 24131076                   /usr/lib64/libXrender.so.1.3.0
7f2926871000-7f2926872000 r--p 0000a000 00:23 24131076                   /usr/lib64/libXrender.so.1.3.0
7f2926872000-7f2926873000 rw-p 0000b000 00:23 24131076                   /usr/lib64/libXrender.so.1.3.0
7f2926873000-7f292687f000 r-xp 00000000 00:23 24131051                   /usr/lib64/libXext.so.6.4.0
7f292687f000-7f2926885000 r--p 0000c000 00:23 24131051                   /usr/lib64/libXext.so.6.4.0
7f2926885000-7f2926886000 r--p 00011000 00:23 24131051                   /usr/lib64/libXext.so.6.4.0
7f2926886000-7f2926887000 rw-p 00012000 00:23 24131051                   /usr/lib64/libXext.so.6.4.0
7f2926887000-7f292692d000 r-xp 00000000 00:23 24131047                   /usr/lib64/libX11.so.6.4.0
7f292692d000-7f29269d6000 r--p 000a6000 00:23 24131047                   /usr/lib64/libX11.so.6.4.0
7f29269d6000-7f29269d9000 r--p 0014e000 00:23 24131047                   /usr/lib64/libX11.so.6.4.0
7f29269d9000-7f29269dd000 rw-p 00151000 00:23 24131047                   /usr/lib64/libX11.so.6.4.0
7f29269dd000-7f2926a7f000 r-xp 00000000 00:23 24177814                   /usr/lib64/libfreetype.so.6.20.6
7f2926a7f000-7f2926ab0000 r--p 000a2000 00:23 24177814                   /usr/lib64/libfreetype.so.6.20.6
7f2926ab0000-7f2926ab8000 r--p 000d2000 00:23 24177814                   /usr/lib64/libfreetype.so.6.20.6
7f2926ab8000-7f2926ab9000 rw-p 00000000 00:00 0 
7f2926ab9000-7f2926ae5000 r-xp 00000000 00:23 39111003                   /usr/lib64/libpng16.so.16.58.0
7f2926ae5000-7f2926af4000 r--p 0002c000 00:23 39111003                   /usr/lib64/libpng16.so.16.58.0
7f2926af4000-7f2926af5000 r--p 0003a000 00:23 39111003                   /usr/lib64/libpng16.so.16.58.0
7f2926af5000-7f2926af6000 rw-p 00000000 00:00 0 
7f2926af6000-7f2926b13000 r-xp 00000000 00:23 24127946                   /usr/lib64/libz.so.1.3.1.zlib-ng
7f2926b13000-7f2926b1e000 r--p 0001d000 00:23 24127946                   /usr/lib64/libz.so.1.3.1.zlib-ng
7f2926b1e000-7f2926b1f000 r--p 00027000 00:23 24127946                   /usr/lib64/libz.so.1.3.1.zlib-ng
7f2926b1f000-7f2926b20000 rw-p 00028000 00:23 24127946                   /usr/lib64/libz.so.1.3.1.zlib-ng
7f2926b20000-7f2926b26000 r-xp 00000000 00:23 24130722                   /usr/lib64/libfribidi.so.0.4.0
7f2926b26000-7f2926b3e000 r--p 00006000 00:23 24130722                   /usr/lib64/libfribidi.so.0.4.0
7f2926b3e000-7f2926b3f000 r--p 0001d000 00:23 24130722                   /usr/lib64/libfribidi.so.0.4.0
7f2926b3f000-7f2926b40000 rw-p 0001e000 00:23 24130722                   /usr/lib64/libfribidi.so.0.4.0
7f2926b40000-7f2926c67000 r-xp 00000000 00:23 41389621                   /usr/lib64/libgio-2.0.so.0.8800.3
7f2926c67000-7f2926d14000 r--p 00127000 00:23 41389621                   /usr/lib64/libgio-2.0.so.0.8800.3
7f2926d14000-7f2926d1d000 r--p 001d3000 00:23 41389621                   /usr/lib64/libgio-2.0.so.0.8800.3
7f2926d1d000-7f2926d1e000 rw-p 001dc000 00:23 41389621                   /usr/lib64/libgio-2.0.so.0.8800.3
7f2926d1e000-7f2926d20000 rw-p 00000000 00:00 0 
7f2926d20000-7f2926d53000 r-xp 00000000 00:23 24177857                   /usr/lib64/libfontconfig.so.1.16.0
7f2926d53000-7f2926d70000 r--p 00033000 00:23 24177857                   /usr/lib64/libfontconfig.so.1.16.0
7f2926d70000-7f2926d72000 r--p 00050000 00:23 24177857                   /usr/lib64/libfontconfig.so.1.16.0
7f2926d72000-7f2926d73000 rw-p 00052000 00:23 24177857                   /usr/lib64/libfontconfig.so.1.16.0
7f2926d73000-7f2926e6c000 r-xp 00000000 00:23 24177829                   /usr/lib64/libharfbuzz.so.0.61410.0
7f2926e6c000-7f2926eac000 r--p 000f9000 00:23 24177829                   /usr/lib64/libharfbuzz.so.0.61410.0
7f2926eac000-7f2926eae000 r--p 00138000 00:23 24177829                   /usr/lib64/libharfbuzz.so.0.61410.0
7f2926eae000-7f2926eaf000 rw-p 0013a000 00:23 24177829                   /usr/lib64/libharfbuzz.so.0.61410.0
7f2926eaf000-7f2926f5c000 r-xp 00000000 00:23 41389625                   /usr/lib64/libglib-2.0.so.0.8800.3
7f2926f5c000-7f292700e000 r--p 000ad000 00:23 41389625                   /usr/lib64/libglib-2.0.so.0.8800.3
7f292700e000-7f292700f000 r--p 0015f000 00:23 41389625                   /usr/lib64/libglib-2.0.so.0.8800.3
7f292700f000-7f2927010000 rw-p 00160000 00:23 41389625                   /usr/lib64/libglib-2.0.so.0.8800.3
7f2927010000-7f2927011000 rw-p 00000000 00:00 0 
7f2927011000-7f2927020000 r-xp 00000000 00:23 24221967                   /usr/lib64/libpangoft2-1.0.so.0.5701.0
7f2927020000-7f292702b000 r--p 0000f000 00:23 24221967                   /usr/lib64/libpangoft2-1.0.so.0.5701.0
7f292702b000-7f292702c000 r--p 0001a000 00:23 24221967                   /usr/lib64/libpangoft2-1.0.so.0.5701.0
7f292702c000-7f292702d000 rw-p 00000000 00:00 0 
7f292702d000-7f2927063000 r-xp 00000000 00:23 24127966                   /usr/lib64/libdbus-1.so.3.38.3
7f2927063000-7f2927082000 r--p 00036000 00:23 24127966                   /usr/lib64/libdbus-1.so.3.38.3
7f2927082000-7f2927084000 r--p 00054000 00:23 24127966                   /usr/lib64/libdbus-1.so.3.38.3
7f2927084000-7f2927085000 rw-p 00056000 00:23 24127966                   /usr/lib64/libdbus-1.so.3.38.3
7f2927085000-7f2927182000 r-xp 00000000 00:23 24178048                   /usr/lib64/libcairo.so.2.11804.4
7f2927182000-7f29271c8000 r--p 000fd000 00:23 24178048                   /usr/lib64/libcairo.so.2.11804.4
7f29271c8000-7f29271cc000 r--p 00143000 00:23 24178048                   /usr/lib64/libcairo.so.2.11804.4
7f29271cc000-7f29271ce000 rw-p 00147000 00:23 24178048                   /usr/lib64/libcairo.so.2.11804.4
7f29271ce000-7f29271cf000 rw-p 00000000 00:00 0 
7f29271cf000-7f2927208000 r-xp 00000000 00:23 41389629                   /usr/lib64/libgobject-2.0.so.0.8800.3
7f2927208000-7f292722c000 r--p 00039000 00:23 41389629                   /usr/lib64/libgobject-2.0.so.0.8800.3
7f292722c000-7f292722f000 r--p 0005d000 00:23 41389629                   /usr/lib64/libgobject-2.0.so.0.8800.3
7f292722f000-7f2927230000 rw-p 00060000 00:23 41389629                   /usr/lib64/libgobject-2.0.so.0.8800.3
7f2927230000-7f2927272000 r-xp 00000000 00:23 24221963                   /usr/lib64/libpango-1.0.so.0.5701.0
7f2927272000-7f292729a000 r--p 00042000 00:23 24221963                   /usr/lib64/libpango-1.0.so.0.5701.0
7f292729a000-7f292729e000 r--p 00069000 00:23 24221963                   /usr/lib64/libpango-1.0.so.0.5701.0
7f292729e000-7f292729f000 rw-p 0006d000 00:23 24221963                   /usr/lib64/libpango-1.0.so.0.5701.0
7f292729f000-7f29272cf000 r-xp 00000000 00:23 24128119                   /usr/lib64/libxkbcommon.so.0.13.1
7f29272cf000-7f29272fb000 r--p 00030000 00:23 24128119                   /usr/lib64/libxkbcommon.so.0.13.1
7f29272fb000-7f29272fd000 r--p 0005b000 00:23 24128119                   /usr/lib64/libxkbcommon.so.0.13.1
7f29272fd000-7f29272fe000 rw-p 0005d000 00:23 24128119                   /usr/lib64/libxkbcommon.so.0.13.1
7f29272fe000-7f2927302000 ---p 00000000 00:00 0 
7f2927302000-7f29273fe000 rw-p 00000000 00:00 0 
7f29273fe000-7f2927402000 ---p 00000000 00:00 0 
7f2927402000-7f29274fe000 rw-p 00000000 00:00 0 
7f29274fe000-7f2927502000 ---p 00000000 00:00 0 
7f2927502000-7f29275fe000 rw-p 00000000 00:00 0 
7f29275fe000-7f2927602000 ---p 00000000 00:00 0 
7f2927602000-7f29276fe000 rw-p 00000000 00:00 0 
7f29276fe000-7f2927702000 ---p 00000000 00:00 0 
7f2927702000-7f29277fe000 rw-p 00000000 00:00 0 
7f29277fe000-7f2927802000 ---p 00000000 00:00 0 
7f2927802000-7f29278fe000 rw-p 00000000 00:00 0 
7f29278fe000-7f2927902000 ---p 00000000 00:00 0 
7f2927902000-7f29279fe000 rw-p 00000000 00:00 0 
7f29279fe000-7f2927a02000 ---p 00000000 00:00 0 
7f2927a02000-7f2927afe000 rw-p 00000000 00:00 0 
7f2927afe000-7f2927b02000 ---p 00000000 00:00 0 
7f2927b02000-7f2927bfe000 rw-p 00000000 00:00 0 
7f2927bfe000-7f2927c02000 ---p 00000000 00:00 0 
7f2927c02000-7f2927cfe000 rw-p 00000000 00:00 0 
7f2927cfe000-7f2927d02000 ---p 00000000 00:00 0 
7f2927d02000-7f2927dfe000 rw-p 00000000 00:00 0 
7f2927dfe000-7f2927e02000 ---p 00000000 00:00 0 
7f2927e02000-7f2928000000 rw-p 00000000 00:00 0 
7f2928000000-7f2928021000 rw-p 00000000 00:00 0 
7f2928021000-7f292c000000 ---p 00000000 00:00 0 
7f292c000000-7f292c021000 rw-p 00000000 00:00 0 
7f292c021000-7f2930000000 ---p 00000000 00:00 0 
7f2930000000-7f2930021000 rw-p 00000000 00:00 0 
7f2930021000-7f2934000000 ---p 00000000 00:00 0 
7f2934000000-7f2934021000 rw-p 00000000 00:00 0 
7f2934021000-7f2938000000 ---p 00000000 00:00 0 
7f2938000000-7f2938021000 rw-p 00000000 00:00 0 
7f2938021000-7f293c000000 ---p 00000000 00:00 0 
7f293c000000-7f293c021000 rw-p 00000000 00:00 0 
7f293c021000-7f2940000000 ---p 00000000 00:00 0 
7f2940000000-7f2940021000 rw-p 00000000 00:00 0 
7f2940021000-7f2944000000 ---p 00000000 00:00 0 
7f2944000000-7f2944002000 r-xp 00000000 00:23 41389627                   /usr/lib64/libgmodule-2.0.so.0.8800.3
7f2944002000-7f2944004000 r--p 00002000 00:23 41389627                   /usr/lib64/libgmodule-2.0.so.0.8800.3
7f2944004000-7f2944005000 r--p 00003000 00:23 41389627                   /usr/lib64/libgmodule-2.0.so.0.8800.3
7f2944005000-7f2944006000 rw-p 00004000 00:23 41389627                   /usr/lib64/libgmodule-2.0.so.0.8800.3
7f2944006000-7f2944010000 r-xp 00000000 00:23 24221965                   /usr/lib64/libpangocairo-1.0.so.0.5701.0
7f2944010000-7f2944017000 r--p 0000a000 00:23 24221965                   /usr/lib64/libpangocairo-1.0.so.0.5701.0
7f2944017000-7f2944018000 r--p 00010000 00:23 24221965                   /usr/lib64/libpangocairo-1.0.so.0.5701.0
7f2944018000-7f2944019000 rw-p 00011000 00:23 24221965                   /usr/lib64/libpangocairo-1.0.so.0.5701.0
7f2944019000-7f294401a000 r-xp 00000000 00:23 24131209                   /usr/lib64/libXdamage.so.1.1.0
7f294401a000-7f294401b000 r--p 00001000 00:23 24131209                   /usr/lib64/libXdamage.so.1.1.0
7f294401b000-7f294401c000 r--p 00001000 00:23 24131209                   /usr/lib64/libXdamage.so.1.1.0
7f294401c000-7f294401d000 rw-p 00000000 00:00 0 
7f294401d000-7f294401f000 r-xp 00000000 00:23 24178059                   /usr/lib64/libcairo-gobject.so.2.11804.4
7f294401f000-7f2944023000 r--p 00002000 00:23 24178059                   /usr/lib64/libcairo-gobject.so.2.11804.4
7f2944023000-7f2944025000 r--p 00005000 00:23 24178059                   /usr/lib64/libcairo-gobject.so.2.11804.4
7f2944025000-7f2944026000 rw-p 00000000 00:00 0 
7f2944026000-7f2944030000 r-xp 00000000 00:23 24300027                   /usr/lib64/libEGL.so.1.1.0
7f2944030000-7f2944035000 r--p 0000a000 00:23 24300027                   /usr/lib64/libEGL.so.1.1.0
7f2944035000-7f2944036000 r--p 0000f000 00:23 24300027                   /usr/lib64/libEGL.so.1.1.0
7f2944036000-7f2944037000 rw-p 00010000 00:23 24300027                   /usr/lib64/libEGL.so.1.1.0
7f2944037000-7f2944042000 r-xp 00000000 00:23 24130287                   /usr/lib64/libffi.so.8.2.0
7f2944042000-7f2944045000 r--p 0000b000 00:23 24130287                   /usr/lib64/libffi.so.8.2.0
7f2944045000-7f2944046000 r--p 0000e000 00:23 24130287                   /usr/lib64/libffi.so.8.2.0
7f2944046000-7f2944047000 rw-p 0000f000 00:23 24130287                   /usr/lib64/libffi.so.8.2.0
7f2944047000-7f294404f000 r-xp 00000000 00:23 40367672                   /usr/lib64/libwayland-client.so.0.25.0
7f294404f000-7f2944054000 r--p 00008000 00:23 40367672                   /usr/lib64/libwayland-client.so.0.25.0
7f2944054000-7f2944056000 r--p 0000d000 00:23 40367672                   /usr/lib64/libwayland-client.so.0.25.0
7f2944056000-7f2944057000 rw-p 0000f000 00:23 40367672                   /usr/lib64/libwayland-client.so.0.25.0
7f2944057000-7f294407c000 r-xp 00000000 00:2a 7370                       /tmp/lwjgl_seal/3.4.0-snapshot/x64/libglfw.so
7f294407c000-7f29440cb000 r--p 00025000 00:2a 7370                       /tmp/lwjgl_seal/3.4.0-snapshot/x64/libglfw.so
7f29440cb000-7f29440cf000 r--p 00074000 00:2a 7370                       /tmp/lwjgl_seal/3.4.0-snapshot/x64/libglfw.so
7f29440cf000-7f29440d2000 rw-p 00078000 00:2a 7370                       /tmp/lwjgl_seal/3.4.0-snapshot/x64/libglfw.so
7f29440d2000-7f29440f5000 rw-p 00000000 00:00 0 
7f29440f5000-7f29440f9000 ---p 00000000 00:00 0 
7f29440f9000-7f29444f9000 rw-p 00000000 00:00 0 
7f29444f9000-7f2946c00000 rw-p 00000000 00:00 0 
7f2946c00000-7f2946c01000 rw-s 00000000 00:07 1383                       /dev/nvidiactl
7f2946c01000-7f2946c02000 r-xp 00000000 00:23 24131020                   /usr/lib64/libxcb-shm.so.0.0.0
7f2946c02000-7f2946c03000 r--p 00001000 00:23 24131020                   /usr/lib64/libxcb-shm.so.0.0.0
7f2946c03000-7f2946c04000 r--p 00002000 00:23 24131020                   /usr/lib64/libxcb-shm.so.0.0.0
7f2946c04000-7f2946c05000 rw-p 00003000 00:23 24131020                   /usr/lib64/libxcb-shm.so.0.0.0
7f2946c05000-7f2946c0a000 r-xp 00000000 00:23 24221939                   /usr/lib64/libthai.so.0.3.2
7f2946c0a000-7f2946c0f000 r--p 00005000 00:23 24221939                   /usr/lib64/libthai.so.0.3.2
7f2946c0f000-7f2946c10000 r--p 00009000 00:23 24221939                   /usr/lib64/libthai.so.0.3.2
7f2946c10000-7f2946c11000 rw-p 0000a000 00:23 24221939                   /usr/lib64/libthai.so.0.3.2
7f2946c11000-7f2946c18000 r-xp 00000000 00:23 24294615                   /usr/lib64/libdecor/plugins-1/libdecor-cairo.so
7f2946c18000-7f2946c1d000 r--p 00007000 00:23 24294615                   /usr/lib64/libdecor/plugins-1/libdecor-cairo.so
7f2946c1d000-7f2946c20000 r--p 0000b000 00:23 24294615                   /usr/lib64/libdecor/plugins-1/libdecor-cairo.so
7f2946c20000-7f2946c21000 rw-p 0000e000 00:23 24294615                   /usr/lib64/libdecor/plugins-1/libdecor-cairo.so
7f2946c21000-7f2946c56000 r-xp 00000000 00:2a 7369                       /tmp/lwjgl_seal/3.4.0-snapshot/x64/liblwjgl.so
7f2946c56000-7f2946c9e000 r--p 00035000 00:2a 7369                       /tmp/lwjgl_seal/3.4.0-snapshot/x64/liblwjgl.so
7f2946c9e000-7f2946c9f000 r--p 0007c000 00:2a 7369                       /tmp/lwjgl_seal/3.4.0-snapshot/x64/liblwjgl.so
7f2946c9f000-7f2946ca0000 rw-p 0007d000 00:2a 7369                       /tmp/lwjgl_seal/3.4.0-snapshot/x64/liblwjgl.so
7f2946ca0000-7f2948c20000 rw-p 00000000 00:00 0 
7f2948c20000-7f2964be0000 ---p 00000000 00:00 0 
7f2964be0000-7f2965010000 rw-p 00000000 00:00 0 
7f2965010000-7f2968808000 ---p 00000000 00:00 0 
7f2968808000-7f2968c00000 rw-p 00000000 00:00 0 
7f2968c00000-7f296c3f8000 ---p 00000000 00:00 0 
7f296c3f8000-7f296c400000 rw-p 00000000 00:00 0 
7f296c400000-7f296c670000 rwxp 00000000 00:00 0 
7f296c670000-7f297385f000 ---p 00000000 00:00 0 
7f297385f000-7f2973c1f000 rwxp 00000000 00:00 0 
7f2973c1f000-7f2973f9f000 ---p 00000000 00:00 0 
7f2973f9f000-7f297420f000 rwxp 00000000 00:00 0 
7f297420f000-7f297b400000 ---p 00000000 00:00 0 
7f297b400000-7f2983f14000 r--s 00000000 00:23 3691029                    /home/seal/.sdkman/candidates/java/25-tem/lib/modules
7f2983f14000-7f2983f16000 r--p 00000000 00:01 5274                       /memfd:kwin-dmabuf-feedback-table (deleted)
7f2983f16000-7f2983f1a000 r-xp 00000000 00:23 24294614                   /usr/lib64/libdecor-0.so.0.200.5
7f2983f1a000-7f2983f1d000 r--p 00004000 00:23 24294614                   /usr/lib64/libdecor-0.so.0.200.5
7f2983f1d000-7f2983f1e000 r--p 00007000 00:23 24294614                   /usr/lib64/libdecor-0.so.0.200.5
7f2983f1e000-7f2983f1f000 rw-p 00008000 00:23 24294614                   /usr/lib64/libdecor-0.so.0.200.5
7f2983f1f000-7f2983f21000 r--p 00000000 00:23 3690972                    /home/seal/.sdkman/candidates/java/25-tem/lib/libzip.so
7f2983f21000-7f2983f33000 r-xp 00002000 00:23 3690972                    /home/seal/.sdkman/candidates/java/25-tem/lib/libzip.so
7f2983f33000-7f2983f3b000 r--p 00014000 00:23 3690972                    /home/seal/.sdkman/candidates/java/25-tem/lib/libzip.so
7f2983f3b000-7f2983f3c000 r--p 0001b000 00:23 3690972                    /home/seal/.sdkman/candidates/java/25-tem/lib/libzip.so
7f2983f3c000-7f2983f3d000 rw-p 0001c000 00:23 3690972                    /home/seal/.sdkman/candidates/java/25-tem/lib/libzip.so
7f2983f3d000-7f2983f3e000 r--p 00000000 00:23 3691005                    /home/seal/.sdkman/candidates/java/25-tem/lib/libsimdsort.so
7f2983f3e000-7f2983f77000 r-xp 00001000 00:23 3691005                    /home/seal/.sdkman/candidates/java/25-tem/lib/libsimdsort.so
7f2983f77000-7f2983f7d000 r--p 0003a000 00:23 3691005                    /home/seal/.sdkman/candidates/java/25-tem/lib/libsimdsort.so
7f2983f7d000-7f2983f7e000 r--p 0003f000 00:23 3691005                    /home/seal/.sdkman/candidates/java/25-tem/lib/libsimdsort.so
7f2983f7e000-7f2983f7f000 rw-p 00040000 00:23 3691005                    /home/seal/.sdkman/candidates/java/25-tem/lib/libsimdsort.so
7f2983f7f000-7f2984aba000 rw-p 00000000 00:00 0 
7f2984aba000-7f2988000000 ---p 00000000 00:00 0 
7f2988000000-7f2988003000 r-xp 00000000 00:23 40449098                   /usr/lib64/libwayland-cursor.so.0.25.0
7f2988003000-7f2988005000 r--p 00003000 00:23 40449098                   /usr/lib64/libwayland-cursor.so.0.25.0
7f2988005000-7f2988006000 r--p 00004000 00:23 40449098                   /usr/lib64/libwayland-cursor.so.0.25.0
7f2988006000-7f298800a000 rw-p 00005000 00:23 40449098                   /usr/lib64/libwayland-cursor.so.0.25.0
7f298800a000-7f298800e000 r--p 00000000 00:23 3690967                    /home/seal/.sdkman/candidates/java/25-tem/lib/libverify.so
7f298800e000-7f2988017000 r-xp 00004000 00:23 3690967                    /home/seal/.sdkman/candidates/java/25-tem/lib/libverify.so
7f2988017000-7f2988019000 r--p 0000d000 00:23 3690967                    /home/seal/.sdkman/candidates/java/25-tem/lib/libverify.so
7f2988019000-7f298801b000 r--p 0000e000 00:23 3690967                    /home/seal/.sdkman/candidates/java/25-tem/lib/libverify.so
7f298801b000-7f298801c000 rw-p 00010000 00:23 3690967                    /home/seal/.sdkman/candidates/java/25-tem/lib/libverify.so
7f298801c000-7f29888c0000 rw-p 00000000 00:00 0 
7f29888c0000-7f2988bc3000 rw-p 00000000 00:00 0 
7f2988bc3000-7f2989d33000 rw-p 00000000 00:00 0 
7f2989d33000-7f2989e17000 ---p 00000000 00:00 0 
7f2989e17000-7f2989e1c000 rw-p 00000000 00:00 0 
7f2989e1c000-7f2989f00000 ---p 00000000 00:00 0 
7f2989f00000-7f2989f04000 ---p 00000000 00:00 0 
7f2989f04000-7f298a000000 rw-p 00000000 00:00 0 
7f298a000000-7f298a2e2000 r--p 00000000 00:23 3690991                    /home/seal/.sdkman/candidates/java/25-tem/lib/server/libjvm.so
7f298a2e2000-7f298b2e2000 r-xp 002e2000 00:23 3690991                    /home/seal/.sdkman/candidates/java/25-tem/lib/server/libjvm.so
7f298b2e2000-7f298b5f2000 r--p 012e2000 00:23 3690991                    /home/seal/.sdkman/candidates/java/25-tem/lib/server/libjvm.so
7f298b5f2000-7f298b6dd000 r--p 015f2000 00:23 3690991                    /home/seal/.sdkman/candidates/java/25-tem/lib/server/libjvm.so
7f298b6dd000-7f298b708000 rw-p 016dd000 00:23 3690991                    /home/seal/.sdkman/candidates/java/25-tem/lib/server/libjvm.so
7f298b708000-7f298b784000 rw-p 00000000 00:00 0 
7f298b784000-7f298b785000 r--s 00000000 00:07 1383                       /dev/nvidiactl
7f298b785000-7f298b786000 r-xp 00000000 00:23 40451084                   /usr/lib64/libwayland-egl.so.1.25.0
7f298b786000-7f298b787000 r--p 00001000 00:23 40451084                   /usr/lib64/libwayland-egl.so.1.25.0
7f298b787000-7f298b788000 r--p 00001000 00:23 40451084                   /usr/lib64/libwayland-egl.so.1.25.0
7f298b788000-7f298b789000 rw-p 00000000 00:00 0 
7f298b789000-7f298b78c000 r--p 00000000 00:23 3690988                    /home/seal/.sdkman/candidates/java/25-tem/lib/libnet.so
7f298b78c000-7f298b794000 r-xp 00003000 00:23 3690988                    /home/seal/.sdkman/candidates/java/25-tem/lib/libnet.so
7f298b794000-7f298b796000 r--p 0000b000 00:23 3690988                    /home/seal/.sdkman/candidates/java/25-tem/lib/libnet.so
7f298b796000-7f298b797000 r--p 0000c000 00:23 3690988                    /home/seal/.sdkman/candidates/java/25-tem/lib/libnet.so
7f298b797000-7f298b798000 rw-p 0000d000 00:23 3690988                    /home/seal/.sdkman/candidates/java/25-tem/lib/libnet.so
7f298b798000-7f298b7a0000 r--p 00000000 00:23 3691028                    /home/seal/.sdkman/candidates/java/25-tem/lib/libnio.so
7f298b7a0000-7f298b7a9000 r-xp 00008000 00:23 3691028                    /home/seal/.sdkman/candidates/java/25-tem/lib/libnio.so
7f298b7a9000-7f298b7ad000 r--p 00011000 00:23 3691028                    /home/seal/.sdkman/candidates/java/25-tem/lib/libnio.so
7f298b7ad000-7f298b7ae000 r--p 00015000 00:23 3691028                    /home/seal/.sdkman/candidates/java/25-tem/lib/libnio.so
7f298b7ae000-7f298b7af000 rw-p 00016000 00:23 3691028                    /home/seal/.sdkman/candidates/java/25-tem/lib/libnio.so
7f298b7af000-7f298b7bd000 r--p 00000000 00:23 3690980                    /home/seal/.sdkman/candidates/java/25-tem/lib/libjava.so
7f298b7bd000-7f298b7cb000 r-xp 0000e000 00:23 3690980                    /home/seal/.sdkman/candidates/java/25-tem/lib/libjava.so
7f298b7cb000-7f298b7d0000 r--p 0001c000 00:23 3690980                    /home/seal/.sdkman/candidates/java/25-tem/lib/libjava.so
7f298b7d0000-7f298b7d1000 r--p 00021000 00:23 3690980                    /home/seal/.sdkman/candidates/java/25-tem/lib/libjava.so
7f298b7d1000-7f298b7d2000 rw-p 00022000 00:23 3690980                    /home/seal/.sdkman/candidates/java/25-tem/lib/libjava.so
7f298b7d2000-7f298b7d3000 rw-p 00000000 00:00 0 
7f298b7d3000-7f298b7d7000 r--p 00000000 00:23 3690983                    /home/seal/.sdkman/candidates/java/25-tem/lib/libjimage.so
7f298b7d7000-7f298b7ef000 r-xp 00004000 00:23 3690983                    /home/seal/.sdkman/candidates/java/25-tem/lib/libjimage.so
7f298b7ef000-7f298b7f5000 r--p 0001c000 00:23 3690983                    /home/seal/.sdkman/candidates/java/25-tem/lib/libjimage.so
7f298b7f5000-7f298b7f7000 r--p 00021000 00:23 3690983                    /home/seal/.sdkman/candidates/java/25-tem/lib/libjimage.so
7f298b7f7000-7f298b7f8000 rw-p 00023000 00:23 3690983                    /home/seal/.sdkman/candidates/java/25-tem/lib/libjimage.so
7f298b7f8000-7f298b887000 r-xp 00000000 00:23 41466285                   /usr/lib64/libm.so.6
7f298b887000-7f298b90d000 r--p 0008f000 00:23 41466285                   /usr/lib64/libm.so.6
7f298b90d000-7f298b90e000 r--p 00114000 00:23 41466285                   /usr/lib64/libm.so.6
7f298b90e000-7f298b90f000 rw-p 00115000 00:23 41466285                   /usr/lib64/libm.so.6
7f298b90f000-7f298b910000 r-xp 00000000 00:23 41466293                   /usr/lib64/librt.so.1
7f298b910000-7f298b911000 r--p 00001000 00:23 41466293                   /usr/lib64/librt.so.1
7f298b911000-7f298b912000 r--p 00001000 00:23 41466293                   /usr/lib64/librt.so.1
7f298b912000-7f298b915000 rw-p 00000000 00:00 0 
7f298b915000-7f298b916000 r-xp 00000000 00:23 41466291                   /usr/lib64/libpthread.so.0
7f298b916000-7f298b917000 r--p 00001000 00:23 41466291                   /usr/lib64/libpthread.so.0
7f298b917000-7f298b918000 r--p 00001000 00:23 41466291                   /usr/lib64/libpthread.so.0
7f298b918000-7f298b919000 rw-p 00000000 00:00 0 
7f298b919000-7f298b91a000 r-xp 00000000 00:23 41466284                   /usr/lib64/libdl.so.2
7f298b91a000-7f298b91b000 r--p 00001000 00:23 41466284                   /usr/lib64/libdl.so.2
7f298b91b000-7f298b91c000 r--p 00001000 00:23 41466284                   /usr/lib64/libdl.so.2
7f298b91c000-7f298b91d000 rw-p 00000000 00:00 0 
7f298b91d000-7f298ba8f000 r-xp 00000000 00:23 41466283                   /usr/lib64/libc.so.6
7f298ba8f000-7f298bb08000 r--p 00172000 00:23 41466283                   /usr/lib64/libc.so.6
7f298bb08000-7f298bb0c000 r--p 001eb000 00:23 41466283                   /usr/lib64/libc.so.6
7f298bb0c000-7f298bb0e000 rw-p 001ef000 00:23 41466283                   /usr/lib64/libc.so.6
7f298bb0e000-7f298bb16000 rw-p 00000000 00:00 0 
7f298bb16000-7f298bb17000 r--s 00000000 00:07 1383                       /dev/nvidiactl
7f298bb17000-7f298bb18000 rw-p 00000000 00:00 0 
7f298bb18000-7f298bb19000 r-xp 00033000 00:2a 7369                       /tmp/lwjgl_seal/3.4.0-snapshot/x64/liblwjgl.so
7f298bb19000-7f298bb22000 rw-p 00000000 00:00 0 
7f298bb22000-7f298bb29000 ---p 00000000 00:00 0 
7f298bb29000-7f298bb31000 rw-s 00000000 00:2a 7741                       /tmp/hsperfdata_seal/33533
7f298bb31000-7f298bb32000 ---p 00000000 00:00 0 
7f298bb32000-7f298bb33000 r--p 00000000 00:00 0 
7f298bb33000-7f298bb34000 ---p 00000000 00:00 0 
7f298bb34000-7f298bb37000 r--p 00000000 00:23 3690997                    /home/seal/.sdkman/candidates/java/25-tem/lib/libjli.so
7f298bb37000-7f298bb48000 r-xp 00003000 00:23 3690997                    /home/seal/.sdkman/candidates/java/25-tem/lib/libjli.so
7f298bb48000-7f298bb4f000 r--p 00014000 00:23 3690997                    /home/seal/.sdkman/candidates/java/25-tem/lib/libjli.so
7f298bb4f000-7f298bb50000 r--p 0001a000 00:23 3690997                    /home/seal/.sdkman/candidates/java/25-tem/lib/libjli.so
7f298bb50000-7f298bb51000 rw-p 0001b000 00:23 3690997                    /home/seal/.sdkman/candidates/java/25-tem/lib/libjli.so
7f298bb51000-7f298bb53000 rw-p 00000000 00:00 0 
7f298bb53000-7f298bb57000 r--p 00000000 00:00 0                          [vvar]
7f298bb57000-7f298bb59000 r--p 00000000 00:00 0                          [vvar_vclock]
7f298bb59000-7f298bb5b000 r-xp 00000000 00:00 0                          [vdso]
7f298bb5b000-7f298bb86000 r-xp 00000000 00:23 41466280                   /usr/lib64/ld-linux-x86-64.so.2
7f298bb86000-7f298bb92000 r--p 0002b000 00:23 41466280                   /usr/lib64/ld-linux-x86-64.so.2
7f298bb92000-7f298bb94000 r--p 00037000 00:23 41466280                   /usr/lib64/ld-linux-x86-64.so.2
7f298bb94000-7f298bb95000 rw-p 00039000 00:23 41466280                   /usr/lib64/ld-linux-x86-64.so.2
7f298bb95000-7f298bb96000 rw-p 00000000 00:00 0 
7ffdaa3ca000-7ffdaa3ec000 rw-p 00000000 00:00 0                          [stack]
ffffffffff600000-ffffffffff601000 --xp 00000000 00:00 0                  [vsyscall]
Total number of mappings: 727

JVMTI agents: none


VM Arguments:
jvm_args: -Dorg.lwjgl.glfw.libname=glfw 
java_command: build/libs/NanoCraft-snap.jar
java_class_path (initial): build/libs/NanoCraft-snap.jar
Launcher Type: SUN_STANDARD

[Global flags]
     intx CICompilerCount                          = 12                                        {product} {ergonomic}
     uint ConcGCThreads                            = 4                                         {product} {ergonomic}
     uint G1ConcRefinementThreads                  = 15                                        {product} {ergonomic}
   size_t G1HeapRegionSize                         = 16777216                                  {product} {ergonomic}
   size_t InitialHeapSize                          = 2113929216                                {product} {ergonomic}
   size_t MarkStackSize                            = 4194304                                   {product} {ergonomic}
   size_t MarkStackSizeMax                         = 536870912                                 {product} {ergonomic}
   size_t MaxHeapSize                              = 32178700288                               {product} {ergonomic}
   size_t MaxNewSize                               = 19293798400                               {product} {ergonomic}
   size_t MinHeapDeltaBytes                        = 16777216                                  {product} {ergonomic}
   size_t MinHeapSize                              = 16777216                                  {product} {ergonomic}
    uintx NonNMethodCodeHeapSize                   = 7602176                                {pd product} {ergonomic}
    uintx NonProfiledCodeHeapSize                  = 122032128                              {pd product} {ergonomic}
    uintx ProfiledCodeHeapSize                     = 122023936                              {pd product} {ergonomic}
    uintx ReservedCodeCacheSize                    = 251658240                              {pd product} {ergonomic}
     bool SegmentedCodeCache                       = true                                      {product} {ergonomic}
   size_t SoftMaxHeapSize                          = 32178700288                            {manageable} {ergonomic}
     bool UseCompressedOops                        = true                           {product lp64_product} {ergonomic}
     bool UseG1GC                                  = true                                      {product} {ergonomic}

Logging:
Log output configuration:
 #0: stdout all=warning uptime,level,tags foldmultilines=false
 #1: stderr all=off uptime,level,tags foldmultilines=false

Release file:
IMPLEMENTOR="Eclipse Adoptium"
IMPLEMENTOR_VERSION="Temurin-25+36"
JAVA_RUNTIME_VERSION="25+36-LTS"
JAVA_VERSION="25"
JAVA_VERSION_DATE="2025-09-16"
LIBC="gnu"
MODULES="java.base java.compiler java.datatransfer java.xml java.prefs java.desktop java.instrument java.logging java.management java.security.sasl java.naming java.rmi java.management.rmi java.net.http java.scripting java.security.jgss java.transaction.xa java.sql java.sql.rowset java.xml.crypto java.se java.smartcardio jdk.accessibility jdk.internal.jvmstat jdk.attach jdk.charsets jdk.internal.opt jdk.zipfs jdk.compiler jdk.crypto.cryptoki jdk.crypto.ec jdk.dynalink jdk.internal.ed jdk.editpad jdk.internal.vm.ci jdk.graal.compiler jdk.graal.compiler.management jdk.hotspot.agent jdk.httpserver jdk.incubator.vector jdk.internal.le jdk.internal.md jdk.jartool jdk.javadoc jdk.jcmd jdk.management jdk.management.agent jdk.jconsole jdk.jdeps jdk.jdwp.agent jdk.jdi jdk.jfr jdk.jlink jdk.jpackage jdk.jshell jdk.jsobject jdk.jstatd jdk.localedata jdk.management.jfr jdk.naming.dns jdk.naming.rmi jdk.net jdk.nio.mapmode jdk.sctp jdk.security.auth jdk.security.jgss jdk.unsupported jdk.unsupported.desktop jdk.xml.dom"
OS_ARCH="x86_64"
OS_NAME="Linux"
SOURCE=".:git:ef82ae723551"
BUILD_SOURCE="git:b7337f50fb2a765519e79674ae790c2a7450149e"
BUILD_SOURCE_REPO="https://github.com/adoptium/temurin-build.git"
SOURCE_REPO="https://github.com/adoptium/jdk.git"
FULL_VERSION="25+36-LTS"
SEMANTIC_VERSION="25+36"
BUILD_INFO="OS: Linux Version: 6.8.0-1031-azure"
JVM_VARIANT="Hotspot"
JVM_VERSION="25+36-LTS"
IMAGE_TYPE="JDK"

Environment Variables:
JAVA_HOME=/home/seal/.sdkman/candidates/java/current
PATH=/home/seal/.sdkman/candidates/java/current/bin:/home/seal/.local/bin:/home/seal/bin:/usr/local/bin:/usr/bin:/usr/local/sbin:/usr/sbin
SHELL=/bin/bash
DISPLAY=:0
LANG=en_US.UTF-8
LC_NUMERIC=C
LC_TIME=C
TERM=xterm-256color

Active Locale:
LC_ALL=LC_CTYPE=en_US.UTF-8;LC_NUMERIC=C;LC_TIME=C;LC_COLLATE=en_US.UTF-8;LC_MONETARY=en_US.UTF-8;LC_MESSAGES=en_US.UTF-8;LC_PAPER=en_US.UTF-8;LC_NAME=en_US.UTF-8;LC_ADDRESS=en_US.UTF-8;LC_TELEPHONE=en_US.UTF-8;LC_MEASUREMENT=C;LC_IDENTIFICATION=en_US.UTF-8
LC_COLLATE=en_US.UTF-8
LC_CTYPE=en_US.UTF-8
LC_MESSAGES=en_US.UTF-8
LC_MONETARY=en_US.UTF-8
LC_NUMERIC=C
LC_TIME=C

Signal Handlers:
   SIGSEGV: crash_handler in libjvm.so, mask=11100100010111111101111111111110, flags=SA_RESTART|SA_SIGINFO, unblocked
    SIGBUS: crash_handler in libjvm.so, mask=11100100010111111101111111111110, flags=SA_RESTART|SA_SIGINFO, unblocked
    SIGFPE: crash_handler in libjvm.so, mask=11100100010111111101111111111110, flags=SA_RESTART|SA_SIGINFO, unblocked
   SIGPIPE: javaSignalHandler in libjvm.so, mask=11100100010111111101111111111110, flags=SA_RESTART|SA_SIGINFO, blocked
   SIGXFSZ: javaSignalHandler in libjvm.so, mask=11100100010111111101111111111110, flags=SA_RESTART|SA_SIGINFO, blocked
    SIGILL: crash_handler in libjvm.so, mask=11100100010111111101111111111110, flags=SA_RESTART|SA_SIGINFO, unblocked
   SIGUSR2: SR_handler in libjvm.so, mask=00000000000000000000000000000000, flags=SA_RESTART|SA_SIGINFO, blocked
    SIGHUP: UserHandler in libjvm.so, mask=11100100010111111101111111111110, flags=SA_RESTART|SA_SIGINFO, blocked
    SIGINT: UserHandler in libjvm.so, mask=11100100010111111101111111111110, flags=SA_RESTART|SA_SIGINFO, blocked
   SIGTERM: UserHandler in libjvm.so, mask=11100100010111111101111111111110, flags=SA_RESTART|SA_SIGINFO, blocked
   SIGQUIT: UserHandler in libjvm.so, mask=11100100010111111101111111111110, flags=SA_RESTART|SA_SIGINFO, blocked
   SIGTRAP: crash_handler in libjvm.so, mask=11100100010111111101111111111110, flags=SA_RESTART|SA_SIGINFO, unblocked


Compilation memory statistics disabled.

Periodic native trim disabled

---------------  S Y S T E M  ---------------

OS:
Fedora release 44 (Forty Four)
uname: Linux 7.1.12-200.fc44.x86_64 #1 SMP PREEMPT_DYNAMIC Fri Aug 28 14:00:18 UTC 2026 x86_64
OS uptime: 0 days 9:54 hours
libc: glibc 2.43 NPTL 2.43 
rlimit (soft/hard): STACK 8192k/infinity , CORE infinity/infinity , NPROC 513653/513653 , NOFILE 524288/524288 , AS infinity/infinity , CPU infinity/infinity , DATA infinity/infinity , FSIZE infinity/infinity , MEMLOCK 8192k/8192k
load average: 0.99 1.11 1.00

/proc/meminfo:
MemTotal:       131553804 kB
MemFree:        25349816 kB
MemAvailable:   44044080 kB
Buffers:            4120 kB
Cached:         69296912 kB
SwapCached:            0 kB
Active:         89982984 kB
Inactive:       12335604 kB
Active(anon):   83590452 kB
Inactive(anon):        0 kB
Active(file):    6392532 kB
Inactive(file): 12335604 kB
Unevictable:          48 kB
Mlocked:              48 kB
SwapTotal:       8388604 kB
SwapFree:        8388604 kB
Zswap:                 0 kB
Zswapped:              0 kB
Dirty:             16584 kB
Writeback:             0 kB
AnonPages:      33018700 kB
Mapped:         53478940 kB
Shmem:          51077120 kB
KReclaimable:    1219720 kB
Slab:            1744500 kB
SReclaimable:    1219720 kB
SUnreclaim:       524780 kB
KernelStack:       42944 kB
PageTables:       247108 kB
SecPageTables:      7412 kB
NFS_Unstable:          0 kB
Bounce:                0 kB
WritebackTmp:          0 kB
CommitLimit:    74165504 kB
Committed_AS:   132796912 kB
VmallocTotal:   34359738367 kB
VmallocUsed:      313920 kB
VmallocChunk:          0 kB
Percpu:            18080 kB
HardwareCorrupted:     0 kB
AnonHugePages:   3233792 kB
ShmemHugePages:        0 kB
ShmemPmdMapped:        0 kB
FileHugePages:     20480 kB
FilePmdMapped:     12288 kB
CmaTotal:              0 kB
CmaFree:               0 kB
Unaccepted:            0 kB
Balloon:               0 kB
GPUActive:             0 kB
GPUReclaim:            0 kB
HugePages_Total:       0
HugePages_Free:        0
HugePages_Rsvd:        0
HugePages_Surp:        0
Hugepagesize:       2048 kB
Hugetlb:               0 kB
DirectMap4k:     3652720 kB
DirectMap2M:    64165888 kB
DirectMap1G:    66060288 kB

/sys/kernel/mm/transparent_hugepage/enabled: always [madvise] never
/sys/kernel/mm/transparent_hugepage/hpage_pmd_size: 2097152
/sys/kernel/mm/transparent_hugepage/shmem_enabled: always within_size advise [never] deny force
/sys/kernel/mm/transparent_hugepage/defrag (defrag/compaction efforts parameter): always defer defer+madvise [madvise] never

Process Memory:
Virtual Size: 35859632K (peak: 35859632K)
Resident Set Size: 175868K (peak: 175868K) (anon: 71088K, file: 102916K, shmem: 1864K)
Swapped out: 0K
C-Heap outstanding allocations: 190741K, retained: 5354K
glibc malloc tunables: (default)

/proc/sys/kernel/threads-max (system-wide limit on the number of threads): 1027307
/proc/sys/vm/max_map_count (maximum number of memory map areas a process may have): 1048576
/proc/sys/vm/swappiness (control to define how aggressively the kernel swaps out anonymous memory): 10
/proc/sys/kernel/pid_max (system-wide limit on number of process identifiers): 4194304

container information not found.
Steal ticks since vm start: 0
Steal ticks percentage since vm start:  0.000

CPU: total 20 (initial active 20) (10 cores per cpu, 2 threads per core) family 6 model 85 stepping 4 microcode 0x2007006, cx8, cmov, fxsr, ht, mmx, 3dnowpref, sse, sse2, sse3, ssse3, sse4.1, sse4.2, popcnt, lzcnt, tsc, tscinvbit, avx, avx2, aes, erms, clmul, bmi1, bmi2, rtm, adx, fma, vzeroupper, clflush, clflushopt, clwb, rdtscp, f16c
CPU Model and flags from /proc/cpuinfo:
model name	: Intel(R) Core(TM) i9-9820X CPU @ 3.30GHz
flags		: fpu vme de pse tsc msr pae mce cx8 apic sep mtrr pge mca cmov pat pse36 clflush dts acpi mmx fxsr sse sse2 ss ht tm pbe syscall nx pdpe1gb rdtscp lm constant_tsc art arch_perfmon pebs bts rep_good nopl xtopology nonstop_tsc cpuid aperfmperf pni pclmulqdq dtes64 monitor ds_cpl vmx est tm2 ssse3 sdbg fma cx16 xtpr pdcm pcid dca sse4_1 sse4_2 x2apic movbe popcnt tsc_deadline_timer aes xsave avx f16c rdrand lahf_lm abm 3dnowprefetch cpuid_fault epb cat_l3 cdp_l3 pti ssbd mba ibrs ibpb stibp tpr_shadow flexpriority ept vpid ept_ad fsgsbase tsc_adjust bmi1 hle avx2 smep bmi2 erms invpcid rtm cqm mpx rdt_a avx512f avx512dq rdseed adx smap clflushopt clwb intel_pt avx512cd avx512bw avx512vl xsaveopt xsavec xgetbv1 xsaves cqm_llc cqm_occup_llc cqm_mbm_total cqm_mbm_local dtherm ida arat pln pts hwp hwp_act_window hwp_epp hwp_pkg_req vnmi md_clear flush_l1d arch_capabilities

Online cpus: 0-19
Offline cpus: 
BIOS frequency limitation: <Not Available>
Frequency switch latency (ns): 0
Available cpu frequencies: <Not Available>
Current governor: performance
Core performance/turbo boost: <Not Available>

Memory: 4k page, physical 131553804k(44044080k free), swap 8388604k(8388604k free)
Page Sizes: 4k

vm_info: OpenJDK 64-Bit Server VM (25+36-LTS) for linux-amd64 JRE (25+36-LTS), built on 2025-09-16T00:00:00Z with gcc 14.2.0

END.
